gender,SeniorCitizen,Partner,Dependents,tenure,PhoneService,Contract,PaperlessBilling,MonthlyCharges,TotalCharges,TenureGroup,AvgMonthlySpend,ChargeIncreaseFlag,TotalServices,MultipleLines_No phone service,MultipleLines_Yes,InternetService_Fiber optic,InternetService_No,OnlineSecurity_No internet service,OnlineSecurity_Yes,OnlineBackup_No internet service,OnlineBackup_Yes,DeviceProtection_No internet service,DeviceProtection_Yes,TechSupport_No internet service,TechSupport_Yes,StreamingTV_No internet service,StreamingTV_Yes,StreamingMovies_No internet service,StreamingMovies_Yes,PaymentMethod_Credit card (automatic),PaymentMethod_Electronic check,PaymentMethod_Mailed check,ActualChurn,PredictedChurn,ChurnProbability,RiskTier
1,0,1,1,72,1,2.0,1,114.05,8468.2,3.0,117.6138888888889,0,9,0.0,1.0,1.0,0.0,0.0,1.0,0.0,1.0,0.0,1.0,0.0,1.0,0.0,1.0,0.0,1.0,1.0,0.0,0.0,0,0,0.026,Low
0,1,0,0,8,1,0.0,1,100.15,908.55,0.0,113.56875,0,6,0.0,1.0,1.0,0.0,0.0,0.0,0.0,0.0,0.0,0.0,0.0,1.0,0.0,1.0,0.0,1.0,1.0,0.0,0.0,0,1,0.828,High
0,0,1,1,41,1,1.0,1,78.35,3211.2,2.0,78.32195121951219,1,7,0.0,1.0,0.0,0.0,0.0,1.0,0.0,1.0,0.0,1.0,0.0,0.0,0.0,1.0,0.0,0.0,1.0,0.0,0.0,0,0,0.129,Low
1,0,1,0,18,1,0.0,0,78.2,1468.75,1.0,81.59722222222223,0,4,0.0,0.0,1.0,0.0,0.0,0.0,0.0,0.0,0.0,1.0,0.0,1.0,0.0,0.0,0.0,0.0,0.0,1.0,0.0,0,1,0.529,Medium
0,0,1,0,72,1,2.0,1,82.65,5919.35,3.0,82.21319444444445,1,8,0.0,1.0,0.0,0.0,0.0,1.0,0.0,1.0,0.0,1.0,0.0,0.0,0.0,1.0,0.0,1.0,1.0,0.0,0.0,0,0,0.034,Low
0,0,0,0,21,1,0.0,1,99.85,1992.55,1.0,94.88333333333333,1,6,0.0,1.0,1.0,0.0,0.0,0.0,0.0,1.0,0.0,0.0,0.0,0.0,0.0,1.0,0.0,1.0,1.0,0.0,0.0,0,1,0.678,High
0,0,0,0,21,1,0.0,1,99.15,1956.4,1.0,93.16190476190476,1,6,0.0,0.0,1.0,0.0,0.0,0.0,0.0,1.0,0.0,0.0,0.0,1.0,0.0,1.0,0.0,1.0,0.0,0.0,0.0,0,1,0.635,High
1,0,0,1,19,1,0.0,1,24.1,439.2,1.0,23.11578947368421,1,2,0.0,1.0,0.0,1.0,1.0,0.0,1.0,0.0,1.0,0.0,1.0,0.0,1.0,0.0,1.0,0.0,1.0,0.0,0.0,0,0,0.088,Low
0,0,1,1,61,1,2.0,0,19.75,1311.6,3.0,21.50163934426229,0,1,0.0,0.0,0.0,1.0,1.0,0.0,1.0,0.0,1.0,0.0,1.0,0.0,1.0,0.0,1.0,0.0,1.0,0.0,0.0,0,0,0.01,Low
1,1,0,0,17,1,0.0,1,45.05,770.6,1.0,45.32941176470588,0,2,0.0,0.0,0.0,0.0,0.0,0.0,0.0,0.0,0.0,0.0,0.0,0.0,0.0,0.0,0.0,0.0,0.0,1.0,0.0,1,1,0.607,High
1,0,1,1,70,1,0.0,1,106.05,7554.05,3.0,107.915,0,7,0.0,1.0,1.0,0.0,0.0,1.0,0.0,1.0,0.0,0.0,0.0,0.0,0.0,1.0,0.0,1.0,0.0,1.0,0.0,0,0,0.409,Medium
0,1,1,0,72,1,2.0,1,114.85,8317.95,3.0,115.52708333333334,0,9,0.0,1.0,1.0,0.0,0.0,1.0,0.0,1.0,0.0,1.0,0.0,1.0,0.0,1.0,0.0,1.0,0.0,0.0,0.0,0,0,0.035,Low
1,0,0,0,49,0,0.0,1,30.2,1453.1,3.0,29.655102040816324,1,2,1.0,0.0,0.0,0.0,0.0,0.0,0.0,0.0,0.0,1.0,0.0,0.0,0.0,0.0,0.0,0.0,0.0,0.0,0.0,0,0,0.288,Low
0,1,0,0,11,1,0.0,1,84.8,906.85,0.0,82.44090909090909,1,4,0.0,1.0,1.0,0.0,0.0,0.0,0.0,0.0,0.0,0.0,0.0,0.0,0.0,0.0,0.0,1.0,1.0,0.0,0.0,1,1,0.747,High
0,0,0,1,19,1,0.0,0,48.8,953.65,1.0,50.19210526315789,0,3,0.0,0.0,0.0,0.0,0.0,0.0,0.0,0.0,0.0,0.0,0.0,1.0,0.0,0.0,0.0,0.0,0.0,0.0,1.0,0,0,0.234,Low
1,0,1,1,72,1,2.0,1,84.5,6130.85,3.0,85.15069444444445,0,4,0.0,1.0,1.0,0.0,0.0,0.0,0.0,0.0,0.0,0.0,0.0,0.0,0.0,0.0,0.0,1.0,1.0,0.0,0.0,0,0,0.14,Low
0,0,1,1,8,1,2.0,0,19.5,159.35,0.0,19.91875,0,1,0.0,0.0,0.0,1.0,1.0,0.0,1.0,0.0,1.0,0.0,1.0,0.0,1.0,0.0,1.0,0.0,0.0,0.0,0.0,0,0,0.052,Low
1,0,0,1,15,1,0.0,1,91.0,1430.05,1.0,95.33666666666666,0,5,0.0,1.0,1.0,0.0,0.0,0.0,0.0,1.0,0.0,0.0,0.0,0.0,0.0,1.0,0.0,0.0,0.0,1.0,0.0,0,1,0.781,High
0,0,1,0,67,1,1.0,1,105.7,6816.95,3.0,101.7455223880597,1,7,0.0,1.0,1.0,0.0,0.0,0.0,0.0,1.0,0.0,1.0,0.0,0.0,0.0,1.0,0.0,1.0,0.0,0.0,0.0,0,0,0.343,Medium
0,0,1,0,26,0,1.0,0,35.4,978.6,2.0,37.63846153846154,0,3,1.0,0.0,0.0,0.0,0.0,1.0,0.0,0.0,0.0,1.0,0.0,0.0,0.0,0.0,0.0,0.0,1.0,0.0,0.0,0,0,0.154,Low
1,1,0,0,2,1,0.0,1,74.85,156.4,0.0,78.2,0,3,0.0,1.0,1.0,0.0,0.0,0.0,0.0,0.0,0.0,0.0,0.0,0.0,0.0,0.0,0.0,0.0,0.0,0.0,1.0,1,1,0.859,High
0,0,1,0,21,0,0.0,0,28.5,629.35,1.0,29.969047619047625,0,2,1.0,0.0,0.0,0.0,0.0,1.0,0.0,0.0,0.0,0.0,0.0,0.0,0.0,0.0,0.0,0.0,0.0,1.0,0.0,0,0,0.42,Medium
0,0,1,0,49,1,1.0,1,20.05,923.1,3.0,18.838775510204083,1,1,0.0,0.0,0.0,1.0,1.0,0.0,1.0,0.0,1.0,0.0,1.0,0.0,1.0,0.0,1.0,0.0,0.0,0.0,0.0,0,0,0.032,Low
1,0,1,1,21,1,1.0,0,19.8,350.1,1.0,16.67142857142857,1,1,0.0,0.0,0.0,1.0,1.0,0.0,1.0,0.0,1.0,0.0,1.0,0.0,1.0,0.0,1.0,0.0,0.0,0.0,1.0,0,0,0.015,Low
0,0,1,0,51,1,0.0,0,69.15,3649.6,3.0,71.56078431372549,0,2,0.0,0.0,1.0,0.0,0.0,0.0,0.0,0.0,0.0,0.0,0.0,0.0,0.0,0.0,0.0,0.0,0.0,0.0,1.0,0,0,0.286,Low
1,1,1,0,16,1,0.0,1,54.55,825.1,1.0,51.56875,1,4,0.0,0.0,0.0,0.0,0.0,1.0,0.0,1.0,0.0,0.0,0.0,0.0,0.0,0.0,0.0,0.0,0.0,0.0,0.0,0,0,0.371,Medium
0,0,0,0,22,1,0.0,0,89.25,1907.85,1.0,86.72045454545454,1,4,0.0,0.0,1.0,0.0,0.0,0.0,0.0,0.0,0.0,0.0,0.0,0.0,0.0,1.0,0.0,1.0,0.0,1.0,0.0,1,1,0.628,High
1,0,1,0,13,1,0.0,1,102.25,1359.0,1.0,104.53846153846152,0,6,0.0,1.0,1.0,0.0,0.0,0.0,0.0,0.0,0.0,1.0,0.0,0.0,0.0,1.0,0.0,1.0,1.0,0.0,0.0,1,1,0.75,High
0,0,0,1,43,1,2.0,1,25.1,1070.15,2.0,24.887209302325584,1,2,0.0,1.0,0.0,1.0,1.0,0.0,1.0,0.0,1.0,0.0,1.0,0.0,1.0,0.0,1.0,0.0,0.0,1.0,0.0,0,0,0.026,Low
0,0,0,0,3,1,0.0,1,89.45,240.45,0.0,80.14999999999999,1,4,0.0,0.0,1.0,0.0,0.0,0.0,0.0,0.0,0.0,0.0,0.0,0.0,0.0,1.0,0.0,1.0,0.0,1.0,0.0,1,1,0.843,High
1,1,0,0,54,1,0.0,1,90.05,4931.8,3.0,91.32962962962964,0,5,0.0,1.0,1.0,0.0,0.0,0.0,0.0,1.0,0.0,0.0,0.0,0.0,0.0,0.0,0.0,1.0,0.0,1.0,0.0,0,1,0.571,Medium
1,0,0,1,1,0,0.0,0,24.2,24.2,0.0,24.2,0,1,1.0,0.0,0.0,0.0,0.0,0.0,0.0,0.0,0.0,0.0,0.0,0.0,0.0,0.0,0.0,0.0,0.0,0.0,1.0,0,1,0.513,Medium
1,0,1,1,69,1,1.0,1,20.55,1403.1,3.0,20.33478260869565,1,1,0.0,0.0,0.0,1.0,1.0,0.0,1.0,0.0,1.0,0.0,1.0,0.0,1.0,0.0,1.0,0.0,1.0,0.0,0.0,0,0,0.005,Low
1,0,0,0,62,1,2.0,0,23.4,1429.65,3.0,23.05887096774193,1,2,0.0,1.0,0.0,1.0,1.0,0.0,1.0,0.0,1.0,0.0,1.0,0.0,1.0,0.0,1.0,0.0,0.0,0.0,0.0,0,0,0.018,Low
0,0,0,0,2,1,0.0,1,90.4,168.2,0.0,84.1,1,4,0.0,0.0,1.0,0.0,0.0,0.0,0.0,0.0,0.0,0.0,0.0,0.0,0.0,1.0,0.0,1.0,0.0,1.0,0.0,1,1,0.862,High
0,1,1,1,62,1,0.0,1,96.1,6019.35,3.0,97.08629032258064,0,6,0.0,1.0,1.0,0.0,0.0,0.0,0.0,1.0,0.0,1.0,0.0,0.0,0.0,0.0,0.0,1.0,1.0,0.0,0.0,0,0,0.324,Medium
1,1,0,0,2,1,0.0,0,44.95,85.15,0.0,42.575,1,2,0.0,0.0,0.0,0.0,0.0,0.0,0.0,0.0,0.0,0.0,0.0,0.0,0.0,0.0,0.0,0.0,0.0,0.0,1.0,1,1,0.717,High
1,0,1,1,69,1,2.0,0,19.9,1356.7,3.0,19.66231884057971,1,1,0.0,0.0,0.0,1.0,1.0,0.0,1.0,0.0,1.0,0.0,1.0,0.0,1.0,0.0,1.0,0.0,0.0,0.0,0.0,0,0,0.007,Low
0,0,0,0,1,1,0.0,1,74.5,74.5,0.0,74.5,0,3,0.0,1.0,1.0,0.0,0.0,0.0,0.0,0.0,0.0,0.0,0.0,0.0,0.0,0.0,0.0,0.0,0.0,1.0,0.0,1,1,0.928,High
1,0,0,0,31,1,0.0,1,55.25,1715.65,2.0,55.34354838709677,0,4,0.0,0.0,0.0,0.0,0.0,0.0,0.0,0.0,0.0,1.0,0.0,1.0,0.0,0.0,0.0,0.0,0.0,1.0,0.0,1,0,0.154,Low
1,1,0,0,69,1,2.0,0,20.3,1356.3,3.0,19.656521739130437,1,1,0.0,0.0,0.0,1.0,1.0,0.0,1.0,0.0,1.0,0.0,1.0,0.0,1.0,0.0,1.0,0.0,1.0,0.0,0.0,0,0,0.002,Low
1,0,1,0,2,1,0.0,1,91.45,171.45,0.0,85.725,1,5,0.0,1.0,1.0,0.0,0.0,0.0,0.0,0.0,0.0,1.0,0.0,0.0,0.0,1.0,0.0,0.0,0.0,1.0,0.0,0,1,0.896,High
0,0,0,0,33,1,0.0,1,70.4,2406.1,2.0,72.9121212121212,0,2,0.0,0.0,1.0,0.0,0.0,0.0,0.0,0.0,0.0,0.0,0.0,0.0,0.0,0.0,0.0,0.0,0.0,0.0,0.0,0,1,0.595,Medium
0,0,1,0,3,1,0.0,1,19.6,55.25,0.0,18.416666666666668,1,1,0.0,0.0,0.0,1.0,1.0,0.0,1.0,0.0,1.0,0.0,1.0,0.0,1.0,0.0,1.0,0.0,0.0,0.0,1.0,0,0,0.185,Low
1,0,0,0,44,1,1.0,0,65.4,2774.55,2.0,63.05795454545455,1,5,0.0,0.0,0.0,0.0,0.0,1.0,0.0,0.0,0.0,0.0,0.0,1.0,0.0,1.0,0.0,0.0,0.0,1.0,0.0,0,0,0.126,Low
1,0,0,0,10,1,0.0,1,110.1,1043.3,0.0,104.33,1,8,0.0,0.0,1.0,0.0,0.0,1.0,0.0,1.0,0.0,1.0,0.0,1.0,0.0,1.0,0.0,1.0,0.0,1.0,0.0,1,1,0.654,High
0,0,0,0,8,1,0.0,1,75.25,576.7,0.0,72.0875,1,3,0.0,1.0,1.0,0.0,0.0,0.0,0.0,0.0,0.0,0.0,0.0,0.0,0.0,0.0,0.0,0.0,0.0,1.0,0.0,0,1,0.806,High
1,0,0,0,8,1,0.0,1,66.65,520.95,0.0,65.11875,1,5,0.0,0.0,0.0,0.0,0.0,0.0,0.0,1.0,0.0,0.0,0.0,1.0,0.0,1.0,0.0,0.0,0.0,1.0,0.0,0,0,0.32,Medium
0,0,1,1,69,1,1.0,1,20.35,1442.65,3.0,20.907971014492755,0,1,0.0,0.0,0.0,1.0,1.0,0.0,1.0,0.0,1.0,0.0,1.0,0.0,1.0,0.0,1.0,0.0,1.0,0.0,0.0,0,0,0.004,Low
0,0,0,0,23,1,0.0,0,75.6,1758.6,1.0,76.4608695652174,0,3,0.0,1.0,1.0,0.0,0.0,0.0,0.0,0.0,0.0,0.0,0.0,0.0,0.0,0.0,0.0,0.0,0.0,0.0,0.0,1,0,0.496,Medium
1,0,0,0,66,1,2.0,0,25.1,1697.7,3.0,25.722727272727276,0,2,0.0,1.0,0.0,1.0,1.0,0.0,1.0,0.0,1.0,0.0,1.0,0.0,1.0,0.0,1.0,0.0,0.0,0.0,1.0,0,0,0.004,Low
0,0,1,1,1,1,0.0,1,102.45,102.45,0.0,102.45,0,7,0.0,1.0,1.0,0.0,0.0,1.0,0.0,0.0,0.0,1.0,0.0,0.0,0.0,1.0,0.0,1.0,0.0,1.0,0.0,1,1,0.827,High
0,0,0,0,3,1,0.0,0,19.95,58.0,0.0,19.33333333333333,1,1,0.0,0.0,0.0,1.0,1.0,0.0,1.0,0.0,1.0,0.0,1.0,0.0,1.0,0.0,1.0,0.0,0.0,0.0,1.0,0,0,0.302,Medium
0,0,0,1,5,1,0.0,1,51.0,286.8,0.0,57.36,0,3,0.0,0.0,0.0,0.0,0.0,0.0,0.0,0.0,0.0,0.0,0.0,1.0,0.0,0.0,0.0,0.0,0.0,0.0,1.0,0,1,0.509,Medium
0,0,0,1,1,1,0.0,0,51.2,51.2,0.0,51.2,0,3,0.0,0.0,0.0,0.0,0.0,1.0,0.0,0.0,0.0,0.0,0.0,0.0,0.0,0.0,0.0,0.0,0.0,0.0,1.0,0,1,0.564,Medium
0,0,0,0,9,1,0.0,1,77.65,714.15,0.0,79.35,0,3,0.0,0.0,1.0,0.0,0.0,0.0,0.0,0.0,0.0,0.0,0.0,0.0,0.0,1.0,0.0,0.0,0.0,0.0,0.0,1,1,0.789,High
1,0,1,1,36,1,1.0,1,63.7,2188.5,2.0,60.79166666666666,1,5,0.0,0.0,0.0,0.0,0.0,1.0,0.0,0.0,0.0,1.0,0.0,0.0,0.0,0.0,0.0,1.0,1.0,0.0,0.0,0,0,0.145,Low
1,0,1,1,68,1,1.0,1,85.5,5696.6,3.0,83.77352941176471,1,5,0.0,1.0,1.0,0.0,0.0,1.0,0.0,1.0,0.0,0.0,0.0,0.0,0.0,0.0,0.0,0.0,0.0,0.0,0.0,0,0,0.12,Low
0,0,1,1,35,0,1.0,0,40.9,1383.6,2.0,39.53142857142857,1,3,1.0,0.0,0.0,0.0,0.0,0.0,0.0,0.0,0.0,0.0,0.0,1.0,0.0,1.0,0.0,0.0,0.0,0.0,1.0,0,0,0.128,Low
1,0,1,1,60,1,2.0,0,20.55,1205.05,3.0,20.084166666666665,1,1,0.0,0.0,0.0,1.0,1.0,0.0,1.0,0.0,1.0,0.0,1.0,0.0,1.0,0.0,1.0,0.0,0.0,0.0,1.0,0,0,0.003,Low
0,0,1,1,72,1,2.0,0,74.55,5430.65,3.0,75.42569444444445,0,7,0.0,1.0,0.0,0.0,0.0,1.0,0.0,1.0,0.0,0.0,0.0,1.0,0.0,1.0,0.0,0.0,0.0,0.0,1.0,0,0,0.027,Low
1,0,0,0,45,1,1.0,1,20.4,930.45,2.0,20.67666666666667,0,1,0.0,0.0,0.0,1.0,1.0,0.0,1.0,0.0,1.0,0.0,1.0,0.0,1.0,0.0,1.0,0.0,0.0,1.0,0.0,1,0,0.003,Low
1,0,1,1,37,1,1.0,0,91.2,3247.55,2.0,87.77162162162162,1,4,0.0,0.0,1.0,0.0,0.0,0.0,0.0,0.0,0.0,0.0,0.0,0.0,0.0,1.0,0.0,1.0,1.0,0.0,0.0,0,0,0.266,Low
0,0,1,1,7,1,0.0,0,50.7,350.35,0.0,50.05,1,3,0.0,0.0,0.0,0.0,0.0,1.0,0.0,0.0,0.0,0.0,0.0,0.0,0.0,0.0,0.0,0.0,0.0,0.0,1.0,0,0,0.362,Medium
0,0,0,0,4,1,0.0,0,50.7,151.3,0.0,37.825,1,3,0.0,0.0,0.0,0.0,0.0,0.0,0.0,1.0,0.0,0.0,0.0,0.0,0.0,0.0,0.0,0.0,1.0,0.0,0.0,1,1,0.544,Medium
0,0,0,0,1,1,0.0,1,54.9,54.9,0.0,54.9,0,4,0.0,0.0,0.0,0.0,0.0,1.0,0.0,1.0,0.0,0.0,0.0,0.0,0.0,0.0,0.0,0.0,0.0,1.0,0.0,1,1,0.676,High
0,0,0,0,4,1,0.0,1,60.4,272.15,0.0,68.0375,0,5,0.0,0.0,0.0,0.0,0.0,1.0,0.0,1.0,0.0,0.0,0.0,1.0,0.0,0.0,0.0,0.0,0.0,0.0,1.0,1,0,0.345,Medium
1,0,1,0,18,1,0.0,1,49.55,878.35,1.0,48.797222222222224,1,3,0.0,0.0,0.0,0.0,0.0,0.0,0.0,0.0,0.0,1.0,0.0,0.0,0.0,0.0,0.0,0.0,0.0,0.0,1.0,1,0,0.287,Low
0,0,0,0,12,1,1.0,0,74.05,872.65,0.0,72.72083333333333,1,6,0.0,1.0,0.0,0.0,0.0,0.0,0.0,0.0,0.0,0.0,0.0,1.0,0.0,1.0,0.0,1.0,0.0,0.0,1.0,1,0,0.234,Low
0,0,1,1,1,1,0.0,1,80.05,80.05,0.0,80.05,0,3,0.0,0.0,1.0,0.0,0.0,0.0,0.0,0.0,0.0,0.0,0.0,0.0,0.0,1.0,0.0,0.0,0.0,0.0,1.0,1,1,0.88,High
1,0,1,1,72,1,2.0,0,25.0,1738.9,3.0,24.15138888888889,1,2,0.0,1.0,0.0,1.0,1.0,0.0,1.0,0.0,1.0,0.0,1.0,0.0,1.0,0.0,1.0,0.0,0.0,0.0,0.0,0,0,0.003,Low
1,0,1,0,42,1,2.0,0,20.25,835.5,2.0,19.892857142857142,1,1,0.0,0.0,0.0,1.0,1.0,0.0,1.0,0.0,1.0,0.0,1.0,0.0,1.0,0.0,1.0,0.0,0.0,1.0,0.0,0,0,0.005,Low
1,1,0,0,24,1,0.0,1,76.1,1712.7,1.0,71.3625,1,3,0.0,1.0,1.0,0.0,0.0,0.0,0.0,0.0,0.0,0.0,0.0,0.0,0.0,0.0,0.0,0.0,0.0,1.0,0.0,1,1,0.657,High
1,0,1,1,26,1,1.0,0,78.95,2034.25,2.0,78.24038461538461,1,3,0.0,0.0,1.0,0.0,0.0,0.0,0.0,0.0,0.0,0.0,0.0,0.0,0.0,0.0,0.0,1.0,0.0,0.0,0.0,0,0,0.233,Low
0,0,1,1,68,1,1.0,1,73.0,5163.0,3.0,75.92647058823529,0,7,0.0,1.0,0.0,0.0,0.0,1.0,0.0,1.0,0.0,1.0,0.0,0.0,0.0,1.0,0.0,0.0,1.0,0.0,0.0,0,0,0.12,Low
0,0,0,0,17,1,1.0,0,19.9,323.15,1.0,19.008823529411764,1,1,0.0,0.0,0.0,1.0,1.0,0.0,1.0,0.0,1.0,0.0,1.0,0.0,1.0,0.0,1.0,0.0,0.0,0.0,0.0,0,0,0.055,Low
1,0,1,1,59,1,2.0,1,111.1,6555.2,3.0,111.10508474576272,0,8,0.0,1.0,1.0,0.0,0.0,1.0,0.0,1.0,0.0,0.0,0.0,1.0,0.0,1.0,0.0,1.0,0.0,0.0,1.0,0,0,0.223,Low
1,0,1,1,13,1,0.0,1,74.4,896.75,1.0,68.98076923076923,1,3,0.0,1.0,1.0,0.0,0.0,0.0,0.0,0.0,0.0,0.0,0.0,0.0,0.0,0.0,0.0,0.0,1.0,0.0,0.0,1,1,0.555,Medium
0,0,0,0,2,1,0.0,1,20.45,42.45,0.0,21.225,0,1,0.0,0.0,0.0,1.0,1.0,0.0,1.0,0.0,1.0,0.0,1.0,0.0,1.0,0.0,1.0,0.0,0.0,0.0,1.0,0,0,0.104,Low
0,0,1,0,67,1,2.0,0,19.65,1335.2,3.0,19.928358208955224,0,1,0.0,0.0,0.0,1.0,1.0,0.0,1.0,0.0,1.0,0.0,1.0,0.0,1.0,0.0,1.0,0.0,0.0,0.0,1.0,0,0,0.013,Low
0,0,0,0,17,1,1.0,0,20.05,337.9,1.0,19.876470588235293,1,1,0.0,0.0,0.0,1.0,1.0,0.0,1.0,0.0,1.0,0.0,1.0,0.0,1.0,0.0,1.0,0.0,1.0,0.0,0.0,0,0,0.037,Low
1,0,1,0,71,1,2.0,1,80.1,5585.4,3.0,78.66760563380281,1,8,0.0,1.0,0.0,0.0,0.0,1.0,0.0,1.0,0.0,1.0,0.0,1.0,0.0,0.0,0.0,1.0,0.0,0.0,1.0,0,0,0.054,Low
0,0,1,1,17,1,1.0,0,98.6,1704.95,1.0,100.29117647058824,0,6,0.0,0.0,1.0,0.0,0.0,0.0,0.0,0.0,0.0,1.0,0.0,1.0,0.0,1.0,0.0,1.0,0.0,0.0,0.0,1,0,0.334,Medium
1,0,0,0,1,1,0.0,1,89.55,89.55,0.0,89.55,0,4,0.0,0.0,1.0,0.0,0.0,0.0,0.0,0.0,0.0,0.0,0.0,0.0,0.0,1.0,0.0,1.0,0.0,1.0,0.0,1,1,0.9,High
0,0,1,1,6,1,1.0,0,19.7,94.45,0.0,15.741666666666667,1,1,0.0,0.0,0.0,1.0,1.0,0.0,1.0,0.0,1.0,0.0,1.0,0.0,1.0,0.0,1.0,0.0,0.0,0.0,1.0,0,0,0.101,Low
1,0,1,0,61,1,0.0,1,114.1,7132.15,3.0,116.92049180327868,0,8,0.0,1.0,1.0,0.0,0.0,0.0,0.0,1.0,0.0,1.0,0.0,1.0,0.0,1.0,0.0,1.0,0.0,1.0,0.0,0,0,0.34,Medium
0,0,0,0,6,1,0.0,1,73.85,401.3,0.0,66.88333333333334,1,3,0.0,1.0,1.0,0.0,0.0,0.0,0.0,0.0,0.0,0.0,0.0,0.0,0.0,0.0,0.0,0.0,0.0,0.0,1.0,0,1,0.764,High
0,1,0,0,1,0,0.0,0,25.05,25.05,0.0,25.05,0,1,1.0,0.0,0.0,0.0,0.0,0.0,0.0,0.0,0.0,0.0,0.0,0.0,0.0,0.0,0.0,0.0,0.0,0.0,1.0,1,1,0.724,High
0,0,1,1,21,1,0.0,1,102.8,2110.15,1.0,100.48333333333332,1,7,0.0,0.0,1.0,0.0,0.0,0.0,0.0,1.0,0.0,1.0,0.0,1.0,0.0,1.0,0.0,1.0,0.0,1.0,0.0,1,1,0.697,High
0,0,1,0,60,1,2.0,1,110.8,6640.7,3.0,110.67833333333331,1,8,0.0,1.0,1.0,0.0,0.0,0.0,0.0,1.0,0.0,1.0,0.0,1.0,0.0,1.0,0.0,1.0,1.0,0.0,0.0,0,0,0.199,Low
0,1,0,0,20,1,0.0,1,85.8,1727.5,1.0,86.375,0,4,0.0,1.0,1.0,0.0,0.0,0.0,0.0,0.0,0.0,0.0,0.0,0.0,0.0,0.0,0.0,1.0,1.0,0.0,0.0,1,1,0.701,High
1,0,1,0,22,1,0.0,0,95.9,2234.95,1.0,101.58863636363635,0,6,0.0,1.0,1.0,0.0,0.0,1.0,0.0,0.0,0.0,0.0,0.0,1.0,0.0,1.0,0.0,0.0,1.0,0.0,0.0,0,1,0.529,Medium
0,0,0,0,40,1,2.0,1,20.6,827.3,2.0,20.6825,0,1,0.0,0.0,0.0,1.0,1.0,0.0,1.0,0.0,1.0,0.0,1.0,0.0,1.0,0.0,1.0,0.0,0.0,0.0,0.0,0,0,0.006,Low
1,0,0,0,23,1,0.0,1,74.95,1710.45,1.0,74.36739130434783,1,3,0.0,1.0,1.0,0.0,0.0,0.0,0.0,0.0,0.0,0.0,0.0,0.0,0.0,0.0,0.0,0.0,0.0,1.0,0.0,1,1,0.689,High
0,0,0,1,1,1,0.0,0,45.95,45.95,0.0,45.95,0,2,0.0,0.0,0.0,0.0,0.0,0.0,0.0,0.0,0.0,0.0,0.0,0.0,0.0,0.0,0.0,0.0,0.0,0.0,1.0,1,1,0.708,High
1,0,0,0,46,0,2.0,0,38.25,1755.35,2.0,38.15978260869565,1,4,1.0,0.0,0.0,0.0,0.0,1.0,0.0,0.0,0.0,1.0,0.0,1.0,0.0,0.0,0.0,0.0,0.0,0.0,1.0,0,0,0.073,Low
0,0,1,1,5,1,0.0,0,69.95,320.4,0.0,64.08,1,2,0.0,0.0,1.0,0.0,0.0,0.0,0.0,0.0,0.0,0.0,0.0,0.0,0.0,0.0,0.0,0.0,1.0,0.0,0.0,0,1,0.617,High
1,1,0,0,68,1,2.0,1,20.0,1396.0,3.0,20.529411764705884,0,1,0.0,0.0,0.0,1.0,1.0,0.0,1.0,0.0,1.0,0.0,1.0,0.0,1.0,0.0,1.0,0.0,1.0,0.0,0.0,0,0,0.001,Low
0,1,0,0,1,0,0.0,1,25.2,25.2,0.0,25.2,0,1,1.0,0.0,0.0,0.0,0.0,0.0,0.0,0.0,0.0,0.0,0.0,0.0,0.0,0.0,0.0,0.0,0.0,1.0,0.0,1,1,0.865,High
0,0,1,0,2,1,0.0,0,20.1,43.15,0.0,21.575,0,1,0.0,0.0,0.0,1.0,1.0,0.0,1.0,0.0,1.0,0.0,1.0,0.0,1.0,0.0,1.0,0.0,0.0,0.0,0.0,0,0,0.148,Low
0,1,0,0,14,1,0.0,1,104.85,1531.4,1.0,109.38571428571429,0,7,0.0,1.0,1.0,0.0,0.0,0.0,0.0,1.0,0.0,1.0,0.0,0.0,0.0,1.0,0.0,1.0,0.0,1.0,0.0,1,1,0.719,High
1,0,0,0,10,1,0.0,1,70.0,740.0,0.0,74.0,0,2,0.0,0.0,1.0,0.0,0.0,0.0,0.0,0.0,0.0,0.0,0.0,0.0,0.0,0.0,0.0,0.0,0.0,1.0,0.0,1,1,0.745,High
1,0,0,1,13,1,0.0,1,78.3,1033.95,1.0,79.53461538461539,0,3,0.0,0.0,1.0,0.0,0.0,0.0,0.0,0.0,0.0,0.0,0.0,0.0,0.0,1.0,0.0,0.0,1.0,0.0,0.0,0,1,0.592,Medium
0,0,0,0,34,1,0.0,1,109.8,3587.25,2.0,105.50735294117646,1,8,0.0,1.0,1.0,0.0,0.0,1.0,0.0,1.0,0.0,1.0,0.0,0.0,0.0,1.0,0.0,1.0,0.0,0.0,1.0,1,0,0.421,Medium
1,0,1,1,18,1,0.0,0,57.45,990.85,1.0,55.047222222222224,1,4,0.0,0.0,0.0,0.0,0.0,0.0,0.0,0.0,0.0,1.0,0.0,0.0,0.0,0.0,0.0,1.0,0.0,1.0,0.0,1,0,0.439,Medium
1,0,1,1,71,1,2.0,0,19.7,1301.1,3.0,18.32535211267605,1,1,0.0,0.0,0.0,1.0,1.0,0.0,1.0,0.0,1.0,0.0,1.0,0.0,1.0,0.0,1.0,0.0,1.0,0.0,0.0,0,0,0.011,Low
0,0,1,0,70,1,2.0,1,110.5,7752.05,3.0,110.74357142857144,0,8,0.0,1.0,1.0,0.0,0.0,0.0,0.0,1.0,0.0,1.0,0.0,1.0,0.0,1.0,0.0,1.0,0.0,1.0,0.0,0,0,0.232,Low
0,0,1,0,52,1,1.0,1,64.3,3410.6,3.0,65.58846153846153,0,5,0.0,0.0,0.0,0.0,0.0,1.0,0.0,0.0,0.0,1.0,0.0,0.0,0.0,1.0,0.0,0.0,0.0,0.0,1.0,0,0,0.053,Low
1,0,1,1,68,1,2.0,1,105.25,7173.15,3.0,105.4875,0,7,0.0,0.0,1.0,0.0,0.0,1.0,0.0,1.0,0.0,1.0,0.0,0.0,0.0,1.0,0.0,1.0,0.0,0.0,0.0,0,0,0.183,Low
1,0,1,1,38,1,0.0,0,19.6,717.3,2.0,18.876315789473683,1,1,0.0,0.0,0.0,1.0,1.0,0.0,1.0,0.0,1.0,0.0,1.0,0.0,1.0,0.0,1.0,0.0,0.0,1.0,0.0,0,0,0.081,Low
0,0,1,1,58,1,1.0,1,24.5,1497.9,3.0,25.82586206896552,0,2,0.0,1.0,0.0,1.0,1.0,0.0,1.0,0.0,1.0,0.0,1.0,0.0,1.0,0.0,1.0,0.0,1.0,0.0,0.0,0,0,0.008,Low
1,0,0,0,3,1,0.0,0,90.7,237.65,0.0,79.21666666666667,1,4,0.0,0.0,1.0,0.0,0.0,0.0,0.0,0.0,0.0,0.0,0.0,0.0,0.0,1.0,0.0,1.0,0.0,0.0,1.0,0,1,0.7,High
1,0,1,0,14,1,0.0,0,48.8,664.4,1.0,47.457142857142856,1,3,0.0,0.0,0.0,0.0,0.0,0.0,0.0,0.0,0.0,0.0,0.0,1.0,0.0,0.0,0.0,0.0,0.0,0.0,0.0,0,0,0.358,Medium
1,0,0,0,2,0,0.0,1,24.9,49.7,0.0,24.85,1,1,1.0,0.0,0.0,0.0,0.0,0.0,0.0,0.0,0.0,0.0,0.0,0.0,0.0,0.0,0.0,0.0,1.0,0.0,0.0,0,1,0.745,High
0,0,1,0,1,0,0.0,1,24.8,24.8,0.0,24.8,0,1,1.0,0.0,0.0,0.0,0.0,0.0,0.0,0.0,0.0,0.0,0.0,0.0,0.0,0.0,0.0,0.0,0.0,1.0,0.0,1,1,0.771,High
0,1,0,0,72,1,2.0,1,107.4,7748.75,3.0,107.62152777777776,0,8,0.0,1.0,1.0,0.0,0.0,1.0,0.0,1.0,0.0,1.0,0.0,1.0,0.0,0.0,0.0,1.0,0.0,0.0,0.0,0,0,0.078,Low
1,0,0,0,3,1,0.0,1,43.3,123.65,0.0,41.21666666666667,1,2,0.0,0.0,0.0,0.0,0.0,0.0,0.0,0.0,0.0,0.0,0.0,0.0,0.0,0.0,0.0,0.0,0.0,1.0,0.0,1,1,0.751,High
0,0,0,0,13,1,0.0,1,80.0,1029.35,1.0,79.18076923076923,1,4,0.0,1.0,1.0,0.0,0.0,1.0,0.0,0.0,0.0,0.0,0.0,0.0,0.0,0.0,0.0,0.0,1.0,0.0,0.0,0,1,0.523,Medium
1,1,1,1,72,1,2.0,1,104.1,7447.7,3.0,103.44027777777778,1,7,0.0,0.0,1.0,0.0,0.0,1.0,0.0,0.0,0.0,1.0,0.0,1.0,0.0,1.0,0.0,1.0,1.0,0.0,0.0,0,0,0.115,Low
1,0,1,0,58,1,2.0,0,20.75,1185.95,3.0,20.44741379310345,1,1,0.0,0.0,0.0,1.0,1.0,0.0,1.0,0.0,1.0,0.0,1.0,0.0,1.0,0.0,1.0,0.0,0.0,0.0,1.0,0,0,0.02,Low
1,1,1,0,71,1,2.0,1,95.5,6707.15,3.0,94.4669014084507,1,6,0.0,0.0,1.0,0.0,0.0,0.0,0.0,1.0,0.0,1.0,0.0,1.0,0.0,0.0,0.0,1.0,1.0,0.0,0.0,0,0,0.116,Low
0,0,0,0,1,1,0.0,0,76.35,76.35,0.0,76.35,0,3,0.0,0.0,1.0,0.0,0.0,0.0,0.0,0.0,0.0,1.0,0.0,0.0,0.0,0.0,0.0,0.0,0.0,1.0,0.0,1,1,0.883,High
0,0,1,1,54,1,2.0,0,91.3,4965.0,3.0,91.94444444444444,0,9,0.0,1.0,0.0,0.0,0.0,1.0,0.0,1.0,0.0,1.0,0.0,1.0,0.0,1.0,0.0,1.0,1.0,0.0,0.0,0,0,0.036,Low
1,0,0,1,39,0,1.0,0,45.05,1790.6,2.0,45.91282051282051,0,4,1.0,0.0,0.0,0.0,0.0,1.0,0.0,0.0,0.0,0.0,0.0,1.0,0.0,1.0,0.0,0.0,0.0,0.0,0.0,0,0,0.05,Low
0,0,0,0,1,1,0.0,1,70.6,70.6,0.0,70.6,0,2,0.0,0.0,1.0,0.0,0.0,0.0,0.0,0.0,0.0,0.0,0.0,0.0,0.0,0.0,0.0,0.0,0.0,1.0,0.0,1,1,0.886,High
1,0,1,0,61,1,2.0,1,80.8,4860.85,3.0,79.68606557377049,1,8,0.0,1.0,0.0,0.0,0.0,1.0,0.0,1.0,0.0,1.0,0.0,1.0,0.0,0.0,0.0,1.0,0.0,0.0,0.0,0,0,0.059,Low
0,0,1,1,25,1,0.0,1,89.15,2257.75,2.0,90.31,0,5,0.0,0.0,1.0,0.0,0.0,0.0,0.0,1.0,0.0,1.0,0.0,0.0,0.0,1.0,0.0,0.0,0.0,0.0,0.0,1,1,0.568,Medium
0,0,0,0,37,1,0.0,0,91.2,3382.3,2.0,91.41351351351352,0,6,0.0,1.0,1.0,0.0,0.0,1.0,0.0,1.0,0.0,1.0,0.0,0.0,0.0,0.0,0.0,0.0,0.0,0.0,0.0,0,0,0.388,Medium
0,1,0,0,26,1,0.0,1,91.25,2351.8,2.0,90.45384615384616,1,4,0.0,0.0,1.0,0.0,0.0,0.0,0.0,0.0,0.0,0.0,0.0,0.0,0.0,1.0,0.0,1.0,0.0,1.0,0.0,1,1,0.681,High
1,0,0,0,10,1,0.0,0,19.75,208.25,0.0,20.825,0,1,0.0,0.0,0.0,1.0,1.0,0.0,1.0,0.0,1.0,0.0,1.0,0.0,1.0,0.0,1.0,0.0,1.0,0.0,0.0,0,0,0.124,Low
0,0,0,0,1,1,0.0,0,20.4,20.4,0.0,20.4,0,1,0.0,0.0,0.0,1.0,1.0,0.0,1.0,0.0,1.0,0.0,1.0,0.0,1.0,0.0,1.0,0.0,0.0,0.0,1.0,1,0,0.353,Medium
0,1,1,0,24,0,0.0,1,40.65,933.3,1.0,38.8875,1,3,1.0,0.0,0.0,0.0,0.0,0.0,0.0,0.0,0.0,1.0,0.0,0.0,0.0,0.0,0.0,1.0,1.0,0.0,0.0,1,0,0.459,Medium
1,1,0,0,65,1,2.0,1,110.35,7246.15,3.0,111.47923076923075,0,8,0.0,1.0,1.0,0.0,0.0,1.0,0.0,0.0,0.0,1.0,0.0,1.0,0.0,1.0,0.0,1.0,0.0,1.0,0.0,0,0,0.279,Low
1,0,0,0,23,1,1.0,1,64.9,1509.8,1.0,65.64347826086956,0,4,0.0,0.0,0.0,0.0,0.0,0.0,0.0,0.0,0.0,0.0,0.0,0.0,0.0,1.0,0.0,1.0,0.0,0.0,0.0,0,0,0.285,Low
1,0,0,0,49,1,2.0,1,66.15,3199.0,3.0,65.28571428571429,1,5,0.0,1.0,0.0,0.0,0.0,0.0,0.0,0.0,0.0,0.0,0.0,1.0,0.0,1.0,0.0,0.0,0.0,0.0,0.0,0,0,0.083,Low
0,1,0,0,42,1,0.0,0,55.65,2421.75,2.0,57.660714285714285,0,4,0.0,1.0,0.0,0.0,0.0,0.0,0.0,0.0,0.0,1.0,0.0,0.0,0.0,0.0,0.0,0.0,0.0,1.0,0.0,0,0,0.288,Low
0,0,0,0,8,1,2.0,0,20.85,161.65,0.0,20.20625,1,1,0.0,0.0,0.0,1.0,1.0,0.0,1.0,0.0,1.0,0.0,1.0,0.0,1.0,0.0,1.0,0.0,0.0,0.0,1.0,0,0,0.054,Low
0,0,0,0,28,1,0.0,0,54.65,1517.5,2.0,54.19642857142857,1,4,0.0,0.0,0.0,0.0,0.0,0.0,0.0,1.0,0.0,0.0,0.0,1.0,0.0,0.0,0.0,0.0,0.0,0.0,0.0,0,0,0.158,Low
1,0,0,0,71,1,2.0,0,80.6,5708.2,3.0,80.39718309859154,1,8,0.0,1.0,0.0,0.0,0.0,1.0,0.0,1.0,0.0,1.0,0.0,1.0,0.0,0.0,0.0,1.0,0.0,0.0,0.0,0,0,0.04,Low
1,0,1,1,69,1,0.0,1,99.45,7007.6,3.0,101.55942028985508,0,6,0.0,1.0,1.0,0.0,0.0,0.0,0.0,0.0,0.0,1.0,0.0,0.0,0.0,1.0,0.0,1.0,1.0,0.0,0.0,1,1,0.507,Medium
1,0,1,1,68,1,2.0,1,114.7,7849.85,3.0,115.43897058823528,0,9,0.0,1.0,1.0,0.0,0.0,1.0,0.0,1.0,0.0,1.0,0.0,1.0,0.0,1.0,0.0,1.0,0.0,0.0,0.0,0,0,0.094,Low
0,0,1,0,64,1,2.0,1,105.4,6794.75,3.0,106.16796875,0,7,0.0,1.0,1.0,0.0,0.0,0.0,0.0,1.0,0.0,0.0,0.0,1.0,0.0,1.0,0.0,1.0,0.0,0.0,0.0,0,0,0.262,Low
0,1,0,0,3,1,0.0,0,75.05,202.9,0.0,67.63333333333334,1,3,0.0,0.0,1.0,0.0,0.0,0.0,0.0,0.0,0.0,1.0,0.0,0.0,0.0,0.0,0.0,0.0,0.0,0.0,1.0,0,1,0.692,High
0,0,1,1,66,1,1.0,1,49.4,3251.85,3.0,49.27045454545454,1,3,0.0,0.0,0.0,0.0,0.0,0.0,0.0,0.0,0.0,0.0,0.0,1.0,0.0,0.0,0.0,0.0,1.0,0.0,0.0,0,0,0.079,Low
1,0,0,0,28,1,1.0,0,18.25,534.7,2.0,19.09642857142857,0,1,0.0,0.0,0.0,1.0,1.0,0.0,1.0,0.0,1.0,0.0,1.0,0.0,1.0,0.0,1.0,0.0,1.0,0.0,0.0,0,0,0.003,Low
1,0,1,0,67,1,2.0,1,111.05,7321.05,3.0,109.26940298507463,1,8,0.0,0.0,1.0,0.0,0.0,1.0,0.0,1.0,0.0,1.0,0.0,1.0,0.0,1.0,0.0,1.0,0.0,1.0,0.0,0,0,0.22,Low
1,0,1,0,46,1,0.0,0,19.6,851.2,2.0,18.50434782608696,1,1,0.0,0.0,0.0,1.0,1.0,0.0,1.0,0.0,1.0,0.0,1.0,0.0,1.0,0.0,1.0,0.0,0.0,1.0,0.0,0,0,0.061,Low
1,0,1,0,55,1,0.0,1,96.75,5238.9,3.0,95.25272727272728,1,6,0.0,1.0,1.0,0.0,0.0,1.0,0.0,1.0,0.0,0.0,0.0,0.0,0.0,1.0,0.0,0.0,0.0,1.0,0.0,1,0,0.469,Medium
1,0,0,0,22,1,0.0,1,69.7,1490.4,1.0,67.74545454545455,1,2,0.0,0.0,1.0,0.0,0.0,0.0,0.0,0.0,0.0,0.0,0.0,0.0,0.0,0.0,0.0,0.0,0.0,0.0,1.0,0,0,0.468,Medium
1,0,1,1,18,1,0.0,1,87.9,1500.5,1.0,83.36111111111111,1,5,0.0,0.0,1.0,0.0,0.0,1.0,0.0,0.0,0.0,1.0,0.0,0.0,0.0,1.0,0.0,0.0,0.0,0.0,1.0,0,1,0.52,Medium
1,0,1,0,46,0,2.0,0,40.4,1842.7,2.0,40.05869565217392,1,4,1.0,0.0,0.0,0.0,0.0,1.0,0.0,0.0,0.0,1.0,0.0,1.0,0.0,0.0,0.0,0.0,1.0,0.0,0.0,0,0,0.083,Low
0,0,1,0,10,1,0.0,1,78.15,765.15,0.0,76.515,1,4,0.0,1.0,1.0,0.0,0.0,1.0,0.0,0.0,0.0,0.0,0.0,0.0,0.0,0.0,0.0,0.0,1.0,0.0,0.0,0,1,0.675,High
1,0,1,0,72,1,2.0,1,99.4,7285.7,3.0,101.19027777777778,0,6,0.0,1.0,1.0,0.0,0.0,0.0,0.0,1.0,0.0,0.0,0.0,0.0,0.0,1.0,0.0,1.0,0.0,1.0,0.0,0,0,0.224,Low
1,0,0,0,16,1,0.0,0,55.3,875.35,1.0,54.709375,1,4,0.0,1.0,0.0,0.0,0.0,0.0,0.0,1.0,0.0,0.0,0.0,0.0,0.0,0.0,0.0,0.0,0.0,1.0,0.0,0,0,0.469,Medium
1,1,0,0,3,1,0.0,1,77.0,237.75,0.0,79.25,0,3,0.0,1.0,1.0,0.0,0.0,0.0,0.0,0.0,0.0,0.0,0.0,0.0,0.0,0.0,0.0,0.0,0.0,1.0,0.0,1,1,0.885,High
1,0,1,1,21,0,0.0,1,26.05,565.75,1.0,26.94047619047619,0,1,1.0,0.0,0.0,0.0,0.0,0.0,0.0,0.0,0.0,0.0,0.0,0.0,0.0,0.0,0.0,0.0,0.0,1.0,0.0,0,0,0.442,Medium
1,0,0,0,5,1,0.0,0,78.75,426.35,0.0,85.27000000000001,0,3,0.0,0.0,1.0,0.0,0.0,0.0,0.0,0.0,0.0,0.0,0.0,0.0,0.0,0.0,0.0,1.0,0.0,0.0,1.0,0,1,0.802,High
0,0,0,0,1,0,0.0,0,29.95,29.95,0.0,29.95,0,2,1.0,0.0,0.0,0.0,0.0,0.0,0.0,1.0,0.0,0.0,0.0,0.0,0.0,0.0,0.0,0.0,0.0,0.0,0.0,1,1,0.623,High
0,0,0,0,1,1,0.0,1,45.4,45.4,0.0,45.4,0,2,0.0,0.0,0.0,0.0,0.0,0.0,0.0,0.0,0.0,0.0,0.0,0.0,0.0,0.0,0.0,0.0,0.0,0.0,1.0,1,1,0.758,High
1,1,1,0,36,1,0.0,1,85.25,3132.75,2.0,87.02083333333333,0,4,0.0,1.0,1.0,0.0,0.0,0.0,0.0,0.0,0.0,0.0,0.0,0.0,0.0,0.0,0.0,1.0,1.0,0.0,0.0,1,1,0.62,High
1,0,1,0,64,1,2.0,1,104.05,6605.55,3.0,103.21171875,1,7,0.0,0.0,1.0,0.0,0.0,1.0,0.0,1.0,0.0,0.0,0.0,1.0,0.0,1.0,0.0,1.0,1.0,0.0,0.0,0,0,0.203,Low
1,1,1,0,30,1,2.0,0,74.85,2181.75,2.0,72.725,1,6,0.0,1.0,0.0,0.0,0.0,0.0,0.0,0.0,0.0,1.0,0.0,0.0,0.0,1.0,0.0,1.0,0.0,1.0,0.0,0,0,0.171,Low
0,0,1,1,72,1,2.0,0,19.55,1463.45,3.0,20.325694444444444,0,1,0.0,0.0,0.0,1.0,1.0,0.0,1.0,0.0,1.0,0.0,1.0,0.0,1.0,0.0,1.0,0.0,0.0,0.0,0.0,0,0,0.006,Low
1,0,1,1,46,1,2.0,1,20.1,936.85,2.0,20.366304347826087,0,1,0.0,0.0,0.0,1.0,1.0,0.0,1.0,0.0,1.0,0.0,1.0,0.0,1.0,0.0,1.0,0.0,0.0,0.0,1.0,0,0,0.001,Low
0,0,1,0,45,1,2.0,1,95.2,4285.8,2.0,95.24,0,5,0.0,0.0,1.0,0.0,0.0,0.0,0.0,0.0,0.0,0.0,0.0,1.0,0.0,1.0,0.0,1.0,1.0,0.0,0.0,0,0,0.211,Low
0,0,0,0,2,1,0.0,0,20.65,38.7,0.0,19.35,1,1,0.0,0.0,0.0,1.0,1.0,0.0,1.0,0.0,1.0,0.0,1.0,0.0,1.0,0.0,1.0,0.0,0.0,0.0,1.0,1,0,0.23,Low
0,0,0,0,34,1,1.0,0,55.0,1885.15,2.0,55.44558823529412,0,4,0.0,0.0,0.0,0.0,0.0,1.0,0.0,1.0,0.0,0.0,0.0,0.0,0.0,0.0,0.0,0.0,0.0,0.0,1.0,0,0,0.062,Low
0,0,1,0,54,1,1.0,0,106.55,5763.3,3.0,106.72777777777776,0,7,0.0,1.0,1.0,0.0,0.0,1.0,0.0,1.0,0.0,0.0,0.0,0.0,0.0,1.0,0.0,1.0,0.0,0.0,0.0,1,0,0.393,Medium
1,0,0,0,21,1,0.0,1,19.95,416.4,1.0,19.82857142857143,1,1,0.0,0.0,0.0,1.0,1.0,0.0,1.0,0.0,1.0,0.0,1.0,0.0,1.0,0.0,1.0,0.0,0.0,0.0,1.0,0,0,0.09,Low
1,0,1,0,65,1,2.0,0,76.15,4929.55,3.0,75.83923076923077,1,7,0.0,1.0,0.0,0.0,0.0,1.0,0.0,0.0,0.0,1.0,0.0,1.0,0.0,0.0,0.0,1.0,0.0,0.0,0.0,0,0,0.092,Low
0,0,1,0,20,1,0.0,1,69.8,1540.35,1.0,77.0175,0,2,0.0,0.0,1.0,0.0,0.0,0.0,0.0,0.0,0.0,0.0,0.0,0.0,0.0,0.0,0.0,0.0,0.0,0.0,0.0,0,1,0.608,High
1,0,0,0,1,1,0.0,1,79.5,79.5,0.0,79.5,0,3,0.0,0.0,1.0,0.0,0.0,0.0,0.0,0.0,0.0,0.0,0.0,0.0,0.0,1.0,0.0,0.0,0.0,1.0,0.0,1,1,0.933,High
1,0,1,1,42,1,0.0,1,69.4,3058.3,2.0,72.81666666666668,0,6,0.0,1.0,0.0,0.0,0.0,1.0,0.0,1.0,0.0,0.0,0.0,0.0,0.0,1.0,0.0,0.0,0.0,0.0,0.0,0,0,0.141,Low
1,0,0,0,1,1,0.0,0,19.4,19.4,0.0,19.4,0,1,0.0,0.0,0.0,1.0,1.0,0.0,1.0,0.0,1.0,0.0,1.0,0.0,1.0,0.0,1.0,0.0,0.0,0.0,1.0,1,0,0.437,Medium
0,0,1,0,20,1,0.0,1,96.55,1901.65,1.0,95.0825,1,6,0.0,0.0,1.0,0.0,0.0,1.0,0.0,1.0,0.0,0.0,0.0,1.0,0.0,1.0,0.0,0.0,0.0,1.0,0.0,0,1,0.701,High
1,0,0,0,11,1,0.0,0,70.2,760.05,0.0,69.09545454545454,1,2,0.0,0.0,1.0,0.0,0.0,0.0,0.0,0.0,0.0,0.0,0.0,0.0,0.0,0.0,0.0,0.0,0.0,1.0,0.0,0,1,0.622,High
0,0,1,0,61,1,2.0,0,25.3,1554.9,3.0,25.49016393442623,0,2,0.0,1.0,0.0,1.0,1.0,0.0,1.0,0.0,1.0,0.0,1.0,0.0,1.0,0.0,1.0,0.0,0.0,0.0,0.0,0,0,0.004,Low
0,0,1,0,64,1,2.0,0,25.0,1584.8,3.0,24.7625,1,2,0.0,1.0,0.0,1.0,1.0,0.0,1.0,0.0,1.0,0.0,1.0,0.0,1.0,0.0,1.0,0.0,1.0,0.0,0.0,0,0,0.007,Low
0,1,1,0,25,1,0.0,0,88.4,2191.15,2.0,87.646,1,5,0.0,0.0,1.0,0.0,0.0,0.0,0.0,1.0,0.0,1.0,0.0,0.0,0.0,0.0,0.0,1.0,0.0,0.0,0.0,0,1,0.505,Medium
0,0,0,0,44,1,0.0,1,50.15,2139.1,2.0,48.61590909090909,1,3,0.0,1.0,0.0,0.0,0.0,0.0,0.0,0.0,0.0,0.0,0.0,0.0,0.0,0.0,0.0,0.0,0.0,0.0,1.0,0,0,0.15,Low
0,0,1,0,5,1,0.0,0,69.95,330.15,0.0,66.03,1,2,0.0,0.0,1.0,0.0,0.0,0.0,0.0,0.0,0.0,0.0,0.0,0.0,0.0,0.0,0.0,0.0,0.0,1.0,0.0,1,1,0.668,High
0,1,1,1,48,0,1.0,0,29.9,1388.75,2.0,28.932291666666668,1,2,1.0,0.0,0.0,0.0,0.0,0.0,0.0,1.0,0.0,0.0,0.0,0.0,0.0,0.0,0.0,0.0,0.0,0.0,0.0,0,0,0.314,Medium
1,0,0,0,6,1,0.0,1,74.9,469.8,0.0,78.3,0,3,0.0,1.0,1.0,0.0,0.0,0.0,0.0,0.0,0.0,0.0,0.0,0.0,0.0,0.0,0.0,0.0,0.0,1.0,0.0,1,1,0.863,High
1,0,1,0,4,1,0.0,0,50.05,179.35,0.0,44.8375,1,3,0.0,0.0,0.0,0.0,0.0,0.0,0.0,0.0,0.0,0.0,0.0,1.0,0.0,0.0,0.0,0.0,0.0,0.0,1.0,1,1,0.528,Medium
1,0,1,1,72,1,2.0,0,19.95,1322.85,3.0,18.372916666666665,1,1,0.0,0.0,0.0,1.0,1.0,0.0,1.0,0.0,1.0,0.0,1.0,0.0,1.0,0.0,1.0,0.0,0.0,0.0,0.0,0,0,0.009,Low
1,0,0,0,54,1,0.0,0,89.4,4869.5,3.0,90.17592592592592,0,5,0.0,1.0,1.0,0.0,0.0,0.0,0.0,0.0,0.0,1.0,0.0,0.0,0.0,0.0,0.0,1.0,1.0,0.0,0.0,0,0,0.415,Medium
0,0,1,1,66,1,0.0,1,67.45,4508.65,3.0,68.31287878787879,0,6,0.0,1.0,0.0,0.0,0.0,1.0,0.0,1.0,0.0,1.0,0.0,0.0,0.0,0.0,0.0,0.0,0.0,0.0,0.0,0,0,0.147,Low
1,0,0,0,3,1,0.0,1,49.9,130.1,0.0,43.36666666666667,1,3,0.0,0.0,0.0,0.0,0.0,0.0,0.0,1.0,0.0,0.0,0.0,0.0,0.0,0.0,0.0,0.0,0.0,0.0,1.0,1,1,0.639,High
1,0,0,0,19,1,1.0,1,65.35,1231.85,1.0,64.83421052631579,1,5,0.0,0.0,0.0,0.0,0.0,0.0,0.0,1.0,0.0,0.0,0.0,1.0,0.0,0.0,0.0,1.0,0.0,0.0,0.0,0,0,0.27,Low
1,0,1,1,61,1,2.0,1,81.0,4976.15,3.0,81.57622950819672,0,7,0.0,1.0,0.0,0.0,0.0,0.0,0.0,0.0,0.0,1.0,0.0,1.0,0.0,1.0,0.0,1.0,0.0,0.0,0.0,0,0,0.077,Low
1,0,0,0,54,1,0.0,0,89.8,4667.0,3.0,86.42592592592592,1,5,0.0,0.0,1.0,0.0,0.0,1.0,0.0,0.0,0.0,1.0,0.0,0.0,0.0,1.0,0.0,0.0,0.0,0.0,1.0,0,0,0.281,Low
0,0,0,0,1,1,0.0,0,49.95,49.95,0.0,49.95,0,3,0.0,0.0,0.0,0.0,0.0,0.0,0.0,1.0,0.0,0.0,0.0,0.0,0.0,0.0,0.0,0.0,0.0,1.0,0.0,0,1,0.618,High
1,1,0,0,19,1,0.0,1,79.85,1471.75,1.0,77.46052631578948,1,4,0.0,1.0,1.0,0.0,0.0,0.0,0.0,0.0,0.0,1.0,0.0,0.0,0.0,0.0,0.0,0.0,0.0,1.0,0.0,1,1,0.732,High
1,0,1,0,24,1,2.0,0,19.75,483.15,1.0,20.13125,0,1,0.0,0.0,0.0,1.0,1.0,0.0,1.0,0.0,1.0,0.0,1.0,0.0,1.0,0.0,1.0,0.0,0.0,0.0,1.0,0,0,0.013,Low
0,1,0,1,33,1,0.0,1,105.35,3465.05,2.0,105.00151515151516,1,7,0.0,1.0,1.0,0.0,0.0,0.0,0.0,1.0,0.0,1.0,0.0,0.0,0.0,1.0,0.0,1.0,0.0,0.0,0.0,0,1,0.666,High
0,0,1,0,31,1,0.0,1,83.85,2674.15,2.0,86.26290322580645,0,4,0.0,0.0,1.0,0.0,0.0,0.0,0.0,1.0,0.0,0.0,0.0,0.0,0.0,0.0,0.0,1.0,0.0,0.0,0.0,0,1,0.602,High
1,0,1,0,59,0,0.0,1,44.3,2666.75,3.0,45.19915254237288,0,3,1.0,0.0,0.0,0.0,0.0,0.0,0.0,0.0,0.0,0.0,0.0,0.0,0.0,1.0,0.0,1.0,0.0,1.0,0.0,0,0,0.49,Medium
0,1,1,0,20,1,1.0,1,91.0,1859.5,1.0,92.975,0,4,0.0,0.0,1.0,0.0,0.0,0.0,0.0,0.0,0.0,0.0,0.0,0.0,0.0,1.0,0.0,1.0,0.0,0.0,0.0,0,0,0.389,Medium
1,1,1,0,60,1,0.0,1,99.0,6017.9,3.0,100.29833333333332,0,6,0.0,1.0,1.0,0.0,0.0,0.0,0.0,0.0,0.0,0.0,0.0,1.0,0.0,1.0,0.0,1.0,0.0,1.0,0.0,0,1,0.595,Medium
1,0,0,1,18,1,0.0,1,80.55,1406.65,1.0,78.14722222222223,1,4,0.0,1.0,1.0,0.0,0.0,0.0,0.0,0.0,0.0,1.0,0.0,0.0,0.0,0.0,0.0,0.0,1.0,0.0,0.0,0,1,0.507,Medium
0,0,0,1,19,1,0.0,1,60.6,1297.8,1.0,68.30526315789473,0,5,0.0,0.0,0.0,0.0,0.0,1.0,0.0,1.0,0.0,1.0,0.0,0.0,0.0,0.0,0.0,0.0,0.0,1.0,0.0,0,0,0.362,Medium
0,0,1,1,24,1,2.0,0,19.7,452.55,1.0,18.85625,1,1,0.0,0.0,0.0,1.0,1.0,0.0,1.0,0.0,1.0,0.0,1.0,0.0,1.0,0.0,1.0,0.0,0.0,0.0,1.0,0,0,0.005,Low
0,0,1,1,9,1,1.0,0,20.25,172.35,0.0,19.15,1,1,0.0,0.0,0.0,1.0,1.0,0.0,1.0,0.0,1.0,0.0,1.0,0.0,1.0,0.0,1.0,0.0,0.0,0.0,1.0,0,0,0.175,Low
0,0,1,1,33,1,0.0,0,24.25,838.5,2.0,25.40909090909091,0,2,0.0,1.0,0.0,1.0,1.0,0.0,1.0,0.0,1.0,0.0,1.0,0.0,1.0,0.0,1.0,0.0,0.0,0.0,0.0,0,0,0.121,Low
0,0,0,0,2,1,0.0,0,19.4,61.05,0.0,30.525,0,1,0.0,0.0,0.0,1.0,1.0,0.0,1.0,0.0,1.0,0.0,1.0,0.0,1.0,0.0,1.0,0.0,0.0,0.0,1.0,0,0,0.169,Low
1,0,1,0,67,1,2.0,1,93.15,6368.2,3.0,95.04776119402985,0,6,0.0,1.0,1.0,0.0,0.0,0.0,0.0,1.0,0.0,1.0,0.0,0.0,0.0,0.0,0.0,1.0,0.0,1.0,0.0,0,0,0.245,Low
0,0,0,0,52,1,0.0,1,49.75,2535.55,3.0,48.760576923076925,1,3,0.0,0.0,0.0,0.0,0.0,1.0,0.0,0.0,0.0,0.0,0.0,0.0,0.0,0.0,0.0,0.0,0.0,0.0,0.0,0,0,0.136,Low
0,0,0,0,5,1,0.0,1,19.65,92.05,0.0,18.41,1,1,0.0,0.0,0.0,1.0,1.0,0.0,1.0,0.0,1.0,0.0,1.0,0.0,1.0,0.0,1.0,0.0,1.0,0.0,0.0,0,0,0.113,Low
0,0,1,1,1,1,0.0,1,19.4,19.4,0.0,19.4,0,1,0.0,0.0,0.0,1.0,1.0,0.0,1.0,0.0,1.0,0.0,1.0,0.0,1.0,0.0,1.0,0.0,0.0,0.0,1.0,0,0,0.498,Medium
1,0,0,0,67,1,2.0,1,19.8,1311.3,3.0,19.571641791044776,1,1,0.0,0.0,0.0,1.0,1.0,0.0,1.0,0.0,1.0,0.0,1.0,0.0,1.0,0.0,1.0,0.0,0.0,0.0,1.0,0,0,0.014,Low
0,0,0,0,63,1,1.0,0,99.9,6137.0,3.0,97.41269841269842,1,6,0.0,1.0,1.0,0.0,0.0,0.0,0.0,1.0,0.0,0.0,0.0,0.0,0.0,1.0,0.0,1.0,0.0,0.0,0.0,1,0,0.27,Low
1,1,0,0,2,1,0.0,0,49.95,107.1,0.0,53.55,0,3,0.0,0.0,0.0,0.0,0.0,0.0,0.0,0.0,0.0,1.0,0.0,0.0,0.0,0.0,0.0,0.0,0.0,0.0,1.0,0,1,0.688,High
1,1,1,0,25,1,1.0,1,89.05,2177.45,2.0,87.098,1,5,0.0,1.0,1.0,0.0,0.0,1.0,0.0,0.0,0.0,0.0,0.0,0.0,0.0,0.0,0.0,1.0,0.0,1.0,0.0,1,0,0.333,Medium
1,0,0,0,19,1,2.0,1,19.95,373.5,1.0,19.657894736842103,1,1,0.0,0.0,0.0,1.0,1.0,0.0,1.0,0.0,1.0,0.0,1.0,0.0,1.0,0.0,1.0,0.0,0.0,0.0,1.0,0,0,0.014,Low
1,0,0,1,62,1,1.0,0,56.15,3487.95,3.0,56.25725806451613,0,4,0.0,0.0,0.0,0.0,0.0,1.0,0.0,1.0,0.0,0.0,0.0,0.0,0.0,0.0,0.0,0.0,0.0,0.0,0.0,0,0,0.051,Low
1,1,0,0,23,0,0.0,1,34.65,768.45,1.0,33.4108695652174,1,2,1.0,0.0,0.0,0.0,0.0,0.0,0.0,0.0,0.0,0.0,0.0,0.0,0.0,0.0,0.0,1.0,0.0,0.0,0.0,0,1,0.509,Medium
1,0,1,0,70,1,2.0,0,64.95,4523.25,3.0,64.61785714285715,1,6,0.0,0.0,0.0,0.0,0.0,1.0,0.0,1.0,0.0,1.0,0.0,1.0,0.0,0.0,0.0,0.0,1.0,0.0,0.0,0,0,0.055,Low
1,0,0,0,29,1,0.0,1,94.2,2607.6,2.0,89.91724137931034,1,5,0.0,0.0,1.0,0.0,0.0,0.0,0.0,0.0,0.0,0.0,0.0,1.0,0.0,1.0,0.0,1.0,0.0,1.0,0.0,0,1,0.598,Medium
1,0,1,0,32,1,0.0,1,78.9,2447.95,2.0,76.4984375,1,4,0.0,1.0,1.0,0.0,0.0,0.0,0.0,0.0,0.0,1.0,0.0,0.0,0.0,0.0,0.0,0.0,0.0,1.0,0.0,1,1,0.649,High
0,0,0,0,31,1,0.0,0,65.25,1994.3,2.0,64.33225806451613,1,6,0.0,1.0,0.0,0.0,0.0,1.0,0.0,0.0,0.0,1.0,0.0,1.0,0.0,0.0,0.0,0.0,1.0,0.0,0.0,1,0,0.119,Low
0,0,0,0,59,1,2.0,0,95.8,5655.45,3.0,95.85508474576272,0,5,0.0,0.0,1.0,0.0,0.0,0.0,0.0,0.0,0.0,1.0,0.0,0.0,0.0,1.0,0.0,1.0,0.0,1.0,0.0,0,0,0.377,Medium
1,0,0,0,32,1,1.0,1,64.85,2010.95,2.0,62.8421875,1,4,0.0,0.0,0.0,0.0,0.0,0.0,0.0,0.0,0.0,0.0,0.0,0.0,0.0,1.0,0.0,1.0,0.0,0.0,0.0,0,0,0.247,Low
1,0,1,0,17,0,0.0,1,49.8,836.35,1.0,49.19705882352941,1,4,1.0,0.0,0.0,0.0,0.0,0.0,0.0,1.0,0.0,0.0,0.0,0.0,0.0,1.0,0.0,1.0,0.0,0.0,1.0,0,0,0.449,Medium
1,0,0,0,26,1,0.0,0,20.9,518.3,2.0,19.934615384615384,1,1,0.0,0.0,0.0,1.0,1.0,0.0,1.0,0.0,1.0,0.0,1.0,0.0,1.0,0.0,1.0,0.0,0.0,0.0,1.0,0,0,0.03,Low
1,0,0,0,12,1,0.0,0,94.55,1173.55,0.0,97.79583333333332,0,5,0.0,1.0,1.0,0.0,0.0,0.0,0.0,0.0,0.0,0.0,0.0,0.0,0.0,1.0,0.0,1.0,0.0,1.0,0.0,0,1,0.797,High
1,0,1,1,61,1,1.0,1,98.45,6145.2,3.0,100.74098360655738,0,6,0.0,0.0,1.0,0.0,0.0,0.0,0.0,1.0,0.0,0.0,0.0,1.0,0.0,1.0,0.0,1.0,0.0,0.0,0.0,0,0,0.212,Low
0,0,1,0,71,1,2.0,0,19.6,1416.5,3.0,19.950704225352112,0,1,0.0,0.0,0.0,1.0,1.0,0.0,1.0,0.0,1.0,0.0,1.0,0.0,1.0,0.0,1.0,0.0,0.0,0.0,1.0,0,0,0.011,Low
0,0,0,0,9,1,0.0,1,20.45,147.55,0.0,16.394444444444446,1,1,0.0,0.0,0.0,1.0,1.0,0.0,1.0,0.0,1.0,0.0,1.0,0.0,1.0,0.0,1.0,0.0,1.0,0.0,0.0,0,0,0.112,Low
1,1,1,0,24,1,0.0,1,104.25,2433.9,1.0,101.4125,1,7,0.0,1.0,1.0,0.0,0.0,0.0,0.0,1.0,0.0,1.0,0.0,0.0,0.0,1.0,0.0,1.0,0.0,1.0,0.0,1,1,0.805,High
0,1,0,0,7,1,0.0,1,89.15,574.35,0.0,82.05,1,4,0.0,0.0,1.0,0.0,0.0,0.0,0.0,0.0,0.0,0.0,0.0,0.0,0.0,1.0,0.0,1.0,0.0,1.0,0.0,0,1,0.833,High
1,0,0,1,41,1,2.0,1,111.15,4507.15,2.0,109.93048780487804,1,8,0.0,0.0,1.0,0.0,0.0,1.0,0.0,1.0,0.0,1.0,0.0,1.0,0.0,1.0,0.0,1.0,0.0,1.0,0.0,0,0,0.231,Low
1,0,1,1,20,1,0.0,1,90.2,1776.55,1.0,88.8275,1,4,0.0,0.0,1.0,0.0,0.0,0.0,0.0,0.0,0.0,0.0,0.0,0.0,0.0,1.0,0.0,1.0,0.0,1.0,0.0,1,1,0.706,High
1,0,1,0,33,1,0.0,0,91.25,2964.05,2.0,89.81969696969698,1,4,0.0,0.0,1.0,0.0,0.0,0.0,0.0,0.0,0.0,0.0,0.0,0.0,0.0,1.0,0.0,1.0,0.0,1.0,0.0,0,1,0.54,Medium
1,0,0,0,56,1,2.0,1,81.8,4534.45,3.0,80.97232142857142,1,7,0.0,0.0,0.0,0.0,0.0,0.0,0.0,1.0,0.0,1.0,0.0,1.0,0.0,1.0,0.0,1.0,1.0,0.0,0.0,0,0,0.048,Low
1,0,1,1,1,1,0.0,1,74.5,74.5,0.0,74.5,0,3,0.0,1.0,1.0,0.0,0.0,0.0,0.0,0.0,0.0,0.0,0.0,0.0,0.0,0.0,0.0,0.0,0.0,1.0,0.0,1,1,0.921,High
1,0,0,0,4,1,0.0,1,76.05,318.9,0.0,79.725,0,3,0.0,1.0,1.0,0.0,0.0,0.0,0.0,0.0,0.0,0.0,0.0,0.0,0.0,0.0,0.0,0.0,0.0,1.0,0.0,1,1,0.877,High
0,0,0,0,54,1,0.0,0,111.1,6014.85,3.0,111.38611111111112,0,8,0.0,1.0,1.0,0.0,0.0,0.0,0.0,1.0,0.0,1.0,0.0,1.0,0.0,1.0,0.0,1.0,0.0,1.0,0.0,1,0,0.355,Medium
0,0,1,1,8,1,0.0,1,68.55,564.35,0.0,70.54375,0,5,0.0,0.0,0.0,0.0,0.0,0.0,0.0,0.0,0.0,0.0,0.0,1.0,0.0,1.0,0.0,1.0,0.0,1.0,0.0,0,0,0.489,Medium
1,0,1,0,58,0,1.0,1,45.0,2689.35,3.0,46.36810344827586,0,3,1.0,0.0,0.0,0.0,0.0,0.0,0.0,0.0,0.0,0.0,0.0,0.0,0.0,1.0,0.0,1.0,1.0,0.0,0.0,0,0,0.239,Low
1,0,1,0,34,1,0.0,0,100.85,3527.3,2.0,103.74411764705884,0,6,0.0,1.0,1.0,0.0,0.0,0.0,0.0,0.0,0.0,1.0,0.0,0.0,0.0,1.0,0.0,1.0,0.0,1.0,0.0,0,1,0.69,High
0,1,0,0,2,0,0.0,1,30.4,78.65,0.0,39.325,0,2,1.0,0.0,0.0,0.0,0.0,0.0,0.0,0.0,0.0,1.0,0.0,0.0,0.0,0.0,0.0,0.0,0.0,1.0,0.0,1,1,0.805,High
1,0,0,1,25,1,0.0,1,95.9,2448.75,2.0,97.95,0,5,0.0,0.0,1.0,0.0,0.0,0.0,0.0,1.0,0.0,0.0,0.0,0.0,0.0,1.0,0.0,1.0,0.0,1.0,0.0,1,1,0.667,High
0,0,1,0,68,1,2.0,1,89.95,5974.3,3.0,87.85735294117647,1,5,0.0,1.0,1.0,0.0,0.0,0.0,0.0,0.0,0.0,1.0,0.0,0.0,0.0,1.0,0.0,0.0,0.0,0.0,0.0,0,0,0.152,Low
0,0,1,0,71,1,2.0,1,105.15,7555.0,3.0,106.40845070422536,0,7,0.0,1.0,1.0,0.0,0.0,0.0,0.0,1.0,0.0,1.0,0.0,0.0,0.0,1.0,0.0,1.0,0.0,0.0,0.0,0,0,0.298,Low
0,0,0,1,1,1,0.0,0,59.2,59.2,0.0,59.2,0,4,0.0,0.0,0.0,0.0,0.0,0.0,0.0,0.0,0.0,1.0,0.0,0.0,0.0,0.0,0.0,1.0,0.0,1.0,0.0,1,1,0.599,Medium
1,0,0,0,13,1,0.0,0,98.15,1230.25,1.0,94.6346153846154,1,6,0.0,1.0,1.0,0.0,0.0,1.0,0.0,0.0,0.0,0.0,0.0,0.0,0.0,1.0,0.0,1.0,0.0,0.0,1.0,1,1,0.63,High
1,0,1,1,5,1,0.0,1,84.5,453.75,0.0,90.75,0,5,0.0,1.0,1.0,0.0,0.0,1.0,0.0,0.0,0.0,1.0,0.0,0.0,0.0,0.0,0.0,0.0,0.0,1.0,0.0,1,1,0.75,High
0,0,0,0,22,1,1.0,0,20.85,450.65,1.0,20.48409090909091,1,1,0.0,0.0,0.0,1.0,1.0,0.0,1.0,0.0,1.0,0.0,1.0,0.0,1.0,0.0,1.0,0.0,0.0,0.0,0.0,0,0,0.03,Low
0,0,1,1,10,1,2.0,0,26.1,225.55,0.0,22.555,1,2,0.0,1.0,0.0,1.0,1.0,0.0,1.0,0.0,1.0,0.0,1.0,0.0,1.0,0.0,1.0,0.0,1.0,0.0,0.0,0,0,0.066,Low
1,1,1,0,55,1,0.0,1,74.0,4052.4,3.0,73.68,1,3,0.0,1.0,1.0,0.0,0.0,0.0,0.0,0.0,0.0,0.0,0.0,0.0,0.0,0.0,0.0,0.0,0.0,1.0,0.0,0,1,0.542,Medium
0,0,1,1,27,1,1.0,1,20.55,583.3,2.0,21.6037037037037,0,1,0.0,0.0,0.0,1.0,1.0,0.0,1.0,0.0,1.0,0.0,1.0,0.0,1.0,0.0,1.0,0.0,0.0,0.0,1.0,0,0,0.032,Low
0,0,0,0,10,1,0.0,0,18.85,163.2,0.0,16.32,1,1,0.0,0.0,0.0,1.0,1.0,0.0,1.0,0.0,1.0,0.0,1.0,0.0,1.0,0.0,1.0,0.0,0.0,0.0,1.0,0,0,0.102,Low
1,0,0,0,23,1,0.0,0,20.85,473.9,1.0,20.604347826086958,1,1,0.0,0.0,0.0,1.0,1.0,0.0,1.0,0.0,1.0,0.0,1.0,0.0,1.0,0.0,1.0,0.0,0.0,1.0,0.0,0,0,0.05,Low
1,0,1,1,70,1,2.0,1,84.1,5979.7,3.0,85.42428571428572,0,8,0.0,1.0,0.0,0.0,0.0,0.0,0.0,1.0,0.0,1.0,0.0,1.0,0.0,1.0,0.0,1.0,0.0,1.0,0.0,0,0,0.057,Low
0,0,0,1,5,1,0.0,0,46.0,221.7,0.0,44.34,1,2,0.0,0.0,0.0,0.0,0.0,0.0,0.0,0.0,0.0,0.0,0.0,0.0,0.0,0.0,0.0,0.0,0.0,0.0,1.0,1,1,0.518,Medium
0,0,0,0,24,1,2.0,1,19.55,470.2,1.0,19.591666666666665,0,1,0.0,0.0,0.0,1.0,1.0,0.0,1.0,0.0,1.0,0.0,1.0,0.0,1.0,0.0,1.0,0.0,0.0,0.0,0.0,0,0,0.024,Low
0,0,0,0,8,1,1.0,1,20.2,140.95,0.0,17.61875,1,1,0.0,0.0,0.0,1.0,1.0,0.0,1.0,0.0,1.0,0.0,1.0,0.0,1.0,0.0,1.0,0.0,0.0,0.0,0.0,0,0,0.103,Low
1,0,1,0,19,1,0.0,1,88.8,1672.35,1.0,88.01842105263158,1,6,0.0,1.0,1.0,0.0,0.0,1.0,0.0,1.0,0.0,0.0,0.0,1.0,0.0,0.0,0.0,0.0,1.0,0.0,0.0,0,0,0.397,Medium
1,1,1,0,43,1,1.0,1,100.55,4304.0,2.0,100.09302325581396,1,6,0.0,0.0,1.0,0.0,0.0,0.0,0.0,1.0,0.0,1.0,0.0,0.0,0.0,1.0,0.0,1.0,0.0,0.0,0.0,0,0,0.368,Medium
1,1,0,0,67,1,0.0,1,101.4,6841.05,3.0,102.10522388059702,0,6,0.0,1.0,1.0,0.0,0.0,0.0,0.0,0.0,0.0,1.0,0.0,0.0,0.0,1.0,0.0,1.0,1.0,0.0,0.0,0,1,0.584,Medium
1,0,0,0,4,1,0.0,1,55.3,238.5,0.0,59.625,0,3,0.0,0.0,0.0,0.0,0.0,0.0,0.0,0.0,0.0,0.0,0.0,0.0,0.0,0.0,0.0,1.0,0.0,0.0,1.0,0,1,0.548,Medium
1,0,1,0,59,1,2.0,0,113.75,6561.25,3.0,111.20762711864408,1,9,0.0,1.0,1.0,0.0,0.0,1.0,0.0,1.0,0.0,1.0,0.0,1.0,0.0,1.0,0.0,1.0,0.0,1.0,0.0,0,0,0.173,Low
1,0,1,0,72,1,2.0,0,25.4,1710.9,3.0,23.762500000000003,1,2,0.0,1.0,0.0,1.0,1.0,0.0,1.0,0.0,1.0,0.0,1.0,0.0,1.0,0.0,1.0,0.0,0.0,0.0,1.0,0,0,0.038,Low
1,0,0,1,19,1,0.0,1,20.0,377.55,1.0,19.871052631578948,1,1,0.0,0.0,0.0,1.0,1.0,0.0,1.0,0.0,1.0,0.0,1.0,0.0,1.0,0.0,1.0,0.0,0.0,1.0,0.0,0,0,0.357,Medium
0,0,0,0,1,1,0.0,0,73.5,73.5,0.0,73.5,0,3,0.0,0.0,1.0,0.0,0.0,0.0,0.0,0.0,0.0,1.0,0.0,0.0,0.0,0.0,0.0,0.0,0.0,0.0,0.0,1,1,0.786,High
0,0,1,1,30,0,0.0,0,51.2,1561.5,2.0,52.05,0,4,1.0,0.0,0.0,0.0,0.0,0.0,0.0,0.0,0.0,0.0,0.0,1.0,0.0,1.0,0.0,1.0,1.0,0.0,0.0,1,0,0.198,Low
0,0,1,0,2,1,0.0,1,74.4,139.4,0.0,69.7,1,3,0.0,0.0,1.0,0.0,0.0,1.0,0.0,0.0,0.0,0.0,0.0,0.0,0.0,0.0,0.0,0.0,0.0,1.0,0.0,1,1,0.623,High
1,0,1,1,60,1,1.0,1,65.85,3928.3,3.0,65.47166666666666,1,6,0.0,0.0,0.0,0.0,0.0,1.0,0.0,1.0,0.0,1.0,0.0,1.0,0.0,0.0,0.0,0.0,0.0,0.0,0.0,0,0,0.053,Low
1,0,0,0,44,1,0.0,1,111.5,4915.15,2.0,111.70795454545454,0,8,0.0,1.0,1.0,0.0,0.0,1.0,0.0,1.0,0.0,1.0,0.0,0.0,0.0,1.0,0.0,1.0,0.0,1.0,0.0,0,0,0.429,Medium
0,0,0,0,1,1,0.0,1,48.6,48.6,0.0,48.6,0,3,0.0,0.0,0.0,0.0,0.0,0.0,0.0,1.0,0.0,0.0,0.0,0.0,0.0,0.0,0.0,0.0,0.0,1.0,0.0,0,1,0.707,High
1,0,1,0,3,0,0.0,1,29.9,92.25,0.0,30.75,0,2,1.0,0.0,0.0,0.0,0.0,0.0,0.0,0.0,0.0,0.0,0.0,1.0,0.0,0.0,0.0,0.0,0.0,1.0,0.0,0,1,0.625,High
1,1,1,0,71,1,2.0,0,24.85,1901.0,3.0,26.774647887323944,0,2,0.0,1.0,0.0,1.0,1.0,0.0,1.0,0.0,1.0,0.0,1.0,0.0,1.0,0.0,1.0,0.0,0.0,0.0,0.0,0,0,0.004,Low
0,0,0,0,2,1,0.0,0,49.2,103.7,0.0,51.85,0,3,0.0,0.0,0.0,0.0,0.0,0.0,0.0,1.0,0.0,0.0,0.0,0.0,0.0,0.0,0.0,0.0,0.0,0.0,1.0,0,1,0.636,High
0,0,0,0,1,0,1.0,0,25.85,25.85,0.0,25.85,0,1,1.0,0.0,0.0,0.0,0.0,0.0,0.0,0.0,0.0,0.0,0.0,0.0,0.0,0.0,0.0,0.0,0.0,0.0,1.0,0,0,0.482,Medium
0,0,1,1,72,1,2.0,1,115.5,8425.15,3.0,117.01597222222222,0,9,0.0,1.0,1.0,0.0,0.0,1.0,0.0,1.0,0.0,1.0,0.0,1.0,0.0,1.0,0.0,1.0,0.0,1.0,0.0,0,0,0.022,Low
0,0,0,0,6,1,0.0,1,85.95,514.6,0.0,85.76666666666667,1,4,0.0,0.0,1.0,0.0,0.0,0.0,0.0,1.0,0.0,0.0,0.0,0.0,0.0,0.0,0.0,1.0,0.0,0.0,1.0,0,1,0.788,High
0,0,0,0,1,1,0.0,1,85.55,85.55,0.0,85.55,0,4,0.0,0.0,1.0,0.0,0.0,0.0,0.0,0.0,0.0,1.0,0.0,0.0,0.0,1.0,0.0,0.0,1.0,0.0,0.0,1,1,0.823,High
1,1,0,0,20,1,0.0,0,89.95,1648.45,1.0,82.4225,1,4,0.0,0.0,1.0,0.0,0.0,0.0,0.0,0.0,0.0,0.0,0.0,0.0,0.0,1.0,0.0,1.0,0.0,1.0,0.0,0,1,0.606,High
1,0,0,0,1,1,0.0,1,88.35,88.35,0.0,88.35,0,4,0.0,0.0,1.0,0.0,0.0,0.0,0.0,0.0,0.0,0.0,0.0,0.0,0.0,1.0,0.0,1.0,0.0,1.0,0.0,1,1,0.922,High
1,0,0,0,12,1,0.0,0,20.05,265.45,0.0,22.120833333333334,0,1,0.0,0.0,0.0,1.0,1.0,0.0,1.0,0.0,1.0,0.0,1.0,0.0,1.0,0.0,1.0,0.0,1.0,0.0,0.0,0,0,0.162,Low
1,0,0,0,9,0,0.0,1,24.95,190.25,0.0,21.13888888888889,1,1,1.0,0.0,0.0,0.0,0.0,0.0,0.0,0.0,0.0,0.0,0.0,0.0,0.0,0.0,0.0,0.0,0.0,1.0,0.0,0,1,0.658,High
0,0,0,0,12,1,0.0,0,20.1,223.6,0.0,18.633333333333333,1,1,0.0,0.0,0.0,1.0,1.0,0.0,1.0,0.0,1.0,0.0,1.0,0.0,1.0,0.0,1.0,0.0,0.0,0.0,1.0,0,0,0.141,Low
0,0,0,0,1,1,0.0,1,49.9,49.9,0.0,49.9,0,3,0.0,0.0,0.0,0.0,0.0,0.0,0.0,0.0,0.0,0.0,0.0,1.0,0.0,0.0,0.0,0.0,0.0,1.0,0.0,0,1,0.651,High
1,0,0,0,17,1,1.0,1,19.65,351.55,1.0,20.679411764705883,0,1,0.0,0.0,0.0,1.0,1.0,0.0,1.0,0.0,1.0,0.0,1.0,0.0,1.0,0.0,1.0,0.0,0.0,0.0,0.0,0,0,0.052,Low
0,0,0,0,12,1,0.0,1,79.55,958.25,0.0,79.85416666666667,0,4,0.0,1.0,1.0,0.0,0.0,0.0,0.0,0.0,0.0,0.0,0.0,1.0,0.0,0.0,0.0,0.0,1.0,0.0,0.0,0,1,0.667,High
1,0,0,0,12,1,0.0,1,106.7,1253.9,0.0,104.49166666666667,1,7,0.0,1.0,1.0,0.0,0.0,0.0,0.0,1.0,0.0,1.0,0.0,0.0,0.0,1.0,0.0,1.0,0.0,1.0,0.0,1,1,0.755,High
0,0,0,0,15,1,0.0,1,55.7,899.8,1.0,59.986666666666665,0,4,0.0,1.0,0.0,0.0,0.0,1.0,0.0,0.0,0.0,0.0,0.0,0.0,0.0,0.0,0.0,0.0,0.0,0.0,1.0,1,0,0.36,Medium
1,0,1,0,71,1,2.0,1,99.0,6994.6,3.0,98.51549295774647,1,7,0.0,1.0,1.0,0.0,0.0,1.0,0.0,1.0,0.0,1.0,0.0,0.0,0.0,1.0,0.0,0.0,0.0,1.0,0.0,0,0,0.12,Low
0,0,1,0,30,1,0.0,1,85.0,2624.25,2.0,87.475,0,4,0.0,1.0,1.0,0.0,0.0,0.0,0.0,0.0,0.0,0.0,0.0,0.0,0.0,0.0,0.0,1.0,0.0,1.0,0.0,1,1,0.758,High
1,0,0,1,33,1,1.0,1,20.15,682.15,2.0,20.67121212121212,0,1,0.0,0.0,0.0,1.0,1.0,0.0,1.0,0.0,1.0,0.0,1.0,0.0,1.0,0.0,1.0,0.0,0.0,0.0,1.0,0,0,0.031,Low
0,0,0,0,1,1,0.0,0,19.9,19.9,0.0,19.9,0,1,0.0,0.0,0.0,1.0,1.0,0.0,1.0,0.0,1.0,0.0,1.0,0.0,1.0,0.0,1.0,0.0,0.0,0.0,1.0,0,1,0.6,Medium
0,0,1,1,62,1,0.0,1,70.45,4300.45,3.0,69.36209677419355,1,5,0.0,1.0,0.0,0.0,0.0,0.0,0.0,0.0,0.0,0.0,0.0,0.0,0.0,1.0,0.0,1.0,1.0,0.0,0.0,0,0,0.162,Low
0,0,1,1,72,1,2.0,1,116.8,8456.75,3.0,117.45486111111111,0,9,0.0,1.0,1.0,0.0,0.0,1.0,0.0,1.0,0.0,1.0,0.0,1.0,0.0,1.0,0.0,1.0,1.0,0.0,0.0,0,0,0.025,Low
0,0,1,1,30,1,0.0,0,66.3,1923.5,2.0,64.11666666666666,1,5,0.0,0.0,0.0,0.0,0.0,1.0,0.0,0.0,0.0,0.0,0.0,1.0,0.0,0.0,0.0,1.0,0.0,0.0,0.0,0,0,0.126,Low
0,0,0,1,3,1,1.0,1,20.55,57.4,0.0,19.133333333333333,1,1,0.0,0.0,0.0,1.0,1.0,0.0,1.0,0.0,1.0,0.0,1.0,0.0,1.0,0.0,1.0,0.0,1.0,0.0,0.0,0,0,0.113,Low
0,0,1,1,28,1,1.0,1,90.45,2509.25,2.0,89.61607142857143,1,5,0.0,1.0,1.0,0.0,0.0,0.0,0.0,0.0,0.0,0.0,0.0,1.0,0.0,0.0,0.0,1.0,0.0,1.0,0.0,0,0,0.397,Medium
1,0,0,0,30,1,0.0,1,94.3,2679.7,2.0,89.32333333333332,1,6,0.0,1.0,1.0,0.0,0.0,1.0,0.0,1.0,0.0,0.0,0.0,0.0,0.0,0.0,0.0,1.0,1.0,0.0,0.0,0,1,0.519,Medium
0,0,1,1,12,1,0.0,0,19.0,233.55,0.0,19.4625,0,1,0.0,0.0,0.0,1.0,1.0,0.0,1.0,0.0,1.0,0.0,1.0,0.0,1.0,0.0,1.0,0.0,0.0,0.0,1.0,1,0,0.13,Low
1,0,0,0,51,1,1.0,1,24.6,1266.4,3.0,24.83137254901961,0,2,0.0,1.0,0.0,1.0,1.0,0.0,1.0,0.0,1.0,0.0,1.0,0.0,1.0,0.0,1.0,0.0,0.0,0.0,0.0,0,0,0.036,Low
0,0,0,0,15,0,1.0,0,45.9,693.45,1.0,46.23,0,5,1.0,0.0,0.0,0.0,0.0,1.0,0.0,1.0,0.0,1.0,0.0,1.0,0.0,0.0,0.0,0.0,0.0,0.0,1.0,0,0,0.08,Low
1,0,1,1,72,1,2.0,1,25.1,1790.8,3.0,24.87222222222222,1,2,0.0,1.0,0.0,1.0,1.0,0.0,1.0,0.0,1.0,0.0,1.0,0.0,1.0,0.0,1.0,0.0,1.0,0.0,0.0,0,0,0.027,Low
1,0,0,0,32,1,0.0,1,108.15,3432.9,2.0,107.278125,1,8,0.0,1.0,1.0,0.0,0.0,1.0,0.0,1.0,0.0,0.0,0.0,1.0,0.0,1.0,0.0,1.0,1.0,0.0,0.0,1,0,0.394,Medium
0,1,0,0,6,1,0.0,1,74.1,450.9,0.0,75.14999999999999,0,3,0.0,0.0,1.0,0.0,0.0,1.0,0.0,0.0,0.0,0.0,0.0,0.0,0.0,0.0,0.0,0.0,0.0,1.0,0.0,0,1,0.718,High
1,0,1,0,63,1,1.0,0,70.8,4448.8,3.0,70.61587301587302,1,6,0.0,0.0,0.0,0.0,0.0,1.0,0.0,1.0,0.0,0.0,0.0,1.0,0.0,1.0,0.0,0.0,1.0,0.0,0.0,0,0,0.104,Low
0,1,0,0,11,1,0.0,1,95.15,997.65,0.0,90.69545454545454,1,5,0.0,1.0,1.0,0.0,0.0,0.0,0.0,0.0,0.0,0.0,0.0,0.0,0.0,1.0,0.0,1.0,0.0,0.0,0.0,1,1,0.88,High
1,0,0,0,19,1,0.0,1,61.55,1093.2,1.0,57.53684210526316,1,4,0.0,0.0,0.0,0.0,0.0,0.0,0.0,0.0,0.0,0.0,0.0,1.0,0.0,1.0,0.0,0.0,1.0,0.0,0.0,0,0,0.41,Medium
1,0,1,1,64,1,1.0,1,73.05,4688.65,3.0,73.26015625,0,6,0.0,0.0,0.0,0.0,0.0,1.0,0.0,0.0,0.0,1.0,0.0,0.0,0.0,1.0,0.0,1.0,1.0,0.0,0.0,0,0,0.142,Low
0,0,1,1,7,1,1.0,0,69.45,477.05,0.0,68.15,1,6,0.0,0.0,0.0,0.0,0.0,1.0,0.0,1.0,0.0,1.0,0.0,0.0,0.0,1.0,0.0,0.0,0.0,1.0,0.0,0,0,0.161,Low
0,1,0,0,4,1,0.0,0,20.05,91.45,0.0,22.8625,0,1,0.0,0.0,0.0,1.0,1.0,0.0,1.0,0.0,1.0,0.0,1.0,0.0,1.0,0.0,1.0,0.0,0.0,0.0,1.0,0,0,0.246,Low
1,0,0,0,7,1,0.0,1,19.95,147.5,0.0,21.071428571428573,0,1,0.0,0.0,0.0,1.0,1.0,0.0,1.0,0.0,1.0,0.0,1.0,0.0,1.0,0.0,1.0,0.0,0.0,0.0,1.0,0,0,0.112,Low
1,0,0,0,4,1,0.0,1,90.4,356.65,0.0,89.1625,1,5,0.0,0.0,1.0,0.0,0.0,0.0,0.0,0.0,0.0,1.0,0.0,1.0,0.0,0.0,0.0,1.0,0.0,1.0,0.0,0,1,0.829,High
0,0,0,0,3,1,0.0,1,74.55,233.65,0.0,77.88333333333334,0,3,0.0,0.0,1.0,0.0,0.0,1.0,0.0,0.0,0.0,0.0,0.0,0.0,0.0,0.0,0.0,0.0,0.0,1.0,0.0,0,1,0.735,High
0,1,0,0,65,0,2.0,1,53.5,3517.9,3.0,54.121538461538464,0,5,1.0,0.0,0.0,0.0,0.0,0.0,0.0,1.0,0.0,1.0,0.0,0.0,0.0,1.0,0.0,1.0,0.0,0.0,0.0,0,0,0.154,Low
1,0,1,1,42,1,1.0,0,63.7,2763.35,2.0,65.79404761904762,0,5,0.0,0.0,0.0,0.0,0.0,1.0,0.0,0.0,0.0,0.0,0.0,1.0,0.0,0.0,0.0,1.0,1.0,0.0,0.0,0,0,0.131,Low
1,0,0,0,26,1,1.0,0,75.0,1908.35,2.0,73.39807692307691,1,6,0.0,0.0,0.0,0.0,0.0,1.0,0.0,0.0,0.0,0.0,0.0,1.0,0.0,1.0,0.0,1.0,0.0,0.0,0.0,0,0,0.132,Low
0,0,0,0,48,1,1.0,0,25.05,1171.5,2.0,24.40625,1,2,0.0,1.0,0.0,1.0,1.0,0.0,1.0,0.0,1.0,0.0,1.0,0.0,1.0,0.0,1.0,0.0,1.0,0.0,0.0,0,0,0.028,Low
1,0,1,1,69,1,2.0,1,99.35,6856.45,3.0,99.36884057971014,0,6,0.0,1.0,1.0,0.0,0.0,0.0,0.0,0.0,0.0,0.0,0.0,1.0,0.0,1.0,0.0,1.0,0.0,1.0,0.0,0,0,0.208,Low
1,0,1,1,17,0,1.0,0,44.45,792.15,1.0,46.59705882352941,0,4,1.0,0.0,0.0,0.0,0.0,1.0,0.0,0.0,0.0,1.0,0.0,0.0,0.0,1.0,0.0,0.0,1.0,0.0,0.0,0,0,0.158,Low
0,0,1,1,1,1,0.0,1,21.0,21.0,0.0,21.0,0,1,0.0,0.0,0.0,1.0,1.0,0.0,1.0,0.0,1.0,0.0,1.0,0.0,1.0,0.0,1.0,0.0,0.0,1.0,0.0,1,0,0.38,Medium
0,0,0,0,4,1,0.0,1,76.65,333.6,0.0,83.4,0,3,0.0,0.0,1.0,0.0,0.0,0.0,0.0,1.0,0.0,0.0,0.0,0.0,0.0,0.0,0.0,0.0,0.0,0.0,0.0,1,1,0.843,High
0,1,0,0,34,1,0.0,1,96.35,3190.25,2.0,93.83088235294116,1,6,0.0,1.0,1.0,0.0,0.0,0.0,0.0,1.0,0.0,0.0,0.0,1.0,0.0,1.0,0.0,0.0,0.0,1.0,0.0,0,1,0.66,High
0,0,0,0,2,1,0.0,0,70.35,139.25,0.0,69.625,1,2,0.0,0.0,1.0,0.0,0.0,0.0,0.0,0.0,0.0,0.0,0.0,0.0,0.0,0.0,0.0,0.0,0.0,1.0,0.0,0,1,0.783,High
0,0,1,1,1,1,0.0,0,50.45,50.45,0.0,50.45,0,3,0.0,0.0,0.0,0.0,0.0,0.0,0.0,0.0,0.0,1.0,0.0,0.0,0.0,0.0,0.0,0.0,0.0,0.0,1.0,1,1,0.697,High
0,0,0,0,12,1,0.0,0,20.3,246.7,0.0,20.558333333333334,0,1,0.0,0.0,0.0,1.0,1.0,0.0,1.0,0.0,1.0,0.0,1.0,0.0,1.0,0.0,1.0,0.0,0.0,0.0,1.0,0,0,0.145,Low
1,0,0,0,38,1,0.0,1,69.5,2625.25,2.0,69.08552631578948,1,2,0.0,0.0,1.0,0.0,0.0,0.0,0.0,0.0,0.0,0.0,0.0,0.0,0.0,0.0,0.0,0.0,1.0,0.0,0.0,0,0,0.465,Medium
0,0,1,1,31,1,2.0,0,80.55,2471.6,2.0,79.7290322580645,1,7,0.0,1.0,0.0,0.0,0.0,0.0,0.0,1.0,0.0,0.0,0.0,1.0,0.0,1.0,0.0,1.0,0.0,0.0,0.0,0,0,0.112,Low
0,0,1,1,67,1,2.0,1,108.75,7156.2,3.0,106.8089552238806,1,8,0.0,1.0,1.0,0.0,0.0,1.0,0.0,0.0,0.0,1.0,0.0,1.0,0.0,1.0,0.0,1.0,1.0,0.0,0.0,1,0,0.214,Low
1,0,1,1,22,1,0.0,1,88.75,1885.15,1.0,85.68863636363636,1,5,0.0,1.0,1.0,0.0,0.0,0.0,0.0,0.0,0.0,1.0,0.0,0.0,0.0,1.0,0.0,0.0,0.0,1.0,0.0,0,1,0.704,High
0,0,1,0,63,1,1.0,1,81.2,4965.1,3.0,78.81111111111112,1,4,0.0,1.0,1.0,0.0,0.0,0.0,0.0,0.0,0.0,0.0,0.0,1.0,0.0,0.0,0.0,0.0,1.0,0.0,0.0,0,0,0.081,Low
0,0,0,0,70,1,2.0,0,79.6,5589.45,3.0,79.84928571428571,0,7,0.0,0.0,0.0,0.0,0.0,1.0,0.0,0.0,0.0,1.0,0.0,1.0,0.0,1.0,0.0,1.0,0.0,0.0,0.0,0,0,0.052,Low
1,0,0,0,1,1,0.0,0,20.45,20.45,0.0,20.45,0,1,0.0,0.0,0.0,1.0,1.0,0.0,1.0,0.0,1.0,0.0,1.0,0.0,1.0,0.0,1.0,0.0,0.0,0.0,1.0,0,0,0.363,Medium
0,0,1,1,49,1,1.0,0,100.45,4941.8,3.0,100.8530612244898,0,6,0.0,1.0,1.0,0.0,0.0,0.0,0.0,1.0,0.0,0.0,0.0,0.0,0.0,1.0,0.0,1.0,0.0,0.0,1.0,1,0,0.304,Medium
0,1,1,0,71,1,2.0,0,89.45,6435.25,3.0,90.63732394366195,0,5,0.0,0.0,1.0,0.0,0.0,0.0,0.0,1.0,0.0,1.0,0.0,0.0,0.0,0.0,0.0,1.0,1.0,0.0,0.0,0,0,0.113,Low
0,0,1,1,23,1,1.0,1,66.25,1533.8,1.0,66.68695652173913,0,6,0.0,0.0,0.0,0.0,0.0,1.0,0.0,1.0,0.0,1.0,0.0,1.0,0.0,0.0,0.0,0.0,0.0,0.0,1.0,0,0,0.089,Low
1,0,1,1,72,1,2.0,1,90.8,6397.6,3.0,88.85555555555555,1,9,0.0,1.0,0.0,0.0,0.0,1.0,0.0,1.0,0.0,1.0,0.0,1.0,0.0,1.0,0.0,1.0,1.0,0.0,0.0,0,0,0.009,Low
0,0,1,1,72,1,2.0,1,71.45,5025.85,3.0,69.80347222222223,1,6,0.0,1.0,0.0,0.0,0.0,1.0,0.0,0.0,0.0,1.0,0.0,0.0,0.0,1.0,0.0,0.0,0.0,0.0,0.0,0,0,0.048,Low
0,0,0,0,2,1,0.0,0,69.75,144.55,0.0,72.275,0,2,0.0,0.0,1.0,0.0,0.0,0.0,0.0,0.0,0.0,0.0,0.0,0.0,0.0,0.0,0.0,0.0,0.0,0.0,0.0,1,1,0.754,High
0,0,0,0,42,1,0.0,0,59.65,2536.55,2.0,60.394047619047626,0,5,0.0,0.0,0.0,0.0,0.0,1.0,0.0,1.0,0.0,1.0,0.0,0.0,0.0,0.0,0.0,0.0,0.0,0.0,0.0,0,0,0.23,Low
0,0,1,1,47,1,2.0,0,19.75,948.9,2.0,20.18936170212766,0,1,0.0,0.0,0.0,1.0,1.0,0.0,1.0,0.0,1.0,0.0,1.0,0.0,1.0,0.0,1.0,0.0,0.0,0.0,1.0,0,0,0.013,Low
1,0,0,1,29,1,1.0,0,19.85,535.05,2.0,18.45,1,1,0.0,0.0,0.0,1.0,1.0,0.0,1.0,0.0,1.0,0.0,1.0,0.0,1.0,0.0,1.0,0.0,0.0,0.0,1.0,0,0,0.004,Low
0,0,1,1,72,0,2.0,1,63.8,4684.3,3.0,65.05972222222222,0,7,1.0,0.0,0.0,0.0,0.0,1.0,0.0,1.0,0.0,1.0,0.0,1.0,0.0,1.0,0.0,1.0,0.0,0.0,0.0,0,0,0.009,Low
1,0,0,0,1,1,0.0,1,69.55,69.55,0.0,69.55,0,2,0.0,0.0,1.0,0.0,0.0,0.0,0.0,0.0,0.0,0.0,0.0,0.0,0.0,0.0,0.0,0.0,0.0,1.0,0.0,1,1,0.938,High
1,0,0,0,40,1,0.0,1,51.1,2092.9,2.0,52.322500000000005,0,3,0.0,0.0,0.0,0.0,0.0,0.0,0.0,0.0,0.0,0.0,0.0,1.0,0.0,0.0,0.0,0.0,0.0,1.0,0.0,0,0,0.197,Low
1,0,0,0,1,1,0.0,0,62.05,62.05,0.0,62.05,0,5,0.0,1.0,0.0,0.0,0.0,0.0,0.0,0.0,0.0,1.0,0.0,1.0,0.0,0.0,0.0,0.0,0.0,0.0,1.0,1,0,0.416,Medium
0,1,0,0,1,1,0.0,1,85.0,85.0,0.0,85.0,0,4,0.0,0.0,1.0,0.0,0.0,0.0,0.0,0.0,0.0,1.0,0.0,0.0,0.0,0.0,0.0,1.0,0.0,1.0,0.0,1,1,0.928,High
1,0,1,1,70,1,2.0,0,98.3,6859.5,3.0,97.99285714285716,1,6,0.0,1.0,1.0,0.0,0.0,0.0,0.0,1.0,0.0,0.0,0.0,0.0,0.0,1.0,0.0,1.0,0.0,0.0,0.0,1,0,0.113,Low
1,0,0,0,49,1,2.0,1,19.9,1022.6,3.0,20.869387755102043,0,1,0.0,0.0,0.0,1.0,1.0,0.0,1.0,0.0,1.0,0.0,1.0,0.0,1.0,0.0,1.0,0.0,1.0,0.0,0.0,0,0,0.014,Low
1,0,0,0,17,1,0.0,1,76.65,1313.55,1.0,77.26764705882353,0,3,0.0,0.0,1.0,0.0,0.0,0.0,0.0,0.0,0.0,1.0,0.0,0.0,0.0,0.0,0.0,0.0,0.0,1.0,0.0,1,1,0.616,High
1,0,0,0,33,1,0.0,1,66.4,2245.4,2.0,68.04242424242425,0,5,0.0,0.0,0.0,0.0,0.0,0.0,0.0,1.0,0.0,1.0,0.0,0.0,0.0,1.0,0.0,0.0,1.0,0.0,0.0,0,0,0.301,Medium
1,1,1,0,17,1,0.0,1,100.45,1622.45,1.0,95.43823529411765,1,6,0.0,1.0,1.0,0.0,0.0,0.0,0.0,0.0,0.0,1.0,0.0,0.0,0.0,1.0,0.0,1.0,1.0,0.0,0.0,1,1,0.707,High
1,0,1,1,21,1,1.0,1,75.9,1549.75,1.0,73.79761904761905,1,6,0.0,1.0,0.0,0.0,0.0,1.0,0.0,0.0,0.0,0.0,0.0,0.0,0.0,1.0,0.0,1.0,0.0,0.0,0.0,0,0,0.17,Low
0,0,0,0,35,1,1.0,1,85.95,3110.1,2.0,88.86,0,8,0.0,1.0,0.0,0.0,0.0,1.0,0.0,0.0,0.0,1.0,0.0,1.0,0.0,1.0,0.0,1.0,1.0,0.0,0.0,1,0,0.152,Low
0,0,0,0,12,0,1.0,0,60.65,743.3,0.0,61.94166666666666,0,6,1.0,0.0,0.0,0.0,0.0,0.0,0.0,1.0,0.0,1.0,0.0,1.0,0.0,1.0,0.0,1.0,0.0,1.0,0.0,0,0,0.197,Low
0,0,1,0,9,1,0.0,0,50.85,466.6,0.0,51.84444444444445,0,3,0.0,0.0,0.0,0.0,0.0,0.0,0.0,1.0,0.0,0.0,0.0,0.0,0.0,0.0,0.0,0.0,0.0,0.0,1.0,0,0,0.346,Medium
0,0,1,1,72,1,2.0,0,24.45,1709.1,3.0,23.7375,1,2,0.0,1.0,0.0,1.0,1.0,0.0,1.0,0.0,1.0,0.0,1.0,0.0,1.0,0.0,1.0,0.0,0.0,0.0,0.0,0,0,0.006,Low
1,1,1,0,18,1,0.0,1,59.1,1011.05,1.0,56.16944444444445,1,4,0.0,0.0,0.0,0.0,0.0,1.0,0.0,0.0,0.0,0.0,0.0,0.0,0.0,0.0,0.0,1.0,1.0,0.0,0.0,0,0,0.35,Medium
0,0,1,0,58,1,2.0,1,109.1,6393.65,3.0,110.2353448275862,0,8,0.0,1.0,1.0,0.0,0.0,1.0,0.0,1.0,0.0,0.0,0.0,1.0,0.0,1.0,0.0,1.0,1.0,0.0,0.0,0,0,0.355,Medium
0,1,0,1,30,1,0.0,1,101.3,2974.5,2.0,99.15,1,6,0.0,1.0,1.0,0.0,0.0,0.0,0.0,0.0,0.0,0.0,0.0,1.0,0.0,1.0,0.0,1.0,0.0,1.0,0.0,0,1,0.715,High
1,0,1,1,56,1,2.0,0,115.85,6567.9,3.0,117.28392857142856,0,9,0.0,1.0,1.0,0.0,0.0,1.0,0.0,1.0,0.0,1.0,0.0,1.0,0.0,1.0,0.0,1.0,0.0,0.0,1.0,0,0,0.173,Low
1,0,0,0,10,1,0.0,1,94.9,1048.85,0.0,104.885,0,5,0.0,0.0,1.0,0.0,0.0,0.0,0.0,0.0,0.0,1.0,0.0,0.0,0.0,1.0,0.0,1.0,0.0,1.0,0.0,1,1,0.844,High
0,0,1,0,2,0,0.0,1,35.1,68.75,0.0,34.375,1,2,1.0,0.0,0.0,0.0,0.0,0.0,0.0,0.0,0.0,0.0,0.0,0.0,0.0,0.0,0.0,1.0,0.0,1.0,0.0,1,1,0.806,High
0,0,1,1,18,1,2.0,1,24.65,471.35,1.0,26.186111111111117,0,2,0.0,1.0,0.0,1.0,1.0,0.0,1.0,0.0,1.0,0.0,1.0,0.0,1.0,0.0,1.0,0.0,1.0,0.0,0.0,0,0,0.046,Low
0,0,1,1,51,0,1.0,1,56.15,2898.95,3.0,56.84215686274509,0,5,1.0,0.0,0.0,0.0,0.0,0.0,0.0,0.0,0.0,1.0,0.0,1.0,0.0,1.0,0.0,1.0,0.0,1.0,0.0,0,0,0.175,Low
1,0,1,0,60,1,0.0,1,109.45,6572.85,3.0,109.5475,0,8,0.0,1.0,1.0,0.0,0.0,1.0,0.0,0.0,0.0,1.0,0.0,1.0,0.0,1.0,0.0,1.0,0.0,0.0,0.0,0,0,0.261,Low
0,0,1,1,24,1,0.0,0,55.15,1319.85,1.0,54.99375,1,4,0.0,0.0,0.0,0.0,0.0,1.0,0.0,0.0,0.0,0.0,0.0,1.0,0.0,0.0,0.0,0.0,0.0,1.0,0.0,0,0,0.312,Medium
1,0,1,0,70,1,1.0,0,115.65,7968.85,3.0,113.84071428571428,1,9,0.0,1.0,1.0,0.0,0.0,1.0,0.0,1.0,0.0,1.0,0.0,1.0,0.0,1.0,0.0,1.0,1.0,0.0,0.0,1,0,0.265,Low
1,0,0,0,12,1,0.0,1,53.75,648.65,0.0,54.05416666666667,0,4,0.0,0.0,0.0,0.0,0.0,0.0,0.0,1.0,0.0,0.0,0.0,1.0,0.0,0.0,0.0,0.0,0.0,0.0,1.0,0,0,0.391,Medium
1,0,1,1,25,1,1.0,1,61.6,1611.0,2.0,64.44,0,5,0.0,0.0,0.0,0.0,0.0,1.0,0.0,1.0,0.0,1.0,0.0,0.0,0.0,0.0,0.0,0.0,0.0,0.0,0.0,0,0,0.133,Low
1,0,0,0,36,1,1.0,1,20.35,695.85,2.0,19.329166666666666,1,1,0.0,0.0,0.0,1.0,1.0,0.0,1.0,0.0,1.0,0.0,1.0,0.0,1.0,0.0,1.0,0.0,1.0,0.0,0.0,0,0,0.008,Low
1,0,1,1,11,1,0.0,0,90.6,1020.2,0.0,92.74545454545456,0,4,0.0,0.0,1.0,0.0,0.0,0.0,0.0,0.0,0.0,0.0,0.0,0.0,0.0,1.0,0.0,1.0,0.0,1.0,0.0,0,1,0.748,High
1,0,1,1,7,1,0.0,1,89.75,608.8,0.0,86.97142857142856,1,5,0.0,0.0,1.0,0.0,0.0,0.0,0.0,1.0,0.0,0.0,0.0,1.0,0.0,1.0,0.0,0.0,0.0,1.0,0.0,1,1,0.783,High
0,1,1,0,26,1,0.0,1,98.1,2510.7,2.0,96.5653846153846,1,6,0.0,1.0,1.0,0.0,0.0,0.0,0.0,0.0,0.0,1.0,0.0,0.0,0.0,1.0,0.0,1.0,0.0,0.0,0.0,0,1,0.72,High
1,0,0,0,41,1,0.0,1,74.25,3089.1,2.0,75.34390243902439,0,3,0.0,0.0,1.0,0.0,0.0,0.0,0.0,0.0,0.0,0.0,0.0,1.0,0.0,0.0,0.0,0.0,0.0,1.0,0.0,0,1,0.523,Medium
0,1,0,0,57,0,0.0,1,55.0,3094.05,3.0,54.28157894736842,1,5,1.0,0.0,0.0,0.0,0.0,0.0,0.0,1.0,0.0,1.0,0.0,0.0,0.0,1.0,0.0,1.0,0.0,1.0,0.0,0,0,0.47,Medium
0,0,1,1,28,1,1.0,1,90.1,2598.95,2.0,92.81964285714284,0,4,0.0,0.0,1.0,0.0,0.0,0.0,0.0,0.0,0.0,0.0,0.0,0.0,0.0,1.0,0.0,1.0,0.0,0.0,0.0,1,0,0.401,Medium
0,0,0,0,10,1,1.0,0,64.9,685.55,0.0,68.55499999999999,0,5,0.0,0.0,0.0,0.0,0.0,0.0,0.0,1.0,0.0,0.0,0.0,1.0,0.0,0.0,0.0,1.0,0.0,0.0,1.0,0,0,0.181,Low
0,0,0,0,41,1,1.0,1,56.3,2364.0,2.0,57.65853658536585,0,4,0.0,1.0,0.0,0.0,0.0,0.0,0.0,1.0,0.0,0.0,0.0,0.0,0.0,0.0,0.0,0.0,1.0,0.0,0.0,0,0,0.17,Low
0,0,0,0,22,1,0.0,1,89.05,1886.25,1.0,85.73863636363636,1,5,0.0,0.0,1.0,0.0,0.0,1.0,0.0,0.0,0.0,0.0,0.0,1.0,0.0,0.0,0.0,1.0,0.0,1.0,0.0,0,1,0.538,Medium
0,0,0,0,57,1,2.0,1,112.95,6465.0,3.0,113.42105263157896,0,8,0.0,1.0,1.0,0.0,0.0,1.0,0.0,1.0,0.0,1.0,0.0,0.0,0.0,1.0,0.0,1.0,0.0,0.0,0.0,1,0,0.292,Low
1,0,0,0,13,1,1.0,0,19.45,270.2,1.0,20.784615384615385,0,1,0.0,0.0,0.0,1.0,1.0,0.0,1.0,0.0,1.0,0.0,1.0,0.0,1.0,0.0,1.0,0.0,0.0,0.0,1.0,0,0,0.015,Low
0,0,1,1,61,1,1.0,1,100.7,6018.65,3.0,98.66639344262296,1,7,0.0,1.0,1.0,0.0,0.0,1.0,0.0,1.0,0.0,1.0,0.0,0.0,0.0,0.0,0.0,1.0,1.0,0.0,0.0,0,0,0.242,Low
0,0,1,1,1,1,0.0,0,20.05,20.05,0.0,20.05,0,1,0.0,0.0,0.0,1.0,1.0,0.0,1.0,0.0,1.0,0.0,1.0,0.0,1.0,0.0,1.0,0.0,0.0,0.0,1.0,0,1,0.608,High
0,0,1,1,18,1,2.0,0,19.35,309.25,1.0,17.180555555555557,1,1,0.0,0.0,0.0,1.0,1.0,0.0,1.0,0.0,1.0,0.0,1.0,0.0,1.0,0.0,1.0,0.0,0.0,0.0,1.0,0,0,0.019,Low
1,0,0,0,6,1,0.0,1,87.95,522.35,0.0,87.05833333333334,1,5,0.0,1.0,1.0,0.0,0.0,0.0,0.0,0.0,0.0,0.0,0.0,1.0,0.0,0.0,0.0,1.0,0.0,0.0,0.0,0,1,0.816,High
0,0,0,0,7,1,0.0,1,59.5,415.95,0.0,59.42142857142857,1,4,0.0,0.0,0.0,0.0,0.0,0.0,0.0,0.0,0.0,0.0,0.0,1.0,0.0,1.0,0.0,0.0,0.0,0.0,1.0,1,0,0.38,Medium
0,0,1,1,9,1,0.0,1,55.3,501.2,0.0,55.68888888888889,0,4,0.0,1.0,0.0,0.0,0.0,0.0,0.0,1.0,0.0,0.0,0.0,0.0,0.0,0.0,0.0,0.0,0.0,0.0,1.0,0,0,0.327,Medium
1,1,1,1,1,1,0.0,1,49.25,49.25,0.0,49.25,0,3,0.0,0.0,0.0,0.0,0.0,0.0,0.0,0.0,0.0,0.0,0.0,1.0,0.0,0.0,0.0,0.0,1.0,0.0,0.0,1,1,0.585,Medium
1,0,0,0,9,1,0.0,1,80.8,713.1,0.0,79.23333333333333,1,3,0.0,0.0,1.0,0.0,0.0,0.0,0.0,0.0,0.0,0.0,0.0,0.0,0.0,0.0,0.0,1.0,0.0,1.0,0.0,1,1,0.804,High
0,0,1,0,49,1,1.0,0,20.45,900.9,3.0,18.38571428571429,1,1,0.0,0.0,0.0,1.0,1.0,0.0,1.0,0.0,1.0,0.0,1.0,0.0,1.0,0.0,1.0,0.0,0.0,0.0,0.0,0,0,0.049,Low
0,0,0,0,15,1,0.0,1,99.1,1426.4,1.0,95.09333333333332,1,6,0.0,0.0,1.0,0.0,0.0,1.0,0.0,1.0,0.0,0.0,0.0,0.0,0.0,1.0,0.0,1.0,1.0,0.0,0.0,1,1,0.706,High
0,0,1,1,30,1,1.0,0,19.55,608.5,2.0,20.28333333333333,0,1,0.0,0.0,0.0,1.0,1.0,0.0,1.0,0.0,1.0,0.0,1.0,0.0,1.0,0.0,1.0,0.0,0.0,0.0,0.0,0,0,0.037,Low
0,1,1,0,70,1,2.0,1,75.65,5411.4,3.0,77.30571428571427,0,3,0.0,1.0,1.0,0.0,0.0,0.0,0.0,0.0,0.0,0.0,0.0,0.0,0.0,0.0,0.0,0.0,1.0,0.0,0.0,0,0,0.118,Low
1,0,0,0,25,1,0.0,1,105.5,2686.05,2.0,107.442,0,7,0.0,0.0,1.0,0.0,0.0,1.0,0.0,0.0,0.0,1.0,0.0,1.0,0.0,1.0,0.0,1.0,0.0,1.0,0.0,0,1,0.604,High
0,0,1,1,49,0,1.0,1,35.8,1782.0,3.0,36.36734693877551,0,3,1.0,0.0,0.0,0.0,0.0,1.0,0.0,0.0,0.0,0.0,0.0,1.0,0.0,0.0,0.0,0.0,1.0,0.0,0.0,0,0,0.059,Low
1,0,0,0,18,0,0.0,0,25.15,476.8,1.0,26.48888888888889,0,1,1.0,0.0,0.0,0.0,0.0,0.0,0.0,0.0,0.0,0.0,0.0,0.0,0.0,0.0,0.0,0.0,0.0,0.0,1.0,0,0,0.216,Low
0,0,0,0,25,1,0.0,1,19.2,532.1,2.0,21.284,0,1,0.0,0.0,0.0,1.0,1.0,0.0,1.0,0.0,1.0,0.0,1.0,0.0,1.0,0.0,1.0,0.0,1.0,0.0,0.0,0,0,0.128,Low
1,0,0,1,23,0,2.0,0,40.1,857.75,1.0,37.29347826086956,1,4,1.0,0.0,0.0,0.0,0.0,1.0,0.0,0.0,0.0,1.0,0.0,1.0,0.0,0.0,0.0,0.0,0.0,0.0,1.0,0,0,0.06,Low
1,0,1,1,67,1,2.0,0,103.15,6895.5,3.0,102.9179104477612,1,7,0.0,0.0,1.0,0.0,0.0,0.0,0.0,1.0,0.0,1.0,0.0,1.0,0.0,1.0,0.0,1.0,0.0,0.0,0.0,0,0,0.14,Low
1,0,1,1,35,1,2.0,0,20.5,759.35,2.0,21.695714285714285,0,1,0.0,0.0,0.0,1.0,1.0,0.0,1.0,0.0,1.0,0.0,1.0,0.0,1.0,0.0,1.0,0.0,0.0,0.0,0.0,0,0,0.007,Low
1,0,0,0,1,1,0.0,1,45.85,45.85,0.0,45.85,0,2,0.0,0.0,0.0,0.0,0.0,0.0,0.0,0.0,0.0,0.0,0.0,0.0,0.0,0.0,0.0,0.0,0.0,0.0,1.0,1,1,0.776,High
1,0,1,0,72,1,2.0,0,114.45,8375.05,3.0,116.32013888888888,0,9,0.0,1.0,1.0,0.0,0.0,1.0,0.0,1.0,0.0,1.0,0.0,1.0,0.0,1.0,0.0,1.0,1.0,0.0,0.0,0,0,0.045,Low
0,0,0,0,1,1,0.0,0,20.7,20.7,0.0,20.7,0,1,0.0,0.0,0.0,1.0,1.0,0.0,1.0,0.0,1.0,0.0,1.0,0.0,1.0,0.0,1.0,0.0,0.0,1.0,0.0,0,0,0.3,Low
1,1,1,1,60,1,0.0,1,80.95,4859.1,3.0,80.985,0,4,0.0,1.0,1.0,0.0,0.0,1.0,0.0,0.0,0.0,0.0,0.0,0.0,0.0,0.0,0.0,0.0,0.0,1.0,0.0,0,0,0.366,Medium
0,0,0,0,7,1,1.0,1,59.1,369.25,0.0,52.75,1,4,0.0,0.0,0.0,0.0,0.0,1.0,0.0,0.0,0.0,0.0,0.0,0.0,0.0,0.0,0.0,1.0,0.0,1.0,0.0,0,0,0.343,Medium
1,0,0,0,64,1,2.0,0,19.55,1240.15,3.0,19.37734375,1,1,0.0,0.0,0.0,1.0,1.0,0.0,1.0,0.0,1.0,0.0,1.0,0.0,1.0,0.0,1.0,0.0,0.0,0.0,1.0,0,0,0.045,Low
0,0,0,0,15,1,0.0,0,48.85,736.8,1.0,49.12,0,3,0.0,0.0,0.0,0.0,0.0,0.0,0.0,1.0,0.0,0.0,0.0,0.0,0.0,0.0,0.0,0.0,0.0,1.0,0.0,0,0,0.38,Medium
1,0,1,1,2,1,1.0,0,19.85,35.9,0.0,17.95,1,1,0.0,0.0,0.0,1.0,1.0,0.0,1.0,0.0,1.0,0.0,1.0,0.0,1.0,0.0,1.0,0.0,0.0,0.0,1.0,1,0,0.055,Low
0,0,0,0,13,1,0.0,1,78.75,995.35,1.0,76.56538461538462,1,7,0.0,1.0,0.0,0.0,0.0,1.0,0.0,0.0,0.0,1.0,0.0,0.0,0.0,1.0,0.0,1.0,0.0,1.0,0.0,0,0,0.429,Medium
1,0,0,0,26,1,0.0,1,98.35,2515.3,2.0,96.7423076923077,1,6,0.0,1.0,1.0,0.0,0.0,0.0,0.0,0.0,0.0,1.0,0.0,0.0,0.0,1.0,0.0,1.0,0.0,1.0,0.0,1,1,0.772,High
0,0,1,0,52,0,1.0,0,35.45,1958.95,3.0,37.67211538461539,0,3,1.0,0.0,0.0,0.0,0.0,1.0,0.0,0.0,0.0,1.0,0.0,0.0,0.0,0.0,0.0,0.0,0.0,0.0,1.0,0,0,0.075,Low
1,0,0,0,1,1,0.0,1,20.2,20.2,0.0,20.2,0,1,0.0,0.0,0.0,1.0,1.0,0.0,1.0,0.0,1.0,0.0,1.0,0.0,1.0,0.0,1.0,0.0,0.0,0.0,0.0,1,1,0.546,Medium
0,1,0,0,15,1,0.0,0,89.85,1424.95,1.0,94.99666666666668,0,5,0.0,1.0,1.0,0.0,0.0,0.0,0.0,1.0,0.0,0.0,0.0,0.0,0.0,0.0,0.0,1.0,0.0,1.0,0.0,1,1,0.655,High
0,0,0,0,2,1,0.0,0,74.9,147.15,0.0,73.575,1,3,0.0,1.0,1.0,0.0,0.0,0.0,0.0,0.0,0.0,0.0,0.0,0.0,0.0,0.0,0.0,0.0,1.0,0.0,0.0,1,1,0.775,High
0,0,1,1,31,1,0.0,1,91.15,2995.45,2.0,96.62741935483872,0,5,0.0,1.0,1.0,0.0,0.0,0.0,0.0,1.0,0.0,0.0,0.0,0.0,0.0,0.0,0.0,1.0,0.0,1.0,0.0,1,1,0.634,High
1,0,0,0,26,1,1.0,0,75.5,2018.1,2.0,77.61923076923077,0,3,0.0,0.0,1.0,0.0,0.0,0.0,0.0,1.0,0.0,0.0,0.0,0.0,0.0,0.0,0.0,0.0,0.0,0.0,0.0,0,0,0.177,Low
0,0,0,0,10,0,0.0,0,29.75,301.9,0.0,30.19,0,2,1.0,0.0,0.0,0.0,0.0,1.0,0.0,0.0,0.0,0.0,0.0,0.0,0.0,0.0,0.0,0.0,0.0,0.0,1.0,0,0,0.344,Medium
1,0,0,0,1,1,0.0,0,20.05,20.05,0.0,20.05,0,1,0.0,0.0,0.0,1.0,1.0,0.0,1.0,0.0,1.0,0.0,1.0,0.0,1.0,0.0,1.0,0.0,0.0,0.0,1.0,0,1,0.631,High
0,1,0,0,2,1,0.0,1,79.6,195.05,0.0,97.525,0,3,0.0,0.0,1.0,0.0,0.0,0.0,0.0,0.0,0.0,0.0,0.0,0.0,0.0,0.0,0.0,1.0,0.0,1.0,0.0,1,1,0.876,High
1,0,0,0,2,1,1.0,0,19.3,28.3,0.0,14.15,1,1,0.0,0.0,0.0,1.0,1.0,0.0,1.0,0.0,1.0,0.0,1.0,0.0,1.0,0.0,1.0,0.0,1.0,0.0,0.0,1,0,0.109,Low
0,0,1,0,13,0,0.0,1,48.75,633.4,1.0,48.72307692307693,1,4,1.0,0.0,0.0,0.0,0.0,0.0,0.0,0.0,0.0,1.0,0.0,0.0,0.0,1.0,0.0,1.0,0.0,0.0,0.0,1,0,0.48,Medium
1,0,1,1,33,1,1.0,0,74.75,2453.3,2.0,74.34242424242424,1,6,0.0,0.0,0.0,0.0,0.0,1.0,0.0,0.0,0.0,1.0,0.0,0.0,0.0,1.0,0.0,1.0,1.0,0.0,0.0,0,0,0.151,Low
0,1,0,0,46,1,1.0,1,91.3,4126.35,2.0,89.70326086956523,1,5,0.0,0.0,1.0,0.0,0.0,0.0,0.0,1.0,0.0,1.0,0.0,0.0,0.0,1.0,0.0,0.0,0.0,0.0,0.0,0,0,0.282,Low
0,0,0,0,13,0,0.0,0,49.15,649.4,1.0,49.95384615384615,0,4,1.0,0.0,0.0,0.0,0.0,0.0,0.0,0.0,0.0,1.0,0.0,0.0,0.0,1.0,0.0,1.0,0.0,1.0,0.0,0,1,0.605,High
0,1,0,0,37,1,0.0,1,106.75,4056.75,2.0,109.64189189189187,0,7,0.0,1.0,1.0,0.0,0.0,1.0,0.0,1.0,0.0,0.0,0.0,0.0,0.0,1.0,0.0,1.0,0.0,0.0,0.0,1,1,0.51,Medium
0,0,1,1,61,1,1.0,0,19.1,1143.8,3.0,18.750819672131147,1,1,0.0,0.0,0.0,1.0,1.0,0.0,1.0,0.0,1.0,0.0,1.0,0.0,1.0,0.0,1.0,0.0,1.0,0.0,0.0,0,0,0.032,Low
1,0,0,0,1,1,0.0,0,20.8,20.8,0.0,20.8,0,1,0.0,0.0,0.0,1.0,1.0,0.0,1.0,0.0,1.0,0.0,1.0,0.0,1.0,0.0,1.0,0.0,0.0,0.0,1.0,0,1,0.514,Medium
0,0,1,1,9,1,0.0,1,75.85,647.5,0.0,71.94444444444444,1,3,0.0,0.0,1.0,0.0,0.0,0.0,0.0,0.0,0.0,0.0,0.0,1.0,0.0,0.0,0.0,0.0,0.0,1.0,0.0,0,1,0.699,High
1,0,0,0,3,1,0.0,1,69.6,207.4,0.0,69.13333333333334,1,2,0.0,0.0,1.0,0.0,0.0,0.0,0.0,0.0,0.0,0.0,0.0,0.0,0.0,0.0,0.0,0.0,0.0,0.0,1.0,0,1,0.749,High
1,0,1,0,69,1,2.0,0,19.9,1363.45,3.0,19.76014492753623,1,1,0.0,0.0,0.0,1.0,1.0,0.0,1.0,0.0,1.0,0.0,1.0,0.0,1.0,0.0,1.0,0.0,0.0,0.0,1.0,0,0,0.012,Low
0,0,1,1,62,1,2.0,0,20.3,1296.15,3.0,20.905645161290323,0,1,0.0,0.0,0.0,1.0,1.0,0.0,1.0,0.0,1.0,0.0,1.0,0.0,1.0,0.0,1.0,0.0,0.0,0.0,0.0,0,0,0.004,Low
1,0,0,0,20,1,2.0,1,19.7,419.4,1.0,20.97,0,1,0.0,0.0,0.0,1.0,1.0,0.0,1.0,0.0,1.0,0.0,1.0,0.0,1.0,0.0,1.0,0.0,0.0,0.0,1.0,0,0,0.014,Low
1,0,0,0,61,1,1.0,0,104.0,6363.45,3.0,104.31885245901638,0,7,0.0,1.0,1.0,0.0,0.0,1.0,0.0,0.0,0.0,1.0,0.0,0.0,0.0,1.0,0.0,1.0,0.0,1.0,0.0,0,0,0.391,Medium
0,0,0,0,4,1,1.0,0,23.9,97.5,0.0,24.375,0,2,0.0,1.0,0.0,1.0,1.0,0.0,1.0,0.0,1.0,0.0,1.0,0.0,1.0,0.0,1.0,0.0,0.0,1.0,0.0,0,0,0.041,Low
1,0,1,0,63,1,2.0,0,102.6,6296.75,3.0,99.9484126984127,1,6,0.0,1.0,1.0,0.0,0.0,0.0,0.0,0.0,0.0,1.0,0.0,0.0,0.0,1.0,0.0,1.0,0.0,1.0,0.0,0,0,0.304,Medium
1,0,0,0,50,0,0.0,1,35.0,1782.4,3.0,35.648,0,3,1.0,0.0,0.0,0.0,0.0,1.0,0.0,1.0,0.0,0.0,0.0,0.0,0.0,0.0,0.0,0.0,0.0,0.0,1.0,0,0,0.151,Low
1,0,0,0,1,1,0.0,0,80.5,80.5,0.0,80.5,0,3,0.0,0.0,1.0,0.0,0.0,0.0,0.0,0.0,0.0,0.0,0.0,0.0,0.0,0.0,0.0,1.0,0.0,1.0,0.0,1,1,0.917,High
0,0,1,1,70,1,1.0,0,74.1,5222.3,3.0,74.60428571428572,0,7,0.0,0.0,0.0,0.0,0.0,1.0,0.0,1.0,0.0,1.0,0.0,1.0,0.0,0.0,0.0,1.0,1.0,0.0,0.0,0,0,0.142,Low
0,0,1,1,72,1,2.0,1,76.8,5468.45,3.0,75.95069444444444,1,6,0.0,1.0,0.0,0.0,0.0,0.0,0.0,0.0,0.0,1.0,0.0,0.0,0.0,1.0,0.0,1.0,0.0,0.0,0.0,0,0,0.103,Low
0,0,0,0,35,1,0.0,0,60.55,1982.6,2.0,56.64571428571429,1,5,0.0,0.0,0.0,0.0,0.0,1.0,0.0,1.0,0.0,1.0,0.0,0.0,0.0,0.0,0.0,0.0,0.0,1.0,0.0,0,0,0.178,Low
1,0,0,0,12,1,0.0,1,67.25,832.3,0.0,69.35833333333333,0,6,0.0,1.0,0.0,0.0,0.0,1.0,0.0,1.0,0.0,0.0,0.0,1.0,0.0,0.0,0.0,0.0,0.0,1.0,0.0,0,0,0.31,Medium
0,0,1,0,56,1,1.0,0,109.8,6109.65,3.0,109.10089285714284,1,8,0.0,1.0,1.0,0.0,0.0,1.0,0.0,1.0,0.0,1.0,0.0,0.0,0.0,1.0,0.0,1.0,0.0,0.0,0.0,0,0,0.368,Medium
1,0,0,1,12,1,0.0,1,73.75,871.4,0.0,72.61666666666666,1,3,0.0,1.0,1.0,0.0,0.0,0.0,0.0,0.0,0.0,0.0,0.0,0.0,0.0,0.0,0.0,0.0,1.0,0.0,0.0,1,1,0.544,Medium
0,0,0,0,36,1,1.0,0,55.8,1941.5,2.0,53.93055555555556,1,4,0.0,1.0,0.0,0.0,0.0,0.0,0.0,0.0,0.0,1.0,0.0,0.0,0.0,0.0,0.0,0.0,0.0,1.0,0.0,0,0,0.088,Low
0,0,1,0,40,1,1.0,0,105.75,4228.55,2.0,105.71375,1,7,0.0,1.0,1.0,0.0,0.0,1.0,0.0,0.0,0.0,1.0,0.0,0.0,0.0,1.0,0.0,1.0,0.0,0.0,0.0,0,0,0.362,Medium
0,0,0,0,3,1,0.0,1,19.6,59.75,0.0,19.916666666666668,0,1,0.0,0.0,0.0,1.0,1.0,0.0,1.0,0.0,1.0,0.0,1.0,0.0,1.0,0.0,1.0,0.0,0.0,0.0,1.0,1,0,0.188,Low
0,1,0,0,40,1,1.0,1,103.75,4188.4,2.0,104.71,0,7,0.0,1.0,1.0,0.0,0.0,0.0,0.0,0.0,0.0,1.0,0.0,1.0,0.0,1.0,0.0,1.0,1.0,0.0,0.0,0,0,0.421,Medium
1,0,1,0,67,1,2.0,0,70.9,4677.1,3.0,69.80746268656716,1,7,0.0,1.0,0.0,0.0,0.0,1.0,0.0,1.0,0.0,1.0,0.0,1.0,0.0,0.0,0.0,0.0,1.0,0.0,0.0,0,0,0.092,Low
0,0,0,0,67,1,1.0,1,72.35,4991.5,3.0,74.5,0,6,0.0,0.0,0.0,0.0,0.0,1.0,0.0,0.0,0.0,1.0,0.0,1.0,0.0,0.0,0.0,1.0,0.0,0.0,0.0,0,0,0.081,Low
0,0,0,0,7,1,0.0,1,66.85,458.1,0.0,65.44285714285715,1,4,0.0,0.0,0.0,0.0,0.0,0.0,0.0,0.0,0.0,0.0,0.0,0.0,0.0,1.0,0.0,1.0,0.0,1.0,0.0,0,1,0.5,Medium
1,0,0,0,3,1,0.0,0,90.4,268.45,0.0,89.48333333333333,1,5,0.0,0.0,1.0,0.0,0.0,0.0,0.0,1.0,0.0,1.0,0.0,0.0,0.0,0.0,0.0,1.0,0.0,1.0,0.0,0,1,0.755,High
1,0,0,0,42,1,0.0,1,100.3,4222.95,2.0,100.54642857142856,0,6,0.0,1.0,1.0,0.0,0.0,0.0,0.0,0.0,0.0,0.0,0.0,1.0,0.0,1.0,0.0,1.0,0.0,1.0,0.0,0,1,0.768,High
0,0,1,1,40,1,0.0,1,26.2,1077.5,2.0,26.9375,0,2,0.0,1.0,0.0,1.0,1.0,0.0,1.0,0.0,1.0,0.0,1.0,0.0,1.0,0.0,1.0,0.0,0.0,1.0,0.0,0,0,0.098,Low
0,1,1,0,53,1,1.0,1,94.0,4871.45,3.0,91.91415094339622,1,6,0.0,0.0,1.0,0.0,0.0,0.0,0.0,1.0,0.0,1.0,0.0,1.0,0.0,1.0,0.0,0.0,0.0,1.0,0.0,0,0,0.226,Low
0,0,0,0,3,1,0.0,0,19.55,61.05,0.0,20.35,0,1,0.0,0.0,0.0,1.0,1.0,0.0,1.0,0.0,1.0,0.0,1.0,0.0,1.0,0.0,1.0,0.0,0.0,1.0,0.0,0,0,0.224,Low
0,1,0,0,9,1,0.0,1,90.1,816.8,0.0,90.75555555555556,0,5,0.0,1.0,1.0,0.0,0.0,0.0,0.0,0.0,0.0,1.0,0.0,0.0,0.0,1.0,0.0,0.0,0.0,1.0,0.0,0,1,0.875,High
0,0,1,1,72,1,2.0,1,20.1,1326.25,3.0,18.42013888888889,1,1,0.0,0.0,0.0,1.0,1.0,0.0,1.0,0.0,1.0,0.0,1.0,0.0,1.0,0.0,1.0,0.0,1.0,0.0,0.0,0,0,0.003,Low
1,1,0,0,46,1,0.0,0,85.0,3969.4,2.0,86.29130434782608,0,4,0.0,0.0,1.0,0.0,0.0,1.0,0.0,0.0,0.0,0.0,0.0,0.0,0.0,0.0,0.0,1.0,0.0,1.0,0.0,1,1,0.55,Medium
0,0,1,1,61,1,2.0,1,24.1,1551.6,3.0,25.43606557377049,0,2,0.0,1.0,0.0,1.0,1.0,0.0,1.0,0.0,1.0,0.0,1.0,0.0,1.0,0.0,1.0,0.0,0.0,0.0,1.0,0,0,0.004,Low
0,0,1,1,54,1,2.0,0,69.95,3871.85,3.0,71.70092592592593,0,6,0.0,0.0,0.0,0.0,0.0,1.0,0.0,0.0,0.0,1.0,0.0,1.0,0.0,0.0,0.0,1.0,0.0,0.0,0.0,0,0,0.041,Low
1,0,0,0,11,0,1.0,1,41.6,470.6,0.0,42.78181818181818,0,3,1.0,0.0,0.0,0.0,0.0,0.0,0.0,0.0,0.0,1.0,0.0,0.0,0.0,1.0,0.0,0.0,0.0,1.0,0.0,1,0,0.434,Medium
0,0,1,0,29,1,2.0,1,19.55,521.8,2.0,17.99310344827586,1,1,0.0,0.0,0.0,1.0,1.0,0.0,1.0,0.0,1.0,0.0,1.0,0.0,1.0,0.0,1.0,0.0,0.0,0.0,1.0,0,0,0.015,Low
1,0,1,1,67,1,1.0,1,111.3,7482.1,3.0,111.67313432835822,0,8,0.0,1.0,1.0,0.0,0.0,1.0,0.0,1.0,0.0,1.0,0.0,0.0,0.0,1.0,0.0,1.0,0.0,1.0,0.0,1,0,0.2,Low
1,0,1,1,49,1,1.0,1,97.95,4917.9,3.0,100.36530612244896,0,6,0.0,1.0,1.0,0.0,0.0,0.0,0.0,0.0,0.0,0.0,0.0,1.0,0.0,1.0,0.0,1.0,0.0,1.0,0.0,0,0,0.433,Medium
1,0,1,0,72,1,2.0,1,100.55,7325.1,3.0,101.7375,0,7,0.0,1.0,1.0,0.0,0.0,1.0,0.0,1.0,0.0,0.0,0.0,1.0,0.0,0.0,0.0,1.0,0.0,0.0,0.0,0,0,0.085,Low
0,0,1,1,71,1,2.0,0,87.25,6328.7,3.0,89.13661971830986,0,8,0.0,0.0,0.0,0.0,0.0,1.0,0.0,1.0,0.0,1.0,0.0,1.0,0.0,1.0,0.0,1.0,1.0,0.0,0.0,0,0,0.012,Low
0,1,0,0,44,1,1.0,0,74.85,3268.05,2.0,74.27386363636364,1,6,0.0,0.0,0.0,0.0,0.0,0.0,0.0,0.0,0.0,1.0,0.0,1.0,0.0,1.0,0.0,1.0,0.0,0.0,0.0,0,0,0.164,Low
1,0,1,1,41,1,1.0,1,60.3,2511.3,2.0,61.25121951219513,0,5,0.0,0.0,0.0,0.0,0.0,1.0,0.0,1.0,0.0,1.0,0.0,0.0,0.0,0.0,0.0,0.0,0.0,0.0,0.0,0,0,0.142,Low
0,0,0,0,11,1,0.0,1,58.95,601.6,0.0,54.690909090909095,1,4,0.0,1.0,0.0,0.0,0.0,0.0,0.0,0.0,0.0,0.0,0.0,0.0,0.0,0.0,0.0,1.0,0.0,0.0,1.0,0,0,0.369,Medium
0,0,0,0,13,1,0.0,1,19.3,279.3,1.0,21.484615384615385,0,1,0.0,0.0,0.0,1.0,1.0,0.0,1.0,0.0,1.0,0.0,1.0,0.0,1.0,0.0,1.0,0.0,0.0,0.0,1.0,0,0,0.143,Low
0,1,1,0,55,1,2.0,0,88.8,4805.3,3.0,87.36909090909091,1,5,0.0,0.0,1.0,0.0,0.0,0.0,0.0,0.0,0.0,1.0,0.0,1.0,0.0,1.0,0.0,0.0,1.0,0.0,0.0,0,0,0.091,Low
0,0,0,0,11,1,0.0,0,48.55,501.0,0.0,45.54545454545455,1,3,0.0,0.0,0.0,0.0,0.0,1.0,0.0,0.0,0.0,0.0,0.0,0.0,0.0,0.0,0.0,0.0,1.0,0.0,0.0,1,0,0.421,Medium
0,0,0,1,48,0,0.0,0,45.55,2108.35,2.0,43.92395833333333,1,4,1.0,0.0,0.0,0.0,0.0,0.0,0.0,1.0,0.0,1.0,0.0,0.0,0.0,0.0,0.0,1.0,1.0,0.0,0.0,0,0,0.304,Medium
1,0,0,0,31,1,1.0,0,81.7,2548.65,2.0,82.21451612903226,0,4,0.0,1.0,1.0,0.0,0.0,0.0,0.0,0.0,0.0,0.0,0.0,1.0,0.0,0.0,0.0,0.0,1.0,0.0,0.0,0,0,0.162,Low
1,0,0,0,63,1,2.0,0,109.2,7049.75,3.0,111.90079365079364,0,8,0.0,0.0,1.0,0.0,0.0,1.0,0.0,1.0,0.0,1.0,0.0,1.0,0.0,1.0,0.0,1.0,1.0,0.0,0.0,0,0,0.28,Low
0,1,1,1,61,1,1.0,1,65.2,3965.05,3.0,65.00081967213114,1,5,0.0,1.0,0.0,0.0,0.0,0.0,0.0,0.0,0.0,1.0,0.0,0.0,0.0,1.0,0.0,0.0,0.0,1.0,0.0,0,0,0.114,Low
0,0,1,1,72,1,2.0,0,24.25,1784.5,3.0,24.78472222222222,0,2,0.0,1.0,0.0,1.0,1.0,0.0,1.0,0.0,1.0,0.0,1.0,0.0,1.0,0.0,1.0,0.0,1.0,0.0,0.0,0,0,0.0,Low
0,0,1,1,53,1,0.0,1,108.25,5935.1,3.0,111.98301886792451,0,7,0.0,0.0,1.0,0.0,0.0,0.0,0.0,1.0,0.0,1.0,0.0,1.0,0.0,1.0,0.0,1.0,0.0,0.0,0.0,0,0,0.332,Medium
0,1,0,0,7,1,0.0,1,48.2,340.35,0.0,48.621428571428574,0,3,0.0,0.0,0.0,0.0,0.0,1.0,0.0,0.0,0.0,0.0,0.0,0.0,0.0,0.0,0.0,0.0,0.0,1.0,0.0,0,1,0.633,High
0,0,1,1,28,1,0.0,1,81.05,2227.1,2.0,79.53928571428571,1,3,0.0,0.0,1.0,0.0,0.0,0.0,0.0,0.0,0.0,0.0,0.0,0.0,0.0,0.0,0.0,1.0,0.0,1.0,0.0,1,1,0.584,Medium
0,0,0,0,16,1,0.0,0,72.65,1194.3,1.0,74.64375,0,3,0.0,1.0,1.0,0.0,0.0,0.0,0.0,0.0,0.0,0.0,0.0,0.0,0.0,0.0,0.0,0.0,0.0,1.0,0.0,1,1,0.551,Medium
0,0,0,1,7,1,0.0,1,71.05,472.65,0.0,67.52142857142857,1,2,0.0,0.0,1.0,0.0,0.0,0.0,0.0,0.0,0.0,0.0,0.0,0.0,0.0,0.0,0.0,0.0,0.0,1.0,0.0,0,1,0.715,High
0,0,0,0,5,1,0.0,1,64.0,370.25,0.0,74.05,0,5,0.0,1.0,0.0,0.0,0.0,0.0,0.0,1.0,0.0,0.0,0.0,0.0,0.0,0.0,0.0,1.0,0.0,1.0,0.0,0,0,0.441,Medium
0,0,1,1,71,1,2.0,0,23.9,1663.5,3.0,23.42957746478873,1,2,0.0,1.0,0.0,1.0,1.0,0.0,1.0,0.0,1.0,0.0,1.0,0.0,1.0,0.0,1.0,0.0,1.0,0.0,0.0,0,0,0.002,Low
1,0,1,1,7,0,0.0,1,34.5,279.25,0.0,39.892857142857146,0,3,1.0,0.0,0.0,0.0,0.0,1.0,0.0,0.0,0.0,0.0,0.0,1.0,0.0,0.0,0.0,0.0,0.0,1.0,0.0,1,0,0.43,Medium
1,1,0,0,11,1,0.0,1,111.4,1183.05,0.0,107.55,1,8,0.0,1.0,1.0,0.0,0.0,0.0,0.0,1.0,0.0,1.0,0.0,1.0,0.0,1.0,0.0,1.0,0.0,1.0,0.0,0,1,0.695,High
1,0,0,0,52,0,2.0,0,63.9,3334.95,3.0,64.13365384615385,0,7,1.0,0.0,0.0,0.0,0.0,1.0,0.0,1.0,0.0,1.0,0.0,1.0,0.0,1.0,0.0,1.0,1.0,0.0,0.0,0,0,0.026,Low
0,0,0,0,49,1,2.0,0,67.4,3306.85,3.0,67.48673469387755,0,6,0.0,0.0,0.0,0.0,0.0,1.0,0.0,1.0,0.0,1.0,0.0,1.0,0.0,0.0,0.0,0.0,0.0,0.0,0.0,0,0,0.033,Low
1,0,0,0,19,1,1.0,0,18.8,279.2,1.0,14.694736842105264,1,1,0.0,0.0,0.0,1.0,1.0,0.0,1.0,0.0,1.0,0.0,1.0,0.0,1.0,0.0,1.0,0.0,0.0,0.0,1.0,0,0,0.014,Low
1,0,0,0,2,1,0.0,1,80.95,171.15,0.0,85.575,0,3,0.0,0.0,1.0,0.0,0.0,0.0,0.0,0.0,0.0,0.0,0.0,0.0,0.0,0.0,0.0,1.0,0.0,1.0,0.0,1,1,0.875,High
1,0,1,0,52,1,0.0,1,95.65,5088.4,3.0,97.85384615384616,0,6,0.0,1.0,1.0,0.0,0.0,0.0,0.0,1.0,0.0,0.0,0.0,1.0,0.0,0.0,0.0,1.0,1.0,0.0,0.0,0,0,0.347,Medium
1,0,1,0,23,1,0.0,0,84.25,1968.1,1.0,85.5695652173913,0,5,0.0,1.0,1.0,0.0,0.0,0.0,0.0,1.0,0.0,1.0,0.0,0.0,0.0,0.0,0.0,0.0,0.0,1.0,0.0,0,1,0.575,Medium
1,1,0,0,8,1,0.0,1,69.7,572.85,0.0,71.60625,0,2,0.0,0.0,1.0,0.0,0.0,0.0,0.0,0.0,0.0,0.0,0.0,0.0,0.0,0.0,0.0,0.0,0.0,1.0,0.0,0,1,0.739,High
0,1,1,1,65,1,1.0,1,103.9,6767.1,3.0,104.10923076923078,0,7,0.0,1.0,1.0,0.0,0.0,0.0,0.0,0.0,0.0,1.0,0.0,1.0,0.0,1.0,0.0,1.0,0.0,0.0,0.0,0,0,0.303,Medium
1,0,0,1,2,1,0.0,1,55.3,108.65,0.0,54.325,1,3,0.0,0.0,0.0,0.0,0.0,0.0,0.0,0.0,0.0,0.0,0.0,0.0,0.0,0.0,0.0,1.0,0.0,1.0,0.0,0,1,0.723,High
0,0,1,0,62,1,2.0,0,23.65,1416.75,3.0,22.850806451612904,1,2,0.0,1.0,0.0,1.0,1.0,0.0,1.0,0.0,1.0,0.0,1.0,0.0,1.0,0.0,1.0,0.0,0.0,0.0,0.0,0,0,0.007,Low
1,0,0,0,3,1,0.0,1,89.85,244.45,0.0,81.48333333333333,1,5,0.0,0.0,1.0,0.0,0.0,0.0,0.0,0.0,0.0,1.0,0.0,1.0,0.0,1.0,0.0,0.0,0.0,0.0,1.0,0,1,0.794,High
1,0,1,1,49,1,1.0,1,93.65,4520.15,3.0,92.24795918367346,1,6,0.0,1.0,1.0,0.0,0.0,0.0,0.0,1.0,0.0,1.0,0.0,0.0,0.0,1.0,0.0,0.0,0.0,1.0,0.0,0,0,0.348,Medium
0,0,0,1,15,1,0.0,0,69.0,994.8,1.0,66.32,1,2,0.0,0.0,1.0,0.0,0.0,0.0,0.0,0.0,0.0,0.0,0.0,0.0,0.0,0.0,0.0,0.0,0.0,0.0,0.0,1,0,0.443,Medium
0,0,0,1,41,1,1.0,1,20.25,865.0,2.0,21.09756097560976,0,1,0.0,0.0,0.0,1.0,1.0,0.0,1.0,0.0,1.0,0.0,1.0,0.0,1.0,0.0,1.0,0.0,1.0,0.0,0.0,0,0,0.014,Low
0,1,0,0,46,1,0.0,1,104.45,4863.85,2.0,105.7358695652174,0,7,0.0,1.0,1.0,0.0,0.0,0.0,0.0,1.0,0.0,1.0,0.0,0.0,0.0,1.0,0.0,1.0,0.0,1.0,0.0,0,1,0.726,High
1,0,0,0,56,1,2.0,1,25.95,1444.05,3.0,25.786607142857143,1,2,0.0,1.0,0.0,1.0,1.0,0.0,1.0,0.0,1.0,0.0,1.0,0.0,1.0,0.0,1.0,0.0,0.0,0.0,0.0,0,0,0.074,Low
1,0,0,0,48,1,0.0,1,95.4,4445.3,2.0,92.61041666666668,1,6,0.0,1.0,1.0,0.0,0.0,1.0,0.0,0.0,0.0,0.0,0.0,1.0,0.0,0.0,0.0,1.0,0.0,1.0,0.0,0,0,0.493,Medium
1,0,0,0,2,1,0.0,0,70.7,129.2,0.0,64.6,1,2,0.0,0.0,1.0,0.0,0.0,0.0,0.0,0.0,0.0,0.0,0.0,0.0,0.0,0.0,0.0,0.0,0.0,0.0,1.0,0,1,0.75,High
0,0,1,1,72,1,2.0,0,23.75,1679.25,3.0,23.322916666666668,1,2,0.0,1.0,0.0,1.0,1.0,0.0,1.0,0.0,1.0,0.0,1.0,0.0,1.0,0.0,1.0,0.0,0.0,0.0,0.0,0,0,0.003,Low
1,0,1,0,45,1,1.0,0,78.8,3597.5,2.0,79.94444444444444,0,7,0.0,0.0,0.0,0.0,0.0,1.0,0.0,1.0,0.0,1.0,0.0,0.0,0.0,1.0,0.0,1.0,0.0,0.0,0.0,0,0,0.158,Low
1,0,1,1,37,1,2.0,1,62.8,2278.75,2.0,61.58783783783784,1,6,0.0,1.0,0.0,0.0,0.0,1.0,0.0,0.0,0.0,1.0,0.0,1.0,0.0,0.0,0.0,0.0,1.0,0.0,0.0,0,0,0.069,Low
0,0,0,0,61,1,0.0,0,89.2,5500.6,3.0,90.17377049180328,0,5,0.0,1.0,1.0,0.0,0.0,0.0,0.0,0.0,0.0,1.0,0.0,0.0,0.0,0.0,0.0,1.0,0.0,0.0,1.0,0,0,0.279,Low
0,0,0,0,60,1,2.0,0,20.6,1093.0,3.0,18.216666666666665,1,1,0.0,0.0,0.0,1.0,1.0,0.0,1.0,0.0,1.0,0.0,1.0,0.0,1.0,0.0,1.0,0.0,0.0,0.0,1.0,0,0,0.125,Low
0,1,1,0,2,1,0.0,0,50.15,115.1,0.0,57.55,0,3,0.0,0.0,0.0,0.0,0.0,0.0,0.0,1.0,0.0,0.0,0.0,0.0,0.0,0.0,0.0,0.0,1.0,0.0,0.0,1,1,0.557,Medium
0,0,1,1,63,1,2.0,0,75.55,4707.85,3.0,74.72777777777779,1,7,0.0,0.0,0.0,0.0,0.0,1.0,0.0,1.0,0.0,1.0,0.0,1.0,0.0,1.0,0.0,0.0,1.0,0.0,0.0,0,0,0.064,Low
0,1,0,0,4,1,0.0,1,84.6,360.1,0.0,90.025,0,4,0.0,1.0,1.0,0.0,0.0,0.0,0.0,0.0,0.0,0.0,0.0,0.0,0.0,0.0,0.0,1.0,0.0,1.0,0.0,1,1,0.922,High
1,0,0,0,62,1,1.0,0,102.0,6529.25,3.0,105.31048387096774,0,7,0.0,1.0,1.0,0.0,0.0,1.0,0.0,1.0,0.0,0.0,0.0,1.0,0.0,0.0,0.0,1.0,0.0,1.0,0.0,1,0,0.247,Low
0,0,0,0,62,1,1.0,1,92.05,5755.8,3.0,92.83548387096776,0,6,0.0,1.0,1.0,0.0,0.0,1.0,0.0,1.0,0.0,1.0,0.0,0.0,0.0,0.0,0.0,0.0,0.0,1.0,0.0,0,0,0.19,Low
1,0,0,0,69,1,2.0,1,97.65,6743.55,3.0,97.73260869565216,0,7,0.0,1.0,1.0,0.0,0.0,0.0,0.0,1.0,0.0,1.0,0.0,1.0,0.0,1.0,0.0,0.0,1.0,0.0,0.0,0,0,0.129,Low
0,0,0,0,4,1,1.0,1,105.65,443.9,0.0,110.975,0,7,0.0,0.0,1.0,0.0,0.0,0.0,0.0,1.0,0.0,1.0,0.0,1.0,0.0,1.0,0.0,1.0,0.0,1.0,0.0,1,0,0.473,Medium
0,0,1,0,49,0,1.0,1,56.3,2780.6,3.0,56.7469387755102,0,5,1.0,0.0,0.0,0.0,0.0,0.0,0.0,1.0,0.0,0.0,0.0,1.0,0.0,1.0,0.0,1.0,1.0,0.0,0.0,0,0,0.162,Low
1,0,0,0,51,1,1.0,1,81.15,4126.2,3.0,80.90588235294118,1,8,0.0,1.0,0.0,0.0,0.0,1.0,0.0,1.0,0.0,1.0,0.0,1.0,0.0,1.0,0.0,0.0,1.0,0.0,0.0,0,0,0.127,Low
1,0,0,0,26,0,0.0,1,44.65,1156.55,2.0,44.482692307692304,1,4,1.0,0.0,0.0,0.0,0.0,1.0,0.0,1.0,0.0,0.0,0.0,0.0,0.0,0.0,0.0,1.0,0.0,0.0,0.0,0,0,0.331,Medium
0,0,0,0,9,1,0.0,1,43.75,405.7,0.0,45.077777777777776,0,2,0.0,0.0,0.0,0.0,0.0,0.0,0.0,0.0,0.0,0.0,0.0,0.0,0.0,0.0,0.0,0.0,0.0,1.0,0.0,0,1,0.663,High
0,0,0,0,57,1,1.0,0,94.7,5468.95,3.0,95.94649122807016,0,6,0.0,1.0,1.0,0.0,0.0,0.0,0.0,1.0,0.0,0.0,0.0,1.0,0.0,0.0,0.0,1.0,0.0,1.0,0.0,0,0,0.235,Low
0,0,1,0,37,1,0.0,0,19.5,805.2,2.0,21.762162162162163,0,1,0.0,0.0,0.0,1.0,1.0,0.0,1.0,0.0,1.0,0.0,1.0,0.0,1.0,0.0,1.0,0.0,0.0,0.0,0.0,0,0,0.266,Low
1,0,0,0,30,1,1.0,1,97.0,3021.3,2.0,100.71,0,5,0.0,0.0,1.0,0.0,0.0,0.0,0.0,1.0,0.0,0.0,0.0,0.0,0.0,1.0,0.0,1.0,0.0,0.0,0.0,0,0,0.364,Medium
0,1,1,1,70,1,1.0,1,107.9,7475.85,3.0,106.79785714285715,1,8,0.0,1.0,1.0,0.0,0.0,0.0,0.0,1.0,0.0,1.0,0.0,1.0,0.0,1.0,0.0,1.0,0.0,1.0,0.0,0,0,0.273,Low
1,0,0,1,22,1,0.0,1,89.4,2001.5,1.0,90.97727272727272,0,5,0.0,0.0,1.0,0.0,0.0,0.0,0.0,1.0,0.0,1.0,0.0,0.0,0.0,1.0,0.0,0.0,0.0,1.0,0.0,1,1,0.699,High
1,0,0,0,39,0,0.0,1,48.95,1880.85,2.0,48.22692307692307,1,5,1.0,0.0,0.0,0.0,0.0,1.0,0.0,1.0,0.0,0.0,0.0,1.0,0.0,1.0,0.0,0.0,1.0,0.0,0.0,1,0,0.149,Low
0,1,1,0,33,1,0.0,1,80.6,2656.5,2.0,80.5,1,4,0.0,1.0,1.0,0.0,0.0,0.0,0.0,1.0,0.0,0.0,0.0,0.0,0.0,0.0,0.0,0.0,0.0,0.0,0.0,1,1,0.623,High
1,0,0,0,60,1,1.0,1,116.6,7049.5,3.0,117.49166666666666,0,9,0.0,1.0,1.0,0.0,0.0,1.0,0.0,1.0,0.0,1.0,0.0,1.0,0.0,1.0,0.0,1.0,1.0,0.0,0.0,0,0,0.294,Low
0,0,1,1,1,1,0.0,0,19.45,19.45,0.0,19.45,0,1,0.0,0.0,0.0,1.0,1.0,0.0,1.0,0.0,1.0,0.0,1.0,0.0,1.0,0.0,1.0,0.0,0.0,1.0,0.0,0,0,0.469,Medium
0,0,1,1,12,1,0.0,1,58.35,740.55,0.0,61.7125,0,4,0.0,0.0,0.0,0.0,0.0,0.0,0.0,0.0,0.0,1.0,0.0,0.0,0.0,1.0,0.0,0.0,1.0,0.0,0.0,0,0,0.302,Medium
0,0,1,1,51,1,2.0,0,19.95,1028.75,3.0,20.17156862745098,0,1,0.0,0.0,0.0,1.0,1.0,0.0,1.0,0.0,1.0,0.0,1.0,0.0,1.0,0.0,1.0,0.0,0.0,0.0,1.0,0,0,0.011,Low
0,0,1,1,22,1,0.0,1,80.15,1790.65,1.0,81.39318181818182,0,3,0.0,0.0,1.0,0.0,0.0,0.0,0.0,0.0,0.0,0.0,0.0,0.0,0.0,0.0,0.0,1.0,0.0,1.0,0.0,0,1,0.627,High
1,0,1,1,1,1,1.0,0,18.8,18.8,0.0,18.8,0,1,0.0,0.0,0.0,1.0,1.0,0.0,1.0,0.0,1.0,0.0,1.0,0.0,1.0,0.0,1.0,0.0,0.0,0.0,1.0,0,0,0.147,Low
1,0,1,1,39,1,1.0,0,100.0,3835.55,2.0,98.3474358974359,1,6,0.0,1.0,1.0,0.0,0.0,0.0,0.0,0.0,0.0,1.0,0.0,0.0,0.0,1.0,0.0,1.0,0.0,1.0,0.0,0,0,0.394,Medium
0,0,0,0,4,1,0.0,1,93.5,362.2,0.0,90.55,1,6,0.0,1.0,1.0,0.0,0.0,0.0,0.0,1.0,0.0,0.0,0.0,1.0,0.0,0.0,0.0,1.0,0.0,1.0,0.0,1,1,0.836,High
0,0,0,0,39,1,2.0,1,80.45,3201.55,2.0,82.09102564102565,0,4,0.0,0.0,1.0,0.0,0.0,0.0,0.0,0.0,0.0,1.0,0.0,1.0,0.0,0.0,0.0,0.0,0.0,1.0,0.0,1,0,0.195,Low
1,1,1,0,69,1,0.0,1,84.9,5785.65,3.0,83.85,1,5,0.0,1.0,1.0,0.0,0.0,1.0,0.0,1.0,0.0,0.0,0.0,0.0,0.0,0.0,0.0,0.0,1.0,0.0,0.0,0,0,0.276,Low
1,1,1,0,8,1,0.0,1,64.4,581.7,0.0,72.7125,0,5,0.0,0.0,0.0,0.0,0.0,0.0,0.0,0.0,0.0,1.0,0.0,1.0,0.0,0.0,0.0,1.0,1.0,0.0,0.0,0,0,0.298,Low
1,0,1,0,68,1,2.0,0,25.05,1629.2,3.0,23.958823529411767,1,2,0.0,1.0,0.0,1.0,1.0,0.0,1.0,0.0,1.0,0.0,1.0,0.0,1.0,0.0,1.0,0.0,1.0,0.0,0.0,0,0,0.021,Low
0,1,0,0,2,1,0.0,0,70.75,154.85,0.0,77.425,0,2,0.0,0.0,1.0,0.0,0.0,0.0,0.0,0.0,0.0,0.0,0.0,0.0,0.0,0.0,0.0,0.0,0.0,1.0,0.0,1,1,0.789,High
1,1,1,0,24,0,0.0,0,39.1,971.3,1.0,40.47083333333333,0,3,1.0,0.0,0.0,0.0,0.0,1.0,0.0,0.0,0.0,0.0,0.0,0.0,0.0,0.0,0.0,1.0,0.0,0.0,0.0,1,1,0.523,Medium
0,0,1,0,42,1,0.0,1,50.25,2203.65,2.0,52.46785714285714,0,3,0.0,1.0,0.0,0.0,0.0,0.0,0.0,0.0,0.0,0.0,0.0,0.0,0.0,0.0,0.0,0.0,0.0,1.0,0.0,1,0,0.235,Low
0,0,1,0,59,1,1.0,1,80.1,4693.2,3.0,79.5457627118644,1,7,0.0,1.0,0.0,0.0,0.0,0.0,0.0,1.0,0.0,0.0,0.0,1.0,0.0,1.0,0.0,1.0,0.0,1.0,0.0,0,0,0.111,Low
1,0,1,1,1,1,0.0,0,80.0,80.0,0.0,80.0,0,3,0.0,0.0,1.0,0.0,0.0,0.0,0.0,0.0,0.0,0.0,0.0,0.0,0.0,0.0,0.0,1.0,0.0,1.0,0.0,1,1,0.882,High
0,0,1,1,46,0,0.0,0,35.05,1620.25,2.0,35.22282608695652,0,3,1.0,0.0,0.0,0.0,0.0,1.0,0.0,1.0,0.0,0.0,0.0,0.0,0.0,0.0,0.0,0.0,0.0,0.0,0.0,0,0,0.281,Low
1,0,0,0,4,0,0.0,1,29.65,118.5,0.0,29.625,1,2,1.0,0.0,0.0,0.0,0.0,0.0,0.0,0.0,0.0,1.0,0.0,0.0,0.0,0.0,0.0,0.0,0.0,1.0,0.0,1,1,0.715,High
1,0,1,1,11,1,0.0,1,20.45,250.8,0.0,22.8,0,1,0.0,0.0,0.0,1.0,1.0,0.0,1.0,0.0,1.0,0.0,1.0,0.0,1.0,0.0,1.0,0.0,0.0,1.0,0.0,0,0,0.037,Low
1,0,1,0,59,1,1.0,0,66.4,3958.2,3.0,67.08813559322033,0,6,0.0,0.0,0.0,0.0,0.0,1.0,0.0,1.0,0.0,1.0,0.0,0.0,0.0,1.0,0.0,0.0,1.0,0.0,0.0,0,0,0.126,Low
0,0,1,1,53,1,1.0,0,60.6,3297.0,3.0,62.20754716981132,0,4,0.0,0.0,0.0,0.0,0.0,0.0,0.0,0.0,0.0,1.0,0.0,0.0,0.0,0.0,0.0,1.0,1.0,0.0,0.0,0,0,0.099,Low
0,0,0,0,3,1,0.0,1,54.2,140.4,0.0,46.8,1,3,0.0,0.0,0.0,0.0,0.0,0.0,0.0,0.0,0.0,0.0,0.0,0.0,0.0,1.0,0.0,0.0,0.0,1.0,0.0,0,1,0.733,High
0,0,1,0,72,1,2.0,1,25.25,1841.2,3.0,25.572222222222223,0,2,0.0,1.0,0.0,1.0,1.0,0.0,1.0,0.0,1.0,0.0,1.0,0.0,1.0,0.0,1.0,0.0,0.0,0.0,0.0,0,0,0.003,Low
1,0,0,0,9,1,0.0,1,18.95,185.6,0.0,20.62222222222222,0,1,0.0,0.0,0.0,1.0,1.0,0.0,1.0,0.0,1.0,0.0,1.0,0.0,1.0,0.0,1.0,0.0,0.0,0.0,1.0,1,0,0.088,Low
1,0,1,1,24,1,1.0,1,20.8,469.65,1.0,19.56875,1,1,0.0,0.0,0.0,1.0,1.0,0.0,1.0,0.0,1.0,0.0,1.0,0.0,1.0,0.0,1.0,0.0,1.0,0.0,0.0,0,0,0.02,Low
0,1,1,0,45,1,0.0,1,86.1,3861.45,2.0,85.81,1,4,0.0,0.0,1.0,0.0,0.0,0.0,0.0,0.0,0.0,1.0,0.0,0.0,0.0,0.0,0.0,1.0,0.0,1.0,0.0,0,1,0.582,Medium
0,0,1,0,49,0,0.0,0,40.65,2070.75,3.0,42.26020408163265,0,3,1.0,0.0,0.0,0.0,0.0,1.0,0.0,0.0,0.0,0.0,0.0,0.0,0.0,1.0,0.0,0.0,0.0,0.0,0.0,0,0,0.212,Low
0,0,1,0,61,1,2.0,0,24.4,1417.9,3.0,23.24426229508197,1,2,0.0,1.0,0.0,1.0,1.0,0.0,1.0,0.0,1.0,0.0,1.0,0.0,1.0,0.0,1.0,0.0,0.0,0.0,1.0,0,0,0.008,Low
1,0,0,0,2,1,0.0,1,70.3,144.0,0.0,72.0,0,2,0.0,0.0,1.0,0.0,0.0,0.0,0.0,0.0,0.0,0.0,0.0,0.0,0.0,0.0,0.0,0.0,0.0,1.0,0.0,0,1,0.821,High
0,0,0,0,5,1,0.0,1,85.4,425.9,0.0,85.17999999999999,1,4,0.0,0.0,1.0,0.0,0.0,0.0,0.0,0.0,0.0,0.0,0.0,1.0,0.0,0.0,0.0,1.0,1.0,0.0,0.0,1,1,0.754,High
0,0,0,0,2,0,0.0,1,42.6,72.4,0.0,36.2,1,4,1.0,0.0,0.0,0.0,0.0,1.0,0.0,1.0,0.0,0.0,0.0,0.0,0.0,0.0,0.0,1.0,0.0,1.0,0.0,1,1,0.715,High
1,0,0,0,25,1,0.0,0,81.75,2028.8,2.0,81.152,1,8,0.0,1.0,0.0,0.0,0.0,1.0,0.0,1.0,0.0,1.0,0.0,1.0,0.0,0.0,0.0,1.0,0.0,0.0,0.0,0,0,0.218,Low
0,0,1,0,60,1,0.0,1,106.15,6411.25,3.0,106.85416666666669,0,7,0.0,1.0,1.0,0.0,0.0,0.0,0.0,1.0,0.0,1.0,0.0,0.0,0.0,1.0,0.0,1.0,0.0,1.0,0.0,0,1,0.668,High
1,0,1,1,51,1,1.0,0,110.05,5686.4,3.0,111.49803921568626,0,8,0.0,1.0,1.0,0.0,0.0,1.0,0.0,1.0,0.0,0.0,0.0,1.0,0.0,1.0,0.0,1.0,1.0,0.0,0.0,0,0,0.32,Medium
1,0,1,1,2,1,0.0,0,56.7,113.55,0.0,56.775,0,4,0.0,1.0,0.0,0.0,0.0,1.0,0.0,0.0,0.0,0.0,0.0,0.0,0.0,0.0,0.0,0.0,0.0,0.0,1.0,1,0,0.486,Medium
1,1,1,0,62,1,1.0,1,103.75,6383.35,3.0,102.95725806451614,1,7,0.0,1.0,1.0,0.0,0.0,0.0,0.0,1.0,0.0,1.0,0.0,0.0,0.0,1.0,0.0,1.0,0.0,1.0,0.0,1,0,0.434,Medium
1,0,1,0,52,1,1.0,1,81.4,4354.45,3.0,83.73942307692307,0,8,0.0,1.0,0.0,0.0,0.0,1.0,0.0,1.0,0.0,1.0,0.0,1.0,0.0,0.0,0.0,1.0,1.0,0.0,0.0,0,0,0.134,Low
1,0,0,0,68,1,1.0,1,76.9,5023.0,3.0,73.86764705882354,1,7,0.0,1.0,0.0,0.0,0.0,1.0,0.0,1.0,0.0,1.0,0.0,0.0,0.0,0.0,0.0,1.0,1.0,0.0,0.0,0,0,0.187,Low
0,0,0,0,22,1,0.0,1,84.15,1821.95,1.0,82.81590909090909,1,4,0.0,1.0,1.0,0.0,0.0,0.0,0.0,0.0,0.0,0.0,0.0,0.0,0.0,1.0,0.0,0.0,0.0,0.0,0.0,0,1,0.595,Medium
1,1,1,0,1,0,0.0,0,25.05,25.05,0.0,25.05,0,1,1.0,0.0,0.0,0.0,0.0,0.0,0.0,0.0,0.0,0.0,0.0,0.0,0.0,0.0,0.0,0.0,0.0,1.0,0.0,1,1,0.797,High
1,1,0,0,3,0,0.0,1,41.15,132.2,0.0,44.06666666666666,0,3,1.0,0.0,0.0,0.0,0.0,0.0,0.0,0.0,0.0,1.0,0.0,0.0,0.0,0.0,0.0,1.0,0.0,1.0,0.0,1,1,0.827,High
0,1,0,0,16,1,0.0,1,96.4,1581.2,1.0,98.825,0,5,0.0,1.0,1.0,0.0,0.0,0.0,0.0,0.0,0.0,0.0,0.0,0.0,0.0,1.0,0.0,1.0,0.0,1.0,0.0,1,1,0.827,High
0,1,0,0,32,1,0.0,1,74.4,2276.95,2.0,71.1546875,1,3,0.0,0.0,1.0,0.0,0.0,0.0,0.0,1.0,0.0,0.0,0.0,0.0,0.0,0.0,0.0,0.0,0.0,1.0,0.0,1,1,0.603,High
1,0,0,0,50,1,2.0,0,24.9,1195.25,3.0,23.905,1,2,0.0,1.0,0.0,1.0,1.0,0.0,1.0,0.0,1.0,0.0,1.0,0.0,1.0,0.0,1.0,0.0,0.0,0.0,0.0,0,0,0.066,Low
1,0,1,1,1,1,0.0,1,48.75,48.75,0.0,48.75,0,3,0.0,0.0,0.0,0.0,0.0,1.0,0.0,0.0,0.0,0.0,0.0,0.0,0.0,0.0,0.0,0.0,0.0,0.0,1.0,0,1,0.68,High
0,0,0,0,6,1,0.0,0,83.9,497.55,0.0,82.925,1,4,0.0,0.0,1.0,0.0,0.0,0.0,0.0,0.0,0.0,1.0,0.0,0.0,0.0,0.0,0.0,1.0,0.0,1.0,0.0,1,1,0.793,High
1,0,0,0,1,1,0.0,1,50.75,50.75,0.0,50.75,0,3,0.0,0.0,0.0,0.0,0.0,0.0,0.0,1.0,0.0,0.0,0.0,0.0,0.0,0.0,0.0,0.0,0.0,1.0,0.0,1,1,0.741,High
0,0,1,1,29,1,2.0,0,20.2,558.8,2.0,19.268965517241377,1,1,0.0,0.0,0.0,1.0,1.0,0.0,1.0,0.0,1.0,0.0,1.0,0.0,1.0,0.0,1.0,0.0,0.0,0.0,1.0,0,0,0.015,Low
1,0,0,0,1,1,0.0,1,19.3,19.3,0.0,19.3,0,1,0.0,0.0,0.0,1.0,1.0,0.0,1.0,0.0,1.0,0.0,1.0,0.0,1.0,0.0,1.0,0.0,0.0,0.0,1.0,1,0,0.43,Medium
0,0,0,0,58,1,0.0,1,95.3,5817.7,3.0,100.3051724137931,0,5,0.0,0.0,1.0,0.0,0.0,0.0,0.0,0.0,0.0,0.0,0.0,1.0,0.0,1.0,0.0,1.0,0.0,1.0,0.0,0,0,0.445,Medium
1,1,1,1,35,1,0.0,1,76.05,2747.2,2.0,78.49142857142857,0,6,0.0,0.0,0.0,0.0,0.0,0.0,0.0,1.0,0.0,0.0,0.0,1.0,0.0,1.0,0.0,1.0,0.0,1.0,0.0,0,0,0.245,Low
1,0,0,0,43,1,2.0,0,19.55,876.15,2.0,20.375581395348835,0,1,0.0,0.0,0.0,1.0,1.0,0.0,1.0,0.0,1.0,0.0,1.0,0.0,1.0,0.0,1.0,0.0,0.0,0.0,1.0,0,0,0.007,Low
0,0,0,0,41,1,1.0,0,50.05,2029.05,2.0,49.4890243902439,1,3,0.0,0.0,0.0,0.0,0.0,0.0,0.0,0.0,0.0,0.0,0.0,1.0,0.0,0.0,0.0,0.0,0.0,0.0,0.0,0,0,0.115,Low
0,0,1,1,47,1,2.0,0,19.3,890.5,2.0,18.9468085106383,1,1,0.0,0.0,0.0,1.0,1.0,0.0,1.0,0.0,1.0,0.0,1.0,0.0,1.0,0.0,1.0,0.0,0.0,0.0,0.0,0,0,0.006,Low
0,0,0,0,33,1,0.0,1,100.0,3320.6,2.0,100.62424242424242,0,6,0.0,1.0,1.0,0.0,0.0,0.0,0.0,1.0,0.0,0.0,0.0,0.0,0.0,1.0,0.0,1.0,0.0,1.0,0.0,0,1,0.766,High
1,0,0,0,67,1,2.0,0,20.5,1430.95,3.0,21.357462686567164,0,1,0.0,0.0,0.0,1.0,1.0,0.0,1.0,0.0,1.0,0.0,1.0,0.0,1.0,0.0,1.0,0.0,0.0,0.0,0.0,0,0,0.008,Low
0,0,1,0,72,1,2.0,0,19.4,1496.45,3.0,20.78402777777778,0,1,0.0,0.0,0.0,1.0,1.0,0.0,1.0,0.0,1.0,0.0,1.0,0.0,1.0,0.0,1.0,0.0,0.0,0.0,0.0,0,0,0.006,Low
1,0,1,1,50,1,1.0,0,54.9,2614.1,3.0,52.282,1,4,0.0,1.0,0.0,0.0,0.0,0.0,0.0,0.0,0.0,1.0,0.0,0.0,0.0,0.0,0.0,0.0,0.0,0.0,0.0,0,0,0.084,Low
1,1,1,0,49,1,2.0,0,49.8,2398.4,3.0,48.946938775510205,1,3,0.0,0.0,0.0,0.0,0.0,0.0,0.0,1.0,0.0,0.0,0.0,0.0,0.0,0.0,0.0,0.0,0.0,0.0,1.0,0,0,0.142,Low
1,0,0,0,4,1,0.0,1,74.35,265.35,0.0,66.3375,1,3,0.0,1.0,1.0,0.0,0.0,0.0,0.0,0.0,0.0,0.0,0.0,0.0,0.0,0.0,0.0,0.0,0.0,1.0,0.0,1,1,0.768,High
1,0,1,0,61,1,0.0,0,94.15,5731.85,3.0,93.96475409836066,1,6,0.0,0.0,1.0,0.0,0.0,0.0,0.0,1.0,0.0,1.0,0.0,1.0,0.0,0.0,0.0,1.0,1.0,0.0,0.0,0,0,0.201,Low
1,0,1,1,7,1,1.0,0,20.65,150.0,0.0,21.428571428571427,0,1,0.0,0.0,0.0,1.0,1.0,0.0,1.0,0.0,1.0,0.0,1.0,0.0,1.0,0.0,1.0,0.0,0.0,0.0,1.0,0,0,0.028,Low
1,1,0,0,14,1,0.0,0,90.45,1266.1,1.0,90.43571428571428,1,4,0.0,0.0,1.0,0.0,0.0,0.0,0.0,0.0,0.0,0.0,0.0,0.0,0.0,1.0,0.0,1.0,1.0,0.0,0.0,1,1,0.637,High
0,0,1,0,26,1,0.0,1,73.05,1959.5,2.0,75.36538461538461,0,6,0.0,0.0,0.0,0.0,0.0,0.0,0.0,1.0,0.0,0.0,0.0,1.0,0.0,1.0,0.0,1.0,0.0,1.0,0.0,0,0,0.249,Low
0,1,0,0,35,1,0.0,0,70.55,2419.0,2.0,69.11428571428571,1,2,0.0,0.0,1.0,0.0,0.0,0.0,0.0,0.0,0.0,0.0,0.0,0.0,0.0,0.0,0.0,0.0,0.0,1.0,0.0,0,1,0.601,High
0,1,1,0,54,1,1.0,1,99.1,5437.1,3.0,100.68703703703704,0,6,0.0,0.0,1.0,0.0,0.0,0.0,0.0,0.0,0.0,1.0,0.0,1.0,0.0,1.0,0.0,1.0,0.0,1.0,0.0,0,0,0.337,Medium
0,0,0,0,8,1,0.0,0,95.65,778.1,0.0,97.2625,0,5,0.0,1.0,1.0,0.0,0.0,0.0,0.0,0.0,0.0,0.0,0.0,0.0,0.0,1.0,0.0,1.0,0.0,0.0,0.0,1,1,0.893,High
1,0,0,1,1,1,0.0,1,71.65,71.65,0.0,71.65,0,2,0.0,0.0,1.0,0.0,0.0,0.0,0.0,0.0,0.0,0.0,0.0,0.0,0.0,0.0,0.0,0.0,0.0,1.0,0.0,1,1,0.904,High
0,0,1,1,67,1,1.0,1,100.25,6689.0,3.0,99.8358208955224,1,7,0.0,1.0,1.0,0.0,0.0,1.0,0.0,0.0,0.0,1.0,0.0,1.0,0.0,0.0,0.0,1.0,0.0,0.0,0.0,0,0,0.2,Low
0,0,0,1,24,1,2.0,0,19.75,498.1,1.0,20.754166666666663,0,1,0.0,0.0,0.0,1.0,1.0,0.0,1.0,0.0,1.0,0.0,1.0,0.0,1.0,0.0,1.0,0.0,0.0,0.0,1.0,0,0,0.027,Low
0,0,1,1,64,1,1.0,0,24.9,1595.5,3.0,24.9296875,0,2,0.0,1.0,0.0,1.0,1.0,0.0,1.0,0.0,1.0,0.0,1.0,0.0,1.0,0.0,1.0,0.0,0.0,0.0,1.0,0,0,0.009,Low
0,1,1,1,34,1,0.0,1,79.6,2718.3,2.0,79.95,0,4,0.0,1.0,1.0,0.0,0.0,0.0,0.0,1.0,0.0,0.0,0.0,0.0,0.0,0.0,0.0,0.0,0.0,0.0,1.0,1,1,0.505,Medium
1,0,1,1,8,1,1.0,0,19.9,153.95,0.0,19.24375,1,1,0.0,0.0,0.0,1.0,1.0,0.0,1.0,0.0,1.0,0.0,1.0,0.0,1.0,0.0,1.0,0.0,1.0,0.0,0.0,0,0,0.108,Low
0,0,0,0,6,1,0.0,0,20.2,123.65,0.0,20.60833333333333,0,1,0.0,0.0,0.0,1.0,1.0,0.0,1.0,0.0,1.0,0.0,1.0,0.0,1.0,0.0,1.0,0.0,0.0,0.0,1.0,0,0,0.198,Low
1,0,0,0,13,1,0.0,1,99.0,1301.7,1.0,100.13076923076925,0,6,0.0,1.0,1.0,0.0,0.0,0.0,0.0,0.0,0.0,0.0,0.0,1.0,0.0,1.0,0.0,1.0,0.0,0.0,1.0,1,1,0.683,High
1,0,1,1,62,1,2.0,1,24.25,1424.6,3.0,22.97741935483871,1,2,0.0,1.0,0.0,1.0,1.0,0.0,1.0,0.0,1.0,0.0,1.0,0.0,1.0,0.0,1.0,0.0,0.0,0.0,0.0,0,0,0.008,Low
1,0,1,0,34,1,0.0,1,100.05,3480.0,2.0,102.3529411764706,0,6,0.0,1.0,1.0,0.0,0.0,0.0,0.0,0.0,0.0,1.0,0.0,0.0,0.0,1.0,0.0,1.0,0.0,1.0,0.0,1,1,0.79,High
1,0,0,0,9,1,0.0,1,99.3,918.75,0.0,102.08333333333331,0,6,0.0,1.0,1.0,0.0,0.0,0.0,0.0,1.0,0.0,0.0,0.0,0.0,0.0,1.0,0.0,1.0,1.0,0.0,0.0,0,1,0.889,High
1,0,0,0,22,1,1.0,0,20.3,467.15,1.0,21.23409090909091,0,1,0.0,0.0,0.0,1.0,1.0,0.0,1.0,0.0,1.0,0.0,1.0,0.0,1.0,0.0,1.0,0.0,1.0,0.0,0.0,0,0,0.013,Low
1,0,0,1,40,1,0.0,1,55.25,2139.2,2.0,53.48,1,4,0.0,0.0,0.0,0.0,0.0,1.0,0.0,1.0,0.0,0.0,0.0,0.0,0.0,0.0,0.0,0.0,0.0,0.0,1.0,1,0,0.14,Low
0,1,1,0,35,1,0.0,1,100.5,3653.35,2.0,104.38142857142856,0,7,0.0,1.0,1.0,0.0,0.0,1.0,0.0,1.0,0.0,0.0,0.0,1.0,0.0,1.0,0.0,0.0,0.0,0.0,0.0,1,0,0.413,Medium
1,0,0,0,7,1,0.0,0,23.5,173.0,0.0,24.714285714285715,0,2,0.0,1.0,0.0,1.0,1.0,0.0,1.0,0.0,1.0,0.0,1.0,0.0,1.0,0.0,1.0,0.0,0.0,0.0,1.0,0,0,0.176,Low
1,1,0,0,32,1,1.0,0,19.8,587.7,2.0,18.365625,1,1,0.0,0.0,0.0,1.0,1.0,0.0,1.0,0.0,1.0,0.0,1.0,0.0,1.0,0.0,1.0,0.0,1.0,0.0,0.0,0,0,0.001,Low
1,0,0,1,61,1,2.0,0,19.75,1124.2,3.0,18.42950819672131,1,1,0.0,0.0,0.0,1.0,1.0,0.0,1.0,0.0,1.0,0.0,1.0,0.0,1.0,0.0,1.0,0.0,0.0,0.0,1.0,0,0,0.135,Low
1,0,0,0,2,1,0.0,0,20.75,44.2,0.0,22.1,0,1,0.0,0.0,0.0,1.0,1.0,0.0,1.0,0.0,1.0,0.0,1.0,0.0,1.0,0.0,1.0,0.0,0.0,0.0,1.0,0,0,0.158,Low
0,0,1,0,56,1,2.0,0,103.2,5744.35,3.0,102.57767857142858,1,7,0.0,1.0,1.0,0.0,0.0,0.0,0.0,0.0,0.0,1.0,0.0,1.0,0.0,1.0,0.0,1.0,0.0,0.0,0.0,0,0,0.214,Low
0,1,1,0,65,1,1.0,1,106.25,6979.8,3.0,107.38153846153848,0,7,0.0,1.0,1.0,0.0,0.0,0.0,0.0,1.0,0.0,1.0,0.0,0.0,0.0,1.0,0.0,1.0,0.0,1.0,0.0,1,0,0.381,Medium
0,0,1,1,28,1,0.0,0,49.9,1410.25,2.0,50.36607142857143,0,3,0.0,1.0,0.0,0.0,0.0,0.0,0.0,0.0,0.0,0.0,0.0,0.0,0.0,0.0,0.0,0.0,0.0,0.0,1.0,0,0,0.13,Low
1,0,0,0,18,1,0.0,0,69.5,1199.4,1.0,66.63333333333334,1,6,0.0,1.0,0.0,0.0,0.0,1.0,0.0,0.0,0.0,1.0,0.0,0.0,0.0,1.0,0.0,0.0,0.0,0.0,1.0,0,0,0.196,Low
0,0,1,1,71,1,2.0,1,90.55,6239.05,3.0,87.87394366197184,1,9,0.0,1.0,0.0,0.0,0.0,1.0,0.0,1.0,0.0,1.0,0.0,1.0,0.0,1.0,0.0,1.0,1.0,0.0,0.0,0,0,0.008,Low
1,0,0,0,72,1,2.0,1,88.6,6201.95,3.0,86.13819444444444,1,8,0.0,1.0,0.0,0.0,0.0,0.0,0.0,1.0,0.0,1.0,0.0,1.0,0.0,1.0,0.0,1.0,0.0,0.0,0.0,0,0,0.031,Low
1,1,0,0,1,1,0.0,1,76.45,76.45,0.0,76.45,0,3,0.0,1.0,1.0,0.0,0.0,0.0,0.0,0.0,0.0,0.0,0.0,0.0,0.0,0.0,0.0,0.0,0.0,1.0,0.0,1,1,0.941,High
1,0,0,0,1,1,0.0,0,19.75,19.75,0.0,19.75,0,1,0.0,0.0,0.0,1.0,1.0,0.0,1.0,0.0,1.0,0.0,1.0,0.0,1.0,0.0,1.0,0.0,0.0,0.0,1.0,1,1,0.564,Medium
0,0,0,0,34,1,0.0,0,20.35,673.2,2.0,19.8,1,1,0.0,0.0,0.0,1.0,1.0,0.0,1.0,0.0,1.0,0.0,1.0,0.0,1.0,0.0,1.0,0.0,0.0,0.0,1.0,0,0,0.051,Low
0,0,0,0,8,1,0.0,1,87.05,762.1,0.0,95.2625,0,4,0.0,1.0,1.0,0.0,0.0,0.0,0.0,0.0,0.0,0.0,0.0,0.0,0.0,1.0,0.0,0.0,0.0,1.0,0.0,1,1,0.889,High
0,0,0,0,47,1,0.0,1,106.4,5127.95,2.0,109.10531914893616,0,7,0.0,1.0,1.0,0.0,0.0,0.0,0.0,1.0,0.0,1.0,0.0,0.0,0.0,1.0,0.0,1.0,0.0,1.0,0.0,1,1,0.649,High
0,0,1,1,72,1,2.0,1,24.05,1709.15,3.0,23.73819444444445,1,2,0.0,1.0,0.0,1.0,1.0,0.0,1.0,0.0,1.0,0.0,1.0,0.0,1.0,0.0,1.0,0.0,0.0,0.0,0.0,0,0,0.011,Low
0,0,1,1,52,1,2.0,1,25.05,1270.25,3.0,24.427884615384617,1,2,0.0,1.0,0.0,1.0,1.0,0.0,1.0,0.0,1.0,0.0,1.0,0.0,1.0,0.0,1.0,0.0,0.0,0.0,0.0,0,0,0.048,Low
1,0,0,0,3,1,0.0,0,19.85,64.55,0.0,21.516666666666666,0,1,0.0,0.0,0.0,1.0,1.0,0.0,1.0,0.0,1.0,0.0,1.0,0.0,1.0,0.0,1.0,0.0,0.0,0.0,1.0,1,0,0.198,Low
0,0,1,0,60,0,2.0,0,37.7,2288.7,3.0,38.145,0,4,1.0,0.0,0.0,0.0,0.0,1.0,0.0,1.0,0.0,0.0,0.0,1.0,0.0,0.0,0.0,0.0,0.0,0.0,0.0,0,0,0.04,Low
0,0,0,0,3,1,0.0,1,96.6,291.9,0.0,97.3,0,5,0.0,1.0,1.0,0.0,0.0,0.0,0.0,0.0,0.0,0.0,0.0,0.0,0.0,1.0,0.0,1.0,0.0,1.0,0.0,1,1,0.929,High
1,0,0,0,19,1,0.0,1,86.0,1532.45,1.0,80.65526315789474,1,4,0.0,1.0,1.0,0.0,0.0,0.0,0.0,0.0,0.0,0.0,0.0,0.0,0.0,0.0,0.0,1.0,0.0,0.0,0.0,1,1,0.666,High
1,0,0,0,1,1,0.0,1,69.9,69.9,0.0,69.9,0,2,0.0,0.0,1.0,0.0,0.0,0.0,0.0,0.0,0.0,0.0,0.0,0.0,0.0,0.0,0.0,0.0,0.0,1.0,0.0,0,1,0.939,High
0,0,1,0,6,1,0.0,1,105.3,545.2,0.0,90.86666666666667,1,7,0.0,1.0,1.0,0.0,0.0,0.0,0.0,1.0,0.0,1.0,0.0,0.0,0.0,1.0,0.0,1.0,0.0,1.0,0.0,1,1,0.821,High
1,0,1,1,49,1,0.0,0,59.6,2970.3,3.0,60.61836734693878,0,5,0.0,0.0,0.0,0.0,0.0,1.0,0.0,1.0,0.0,0.0,0.0,1.0,0.0,0.0,0.0,0.0,1.0,0.0,0.0,0,0,0.185,Low
1,1,0,0,22,1,0.0,1,90.5,1910.6,1.0,86.84545454545454,1,5,0.0,1.0,1.0,0.0,0.0,0.0,0.0,0.0,0.0,0.0,0.0,1.0,0.0,1.0,0.0,0.0,0.0,0.0,0.0,1,1,0.574,Medium
0,0,1,1,42,1,1.0,1,19.05,761.85,2.0,18.13928571428572,1,1,0.0,0.0,0.0,1.0,1.0,0.0,1.0,0.0,1.0,0.0,1.0,0.0,1.0,0.0,1.0,0.0,0.0,1.0,0.0,0,0,0.035,Low
1,1,1,0,46,1,0.0,1,98.85,4564.9,2.0,99.23695652173912,0,6,0.0,1.0,1.0,0.0,0.0,0.0,0.0,0.0,0.0,1.0,0.0,0.0,0.0,1.0,0.0,1.0,0.0,1.0,0.0,0,1,0.79,High
1,0,0,0,68,0,0.0,1,39.9,2796.35,3.0,41.12279411764706,0,3,1.0,0.0,0.0,0.0,0.0,0.0,0.0,0.0,0.0,1.0,0.0,0.0,0.0,0.0,0.0,1.0,0.0,0.0,0.0,0,0,0.308,Medium
0,0,0,1,2,1,1.0,0,20.5,38.25,0.0,19.125,1,1,0.0,0.0,0.0,1.0,1.0,0.0,1.0,0.0,1.0,0.0,1.0,0.0,1.0,0.0,1.0,0.0,0.0,0.0,0.0,0,0,0.161,Low
1,0,0,1,0,1,2.0,0,20.25,1397.475,0.0,1397.475,0,1,0.0,0.0,0.0,1.0,1.0,0.0,1.0,0.0,1.0,0.0,1.0,0.0,1.0,0.0,1.0,0.0,0.0,0.0,1.0,0,0,0.045,Low
0,0,1,1,35,1,0.0,0,72.25,2568.55,2.0,73.38714285714286,0,7,0.0,1.0,0.0,0.0,0.0,1.0,0.0,0.0,0.0,1.0,0.0,1.0,0.0,1.0,0.0,0.0,0.0,1.0,0.0,1,0,0.24,Low
0,0,0,0,2,1,0.0,0,19.5,27.55,0.0,13.775,1,1,0.0,0.0,0.0,1.0,1.0,0.0,1.0,0.0,1.0,0.0,1.0,0.0,1.0,0.0,1.0,0.0,0.0,0.0,1.0,0,1,0.555,Medium
1,0,1,1,68,1,2.0,0,62.65,4375.8,3.0,64.35000000000001,0,6,0.0,0.0,0.0,0.0,0.0,1.0,0.0,1.0,0.0,1.0,0.0,1.0,0.0,0.0,0.0,0.0,1.0,0.0,0.0,0,0,0.042,Low
1,0,1,0,16,1,0.0,1,75.4,1189.4,1.0,74.3375,1,3,0.0,1.0,1.0,0.0,0.0,0.0,0.0,0.0,0.0,0.0,0.0,0.0,0.0,0.0,0.0,0.0,0.0,1.0,0.0,0,1,0.718,High
1,0,1,0,72,1,2.0,1,110.9,8240.85,3.0,114.45625,0,8,0.0,1.0,1.0,0.0,0.0,1.0,0.0,0.0,0.0,1.0,0.0,1.0,0.0,1.0,0.0,1.0,1.0,0.0,0.0,0,0,0.116,Low
1,0,1,0,37,1,2.0,0,94.3,3460.95,2.0,93.5391891891892,1,6,0.0,1.0,1.0,0.0,0.0,0.0,0.0,0.0,0.0,1.0,0.0,1.0,0.0,1.0,0.0,0.0,0.0,0.0,1.0,0,0,0.133,Low
1,0,1,1,53,1,2.0,0,25.55,1336.1,3.0,25.20943396226415,1,2,0.0,1.0,0.0,1.0,1.0,0.0,1.0,0.0,1.0,0.0,1.0,0.0,1.0,0.0,1.0,0.0,1.0,0.0,0.0,0,0,0.054,Low
0,0,0,0,40,1,0.0,0,83.85,3532.25,2.0,88.30625,0,4,0.0,1.0,1.0,0.0,0.0,0.0,0.0,0.0,0.0,0.0,0.0,0.0,0.0,0.0,0.0,1.0,0.0,0.0,0.0,0,1,0.536,Medium
0,0,0,0,46,1,1.0,1,94.15,4408.45,2.0,95.8358695652174,0,6,0.0,1.0,1.0,0.0,0.0,0.0,0.0,1.0,0.0,1.0,0.0,0.0,0.0,0.0,0.0,1.0,0.0,1.0,0.0,0,0,0.315,Medium
1,0,0,0,3,1,0.0,1,100.95,329.95,0.0,109.98333333333332,0,6,0.0,1.0,1.0,0.0,0.0,0.0,0.0,0.0,0.0,1.0,0.0,0.0,0.0,1.0,0.0,1.0,0.0,1.0,0.0,1,1,0.792,High
0,0,0,0,1,1,0.0,0,75.3,75.3,0.0,75.3,0,3,0.0,0.0,1.0,0.0,0.0,0.0,0.0,0.0,0.0,1.0,0.0,0.0,0.0,0.0,0.0,0.0,0.0,1.0,0.0,1,1,0.832,High
1,0,0,0,7,1,0.0,0,19.25,112.3,0.0,16.04285714285714,1,1,0.0,0.0,0.0,1.0,1.0,0.0,1.0,0.0,1.0,0.0,1.0,0.0,1.0,0.0,1.0,0.0,0.0,1.0,0.0,1,0,0.132,Low
1,0,0,0,6,0,0.0,1,30.5,208.7,0.0,34.78333333333333,0,2,1.0,0.0,0.0,0.0,0.0,0.0,0.0,1.0,0.0,0.0,0.0,0.0,0.0,0.0,0.0,0.0,1.0,0.0,0.0,1,1,0.538,Medium
1,0,0,0,46,1,0.0,1,89.15,4245.55,2.0,92.29456521739132,0,5,0.0,1.0,1.0,0.0,0.0,1.0,0.0,0.0,0.0,0.0,0.0,0.0,0.0,1.0,0.0,0.0,1.0,0.0,0.0,0,0,0.422,Medium
0,0,1,0,54,1,1.0,1,70.15,3715.65,3.0,68.80833333333334,1,5,0.0,1.0,0.0,0.0,0.0,0.0,0.0,0.0,0.0,0.0,0.0,0.0,0.0,1.0,0.0,1.0,1.0,0.0,0.0,1,0,0.114,Low
1,1,0,0,15,1,0.0,1,79.4,1156.1,1.0,77.07333333333332,1,3,0.0,0.0,1.0,0.0,0.0,0.0,0.0,0.0,0.0,0.0,0.0,0.0,0.0,0.0,0.0,1.0,0.0,1.0,0.0,1,1,0.705,High
1,0,0,0,3,1,0.0,1,85.3,264.8,0.0,88.26666666666667,0,4,0.0,1.0,1.0,0.0,0.0,0.0,0.0,0.0,0.0,0.0,0.0,0.0,0.0,0.0,0.0,1.0,0.0,1.0,0.0,1,1,0.898,High
1,0,1,1,70,1,2.0,0,20.05,1360.25,3.0,19.432142857142857,1,1,0.0,0.0,0.0,1.0,1.0,0.0,1.0,0.0,1.0,0.0,1.0,0.0,1.0,0.0,1.0,0.0,1.0,0.0,0.0,0,0,0.003,Low
1,0,0,1,39,1,2.0,0,100.55,3895.35,2.0,99.88076923076925,1,6,0.0,1.0,1.0,0.0,0.0,0.0,0.0,0.0,0.0,0.0,0.0,1.0,0.0,1.0,0.0,1.0,0.0,0.0,1.0,0,0,0.207,Low
1,0,1,0,2,1,0.0,0,20.0,38.0,0.0,19.0,1,1,0.0,0.0,0.0,1.0,1.0,0.0,1.0,0.0,1.0,0.0,1.0,0.0,1.0,0.0,1.0,0.0,0.0,0.0,1.0,0,0,0.16,Low
1,0,0,0,18,1,0.0,1,75.6,1395.05,1.0,77.50277777777778,0,3,0.0,1.0,1.0,0.0,0.0,0.0,0.0,0.0,0.0,0.0,0.0,0.0,0.0,0.0,0.0,0.0,0.0,0.0,0.0,0,1,0.63,High
1,1,0,0,72,1,2.0,1,25.1,1789.9,3.0,24.859722222222224,1,2,0.0,1.0,0.0,1.0,1.0,0.0,1.0,0.0,1.0,0.0,1.0,0.0,1.0,0.0,1.0,0.0,1.0,0.0,0.0,0,0,0.022,Low
1,0,0,1,47,1,0.0,1,55.3,2654.05,2.0,56.46914893617021,0,4,0.0,0.0,0.0,0.0,0.0,1.0,0.0,1.0,0.0,0.0,0.0,0.0,0.0,0.0,0.0,0.0,0.0,1.0,0.0,0,0,0.207,Low
0,0,1,1,22,1,0.0,0,19.9,400.3,1.0,18.195454545454545,1,1,0.0,0.0,0.0,1.0,1.0,0.0,1.0,0.0,1.0,0.0,1.0,0.0,1.0,0.0,1.0,0.0,0.0,0.0,1.0,0,0,0.038,Low
1,0,1,1,71,1,2.0,0,89.9,6457.15,3.0,90.94577464788732,0,9,0.0,1.0,0.0,0.0,0.0,1.0,0.0,1.0,0.0,1.0,0.0,1.0,0.0,1.0,0.0,1.0,1.0,0.0,0.0,0,0,0.009,Low
1,0,0,0,8,1,0.0,1,74.85,572.45,0.0,71.55625,1,3,0.0,1.0,1.0,0.0,0.0,0.0,0.0,0.0,0.0,0.0,0.0,0.0,0.0,0.0,0.0,0.0,0.0,1.0,0.0,0,1,0.823,High
0,0,1,1,71,1,2.0,0,19.9,1389.35,3.0,19.56830985915493,1,1,0.0,0.0,0.0,1.0,1.0,0.0,1.0,0.0,1.0,0.0,1.0,0.0,1.0,0.0,1.0,0.0,0.0,0.0,0.0,0,0,0.005,Low
0,0,0,0,53,1,1.0,1,94.45,5042.75,3.0,95.14622641509432,0,6,0.0,0.0,1.0,0.0,0.0,0.0,0.0,1.0,0.0,1.0,0.0,1.0,0.0,0.0,0.0,1.0,1.0,0.0,0.0,0,0,0.194,Low
1,1,1,0,37,1,0.0,1,72.25,2575.45,2.0,69.60675675675675,1,2,0.0,0.0,1.0,0.0,0.0,0.0,0.0,0.0,0.0,0.0,0.0,0.0,0.0,0.0,0.0,0.0,0.0,0.0,0.0,0,1,0.543,Medium
1,0,1,0,64,1,1.0,1,70.15,4480.7,3.0,70.0109375,1,6,0.0,1.0,0.0,0.0,0.0,0.0,0.0,1.0,0.0,0.0,0.0,1.0,0.0,0.0,0.0,1.0,0.0,0.0,1.0,0,0,0.125,Low
1,0,0,1,5,1,0.0,1,48.65,235.2,0.0,47.04,1,3,0.0,0.0,0.0,0.0,0.0,0.0,0.0,0.0,0.0,0.0,0.0,1.0,0.0,0.0,0.0,0.0,0.0,0.0,0.0,0,1,0.582,Medium
0,0,0,0,60,1,2.0,0,104.7,6333.8,3.0,105.56333333333332,0,7,0.0,1.0,1.0,0.0,0.0,0.0,0.0,1.0,0.0,1.0,0.0,0.0,0.0,1.0,0.0,1.0,0.0,1.0,0.0,0,0,0.373,Medium
1,0,0,0,2,1,0.0,1,50.3,92.75,0.0,46.375,1,3,0.0,0.0,0.0,0.0,0.0,0.0,0.0,1.0,0.0,0.0,0.0,0.0,0.0,0.0,0.0,0.0,0.0,0.0,1.0,0,1,0.719,High
0,0,0,0,25,0,1.0,0,54.2,1423.15,2.0,56.926,0,5,1.0,0.0,0.0,0.0,0.0,0.0,0.0,0.0,0.0,1.0,0.0,1.0,0.0,1.0,0.0,1.0,0.0,1.0,0.0,0,0,0.106,Low
0,0,1,1,6,1,0.0,0,19.7,113.5,0.0,18.916666666666668,1,1,0.0,0.0,0.0,1.0,1.0,0.0,1.0,0.0,1.0,0.0,1.0,0.0,1.0,0.0,1.0,0.0,0.0,0.0,1.0,0,0,0.128,Low
1,0,1,1,60,1,2.0,1,110.6,6586.85,3.0,109.78083333333332,1,8,0.0,1.0,1.0,0.0,0.0,1.0,0.0,0.0,0.0,1.0,0.0,1.0,0.0,1.0,0.0,1.0,0.0,1.0,0.0,0,0,0.232,Low
0,0,0,0,30,1,0.0,1,100.2,2983.8,2.0,99.46,1,6,0.0,1.0,1.0,0.0,0.0,0.0,0.0,1.0,0.0,0.0,0.0,0.0,0.0,1.0,0.0,1.0,0.0,1.0,0.0,1,1,0.744,High
1,0,0,0,67,0,1.0,1,49.35,3321.35,3.0,49.57238805970149,0,5,1.0,0.0,0.0,0.0,0.0,1.0,0.0,0.0,0.0,1.0,0.0,1.0,0.0,1.0,0.0,0.0,0.0,0.0,0.0,0,0,0.051,Low
1,0,0,0,53,1,1.0,0,24.05,1301.9,3.0,24.56415094339623,0,2,0.0,1.0,0.0,1.0,1.0,0.0,1.0,0.0,1.0,0.0,1.0,0.0,1.0,0.0,1.0,0.0,0.0,0.0,0.0,0,0,0.055,Low
0,0,1,1,10,1,0.0,0,55.2,528.35,0.0,52.835,1,4,0.0,0.0,0.0,0.0,0.0,0.0,0.0,0.0,0.0,1.0,0.0,1.0,0.0,0.0,0.0,0.0,1.0,0.0,0.0,1,0,0.329,Medium
0,0,0,0,1,1,0.0,1,52.2,52.2,0.0,52.2,0,3,0.0,0.0,0.0,0.0,0.0,0.0,0.0,0.0,0.0,0.0,0.0,1.0,0.0,0.0,0.0,0.0,0.0,1.0,0.0,1,1,0.709,High
1,0,1,0,55,0,0.0,1,54.55,2978.3,3.0,54.150909090909096,1,5,1.0,0.0,0.0,0.0,0.0,0.0,0.0,0.0,0.0,1.0,0.0,1.0,0.0,1.0,0.0,1.0,0.0,0.0,0.0,1,0,0.154,Low
0,0,0,0,70,1,2.0,0,84.7,5991.05,3.0,85.58642857142857,0,8,0.0,1.0,0.0,0.0,0.0,1.0,0.0,1.0,0.0,1.0,0.0,0.0,0.0,1.0,0.0,1.0,0.0,0.0,1.0,0,0,0.025,Low
0,0,1,0,34,1,0.0,0,50.2,1815.3,2.0,53.39117647058824,0,3,0.0,0.0,0.0,0.0,0.0,0.0,0.0,0.0,0.0,0.0,0.0,1.0,0.0,0.0,0.0,0.0,0.0,0.0,0.0,0,0,0.162,Low
0,0,0,0,68,1,2.0,0,110.25,7279.35,3.0,107.04926470588236,1,8,0.0,1.0,1.0,0.0,0.0,1.0,0.0,1.0,0.0,0.0,0.0,1.0,0.0,1.0,0.0,1.0,1.0,0.0,0.0,0,0,0.218,Low
0,0,1,0,59,1,1.0,1,109.15,6557.75,3.0,111.14830508474576,0,8,0.0,1.0,1.0,0.0,0.0,1.0,0.0,1.0,0.0,1.0,0.0,0.0,0.0,1.0,0.0,1.0,1.0,0.0,0.0,0,0,0.302,Medium
0,0,0,0,9,1,0.0,1,74.85,708.2,0.0,78.6888888888889,0,3,0.0,0.0,1.0,0.0,0.0,1.0,0.0,0.0,0.0,0.0,0.0,0.0,0.0,0.0,0.0,0.0,0.0,1.0,0.0,0,1,0.733,High
1,0,0,0,6,1,0.0,1,80.5,463.05,0.0,77.175,1,3,0.0,0.0,1.0,0.0,0.0,0.0,0.0,0.0,0.0,0.0,0.0,0.0,0.0,1.0,0.0,0.0,1.0,0.0,0.0,1,1,0.79,High
1,0,1,0,50,1,1.0,1,103.95,5231.3,3.0,104.626,0,7,0.0,1.0,1.0,0.0,0.0,1.0,0.0,0.0,0.0,1.0,0.0,0.0,0.0,1.0,0.0,1.0,0.0,1.0,0.0,0,1,0.509,Medium
0,1,1,1,72,1,2.0,0,92.45,6440.25,3.0,89.44791666666667,1,9,0.0,1.0,0.0,0.0,0.0,1.0,0.0,1.0,0.0,1.0,0.0,1.0,0.0,1.0,0.0,1.0,1.0,0.0,0.0,1,0,0.038,Low
1,1,1,0,41,0,0.0,1,53.95,2215.4,2.0,54.03414634146342,0,5,1.0,0.0,0.0,0.0,0.0,0.0,0.0,1.0,0.0,1.0,0.0,0.0,0.0,1.0,0.0,1.0,0.0,1.0,0.0,0,1,0.561,Medium
1,0,0,0,4,1,0.0,1,50.8,202.3,0.0,50.575,1,3,0.0,0.0,0.0,0.0,0.0,0.0,0.0,0.0,0.0,0.0,0.0,1.0,0.0,0.0,0.0,0.0,0.0,0.0,1.0,0,1,0.581,Medium
1,0,1,1,47,0,1.0,0,40.3,1794.8,2.0,38.18723404255319,1,4,1.0,0.0,0.0,0.0,0.0,1.0,0.0,0.0,0.0,1.0,0.0,1.0,0.0,0.0,0.0,0.0,0.0,1.0,0.0,0,0,0.116,Low
1,0,1,1,62,1,1.0,1,94.95,5791.85,3.0,93.41693548387096,1,6,0.0,1.0,1.0,0.0,0.0,1.0,0.0,1.0,0.0,0.0,0.0,0.0,0.0,1.0,0.0,0.0,1.0,0.0,0.0,0,0,0.164,Low
0,0,1,1,18,1,0.0,0,20.45,357.0,1.0,19.83333333333333,1,1,0.0,0.0,0.0,1.0,1.0,0.0,1.0,0.0,1.0,0.0,1.0,0.0,1.0,0.0,1.0,0.0,0.0,0.0,1.0,0,0,0.075,Low
0,0,1,0,3,1,0.0,1,75.85,256.6,0.0,85.53333333333335,0,3,0.0,1.0,1.0,0.0,0.0,0.0,0.0,0.0,0.0,0.0,0.0,0.0,0.0,0.0,0.0,0.0,0.0,1.0,0.0,1,1,0.885,High
1,0,0,0,65,1,2.0,1,25.1,1725.0,3.0,26.53846153846154,0,2,0.0,1.0,0.0,1.0,1.0,0.0,1.0,0.0,1.0,0.0,1.0,0.0,1.0,0.0,1.0,0.0,0.0,0.0,0.0,0,0,0.016,Low
1,0,1,0,59,1,1.0,0,85.55,5084.65,3.0,86.18050847457627,0,4,0.0,1.0,1.0,0.0,0.0,0.0,0.0,0.0,0.0,0.0,0.0,0.0,0.0,0.0,0.0,1.0,0.0,1.0,0.0,1,0,0.293,Low
0,0,0,0,60,1,1.0,1,70.15,4224.7,3.0,70.41166666666666,0,6,0.0,0.0,0.0,0.0,0.0,0.0,0.0,1.0,0.0,1.0,0.0,1.0,0.0,1.0,0.0,0.0,1.0,0.0,0.0,0,0,0.076,Low
0,0,0,0,10,1,0.0,1,20.55,187.35,0.0,18.735,1,1,0.0,0.0,0.0,1.0,1.0,0.0,1.0,0.0,1.0,0.0,1.0,0.0,1.0,0.0,1.0,0.0,0.0,0.0,1.0,0,0,0.086,Low
1,0,1,1,7,0,2.0,0,38.55,280.0,0.0,40.0,0,4,1.0,0.0,0.0,0.0,0.0,1.0,0.0,1.0,0.0,1.0,0.0,0.0,0.0,0.0,0.0,0.0,0.0,0.0,1.0,0,0,0.151,Low
1,0,0,0,28,1,0.0,0,91.0,2626.15,2.0,93.79107142857144,0,5,0.0,0.0,1.0,0.0,0.0,0.0,0.0,0.0,0.0,1.0,0.0,1.0,0.0,0.0,0.0,1.0,0.0,1.0,0.0,0,0,0.416,Medium
1,1,1,0,29,1,0.0,1,79.3,2414.55,2.0,83.26034482758621,0,4,0.0,1.0,1.0,0.0,0.0,0.0,0.0,0.0,0.0,0.0,0.0,1.0,0.0,0.0,0.0,0.0,0.0,1.0,0.0,0,1,0.648,High
1,0,1,1,0,1,1.0,1,19.7,1397.475,0.0,1397.475,0,1,0.0,0.0,0.0,1.0,1.0,0.0,1.0,0.0,1.0,0.0,1.0,0.0,1.0,0.0,1.0,0.0,0.0,0.0,1.0,0,0,0.071,Low
0,0,0,0,37,1,1.0,0,64.65,2347.85,2.0,63.4554054054054,1,5,0.0,1.0,0.0,0.0,0.0,1.0,0.0,0.0,0.0,0.0,0.0,0.0,0.0,1.0,0.0,0.0,0.0,0.0,0.0,0,0,0.082,Low
0,0,1,1,45,1,2.0,1,24.65,1138.8,2.0,25.306666666666665,0,2,0.0,1.0,0.0,1.0,1.0,0.0,1.0,0.0,1.0,0.0,1.0,0.0,1.0,0.0,1.0,0.0,0.0,0.0,0.0,0,0,0.009,Low
1,0,1,0,61,1,1.0,1,79.8,4914.8,3.0,80.57049180327868,0,7,0.0,1.0,0.0,0.0,0.0,0.0,0.0,1.0,0.0,1.0,0.0,0.0,0.0,1.0,0.0,1.0,0.0,1.0,0.0,0,0,0.218,Low
0,0,1,0,64,1,2.0,0,19.45,1208.6,3.0,18.884375,1,1,0.0,0.0,0.0,1.0,1.0,0.0,1.0,0.0,1.0,0.0,1.0,0.0,1.0,0.0,1.0,0.0,1.0,0.0,0.0,0,0,0.008,Low
1,0,1,1,63,1,1.0,1,91.35,5764.7,3.0,91.5031746031746,0,5,0.0,1.0,1.0,0.0,0.0,0.0,0.0,1.0,0.0,0.0,0.0,0.0,0.0,0.0,0.0,1.0,0.0,1.0,0.0,0,0,0.301,Medium
0,1,1,0,37,1,0.0,1,76.5,2868.15,2.0,77.51756756756757,0,3,0.0,1.0,1.0,0.0,0.0,0.0,0.0,0.0,0.0,0.0,0.0,0.0,0.0,0.0,0.0,0.0,0.0,1.0,0.0,1,1,0.647,High
0,1,1,0,72,1,2.0,0,24.3,1778.7,3.0,24.704166666666666,0,2,0.0,1.0,0.0,1.0,1.0,0.0,1.0,0.0,1.0,0.0,1.0,0.0,1.0,0.0,1.0,0.0,0.0,0.0,0.0,0,0,0.002,Low
0,0,1,1,66,1,2.0,0,89.9,5958.85,3.0,90.28560606060609,0,9,0.0,1.0,0.0,0.0,0.0,1.0,0.0,1.0,0.0,1.0,0.0,1.0,0.0,1.0,0.0,1.0,1.0,0.0,0.0,0,0,0.023,Low
0,0,0,0,1,1,0.0,0,95.65,95.65,0.0,95.65,0,5,0.0,1.0,1.0,0.0,0.0,0.0,0.0,0.0,0.0,0.0,0.0,0.0,0.0,1.0,0.0,1.0,0.0,0.0,1.0,1,1,0.906,High
0,0,1,0,9,1,0.0,1,79.75,769.1,0.0,85.45555555555556,0,3,0.0,0.0,1.0,0.0,0.0,0.0,0.0,0.0,0.0,0.0,0.0,0.0,0.0,0.0,0.0,1.0,0.0,1.0,0.0,0,1,0.846,High
1,0,0,0,1,0,0.0,0,25.35,25.35,0.0,25.35,0,1,1.0,0.0,0.0,0.0,0.0,0.0,0.0,0.0,0.0,0.0,0.0,0.0,0.0,0.0,0.0,0.0,0.0,0.0,1.0,0,1,0.712,High
0,1,0,0,4,1,0.0,1,99.8,442.85,0.0,110.7125,0,6,0.0,0.0,1.0,0.0,0.0,0.0,0.0,1.0,0.0,1.0,0.0,0.0,0.0,1.0,0.0,1.0,1.0,0.0,0.0,1,1,0.785,High
0,1,1,0,38,1,0.0,1,74.95,2869.85,2.0,75.52236842105263,0,3,0.0,1.0,1.0,0.0,0.0,0.0,0.0,0.0,0.0,0.0,0.0,0.0,0.0,0.0,0.0,0.0,0.0,0.0,0.0,1,1,0.567,Medium
1,0,1,1,44,1,0.0,1,61.9,2924.05,2.0,66.45568181818182,0,5,0.0,0.0,0.0,0.0,0.0,0.0,0.0,1.0,0.0,1.0,0.0,1.0,0.0,0.0,0.0,0.0,0.0,0.0,1.0,0,0,0.167,Low
0,0,1,0,22,1,0.0,1,54.7,1178.75,1.0,53.57954545454545,1,4,0.0,0.0,0.0,0.0,0.0,0.0,0.0,1.0,0.0,1.0,0.0,0.0,0.0,0.0,0.0,0.0,0.0,0.0,1.0,0,0,0.353,Medium
0,0,0,0,53,1,1.0,1,106.95,5785.5,3.0,109.16037735849056,0,7,0.0,1.0,1.0,0.0,0.0,1.0,0.0,0.0,0.0,1.0,0.0,0.0,0.0,1.0,0.0,1.0,1.0,0.0,0.0,1,0,0.441,Medium
1,1,1,0,23,1,0.0,1,90.45,2117.25,1.0,92.05434782608695,0,4,0.0,0.0,1.0,0.0,0.0,0.0,0.0,0.0,0.0,0.0,0.0,0.0,0.0,1.0,0.0,1.0,0.0,1.0,0.0,0,1,0.691,High
0,0,0,0,20,1,0.0,1,18.9,347.65,1.0,17.3825,1,1,0.0,0.0,0.0,1.0,1.0,0.0,1.0,0.0,1.0,0.0,1.0,0.0,1.0,0.0,1.0,0.0,1.0,0.0,0.0,0,0,0.12,Low
1,0,0,0,51,1,2.0,0,24.75,1234.6,3.0,24.2078431372549,1,2,0.0,1.0,0.0,1.0,1.0,0.0,1.0,0.0,1.0,0.0,1.0,0.0,1.0,0.0,1.0,0.0,0.0,0.0,1.0,0,0,0.025,Low
1,0,1,1,62,1,2.0,0,20.65,1218.45,3.0,19.65241935483871,1,1,0.0,0.0,0.0,1.0,1.0,0.0,1.0,0.0,1.0,0.0,1.0,0.0,1.0,0.0,1.0,0.0,1.0,0.0,0.0,0,0,0.005,Low
1,0,0,0,7,1,0.0,1,18.95,130.55,0.0,18.65,1,1,0.0,0.0,0.0,1.0,1.0,0.0,1.0,0.0,1.0,0.0,1.0,0.0,1.0,0.0,1.0,0.0,0.0,0.0,1.0,0,0,0.073,Low
0,0,0,0,17,1,0.0,1,83.55,1329.15,1.0,78.18529411764706,1,4,0.0,0.0,1.0,0.0,0.0,0.0,0.0,1.0,0.0,0.0,0.0,0.0,0.0,1.0,0.0,0.0,0.0,1.0,0.0,0,1,0.703,High
1,0,0,1,41,1,1.0,0,70.2,2894.55,2.0,70.59878048780489,0,6,0.0,0.0,0.0,0.0,0.0,1.0,0.0,1.0,0.0,1.0,0.0,0.0,0.0,1.0,0.0,0.0,0.0,0.0,1.0,0,0,0.111,Low
0,0,0,0,7,1,1.0,1,94.05,633.45,0.0,90.49285714285716,1,5,0.0,0.0,1.0,0.0,0.0,0.0,0.0,1.0,0.0,0.0,0.0,0.0,0.0,1.0,0.0,1.0,0.0,0.0,1.0,0,1,0.599,Medium
1,0,0,1,1,1,0.0,1,50.05,50.05,0.0,50.05,0,3,0.0,1.0,0.0,0.0,0.0,0.0,0.0,0.0,0.0,0.0,0.0,0.0,0.0,0.0,0.0,0.0,0.0,1.0,0.0,0,1,0.674,High
0,0,1,0,64,1,1.0,0,58.35,3756.45,3.0,58.69453125,0,5,0.0,1.0,0.0,0.0,0.0,0.0,0.0,0.0,0.0,1.0,0.0,1.0,0.0,0.0,0.0,0.0,0.0,0.0,0.0,0,0,0.051,Low
0,0,0,0,3,1,0.0,1,75.5,220.6,0.0,73.53333333333333,1,3,0.0,1.0,1.0,0.0,0.0,0.0,0.0,0.0,0.0,0.0,0.0,0.0,0.0,0.0,0.0,0.0,0.0,1.0,0.0,1,1,0.849,High
0,1,1,0,50,1,0.0,1,71.05,3444.85,3.0,68.89699999999999,1,2,0.0,0.0,1.0,0.0,0.0,0.0,0.0,0.0,0.0,0.0,0.0,0.0,0.0,0.0,0.0,0.0,0.0,1.0,0.0,1,1,0.536,Medium
1,0,1,0,18,1,0.0,0,56.8,1074.65,1.0,59.70277777777778,0,4,0.0,1.0,0.0,0.0,0.0,0.0,0.0,1.0,0.0,0.0,0.0,0.0,0.0,0.0,0.0,0.0,1.0,0.0,0.0,0,0,0.289,Low
0,0,1,1,13,1,0.0,0,55.95,734.35,1.0,56.48846153846154,0,3,0.0,0.0,0.0,0.0,0.0,0.0,0.0,0.0,0.0,0.0,0.0,0.0,0.0,0.0,0.0,1.0,0.0,1.0,0.0,1,0,0.412,Medium
1,0,1,1,69,1,2.0,0,80.65,5542.55,3.0,80.3268115942029,1,7,0.0,0.0,0.0,0.0,0.0,1.0,0.0,1.0,0.0,0.0,0.0,1.0,0.0,1.0,0.0,1.0,0.0,0.0,0.0,0,0,0.048,Low
0,0,0,0,1,1,0.0,1,79.15,79.15,0.0,79.15,0,4,0.0,1.0,1.0,0.0,0.0,0.0,0.0,1.0,0.0,0.0,0.0,0.0,0.0,0.0,0.0,0.0,0.0,0.0,1.0,0,1,0.9,High
1,0,0,0,4,1,0.0,0,90.65,367.95,0.0,91.9875,0,5,0.0,1.0,1.0,0.0,0.0,1.0,0.0,0.0,0.0,0.0,0.0,0.0,0.0,1.0,0.0,0.0,0.0,1.0,0.0,0,1,0.736,High
1,0,0,0,1,1,0.0,1,53.5,53.5,0.0,53.5,0,3,0.0,0.0,0.0,0.0,0.0,0.0,0.0,0.0,0.0,0.0,0.0,0.0,0.0,1.0,0.0,0.0,0.0,0.0,1.0,1,1,0.765,High
1,0,1,1,25,1,1.0,0,53.65,1355.45,2.0,54.218,0,4,0.0,0.0,0.0,0.0,0.0,0.0,0.0,1.0,0.0,1.0,0.0,0.0,0.0,0.0,0.0,0.0,0.0,0.0,1.0,0,0,0.152,Low
0,0,1,1,18,1,0.0,0,55.95,1082.8,1.0,60.15555555555555,0,3,0.0,0.0,0.0,0.0,0.0,0.0,0.0,0.0,0.0,0.0,0.0,0.0,0.0,1.0,0.0,0.0,0.0,0.0,1.0,0,0,0.323,Medium
1,0,1,1,48,1,2.0,0,23.55,1173.35,2.0,24.444791666666664,0,2,0.0,1.0,0.0,1.0,1.0,0.0,1.0,0.0,1.0,0.0,1.0,0.0,1.0,0.0,1.0,0.0,0.0,0.0,1.0,0,0,0.005,Low
1,0,0,0,26,1,1.0,1,20.65,595.5,2.0,22.903846153846157,0,1,0.0,0.0,0.0,1.0,1.0,0.0,1.0,0.0,1.0,0.0,1.0,0.0,1.0,0.0,1.0,0.0,1.0,0.0,0.0,0,0,0.012,Low
1,0,0,0,1,1,0.0,1,69.1,69.1,0.0,69.1,0,2,0.0,0.0,1.0,0.0,0.0,0.0,0.0,0.0,0.0,0.0,0.0,0.0,0.0,0.0,0.0,0.0,0.0,1.0,0.0,1,1,0.919,High
0,0,0,1,4,0,0.0,1,57.2,223.75,0.0,55.9375,1,6,1.0,0.0,0.0,0.0,0.0,1.0,0.0,1.0,0.0,1.0,0.0,0.0,0.0,1.0,0.0,1.0,0.0,0.0,1.0,0,0,0.423,Medium
1,0,0,0,1,1,0.0,0,20.3,20.3,0.0,20.3,0,1,0.0,0.0,0.0,1.0,1.0,0.0,1.0,0.0,1.0,0.0,1.0,0.0,1.0,0.0,1.0,0.0,0.0,0.0,1.0,0,0,0.402,Medium
1,0,1,1,11,1,0.0,1,74.35,834.2,0.0,75.83636363636364,0,3,0.0,1.0,1.0,0.0,0.0,0.0,0.0,0.0,0.0,0.0,0.0,0.0,0.0,0.0,0.0,0.0,0.0,1.0,0.0,1,1,0.778,High
1,0,1,1,4,1,0.0,0,61.45,229.55,0.0,57.3875,1,4,0.0,0.0,0.0,0.0,0.0,0.0,0.0,0.0,0.0,0.0,0.0,1.0,0.0,0.0,0.0,1.0,1.0,0.0,0.0,1,0,0.361,Medium
0,1,0,0,8,1,0.0,0,19.65,164.3,0.0,20.5375,0,1,0.0,0.0,0.0,1.0,1.0,0.0,1.0,0.0,1.0,0.0,1.0,0.0,1.0,0.0,1.0,0.0,0.0,1.0,0.0,1,0,0.176,Low
0,0,1,0,6,1,0.0,1,90.75,512.25,0.0,85.375,1,5,0.0,1.0,1.0,0.0,0.0,0.0,0.0,1.0,0.0,0.0,0.0,0.0,0.0,0.0,0.0,1.0,0.0,1.0,0.0,0,1,0.898,High
1,0,0,0,72,1,2.0,0,92.0,6632.75,3.0,92.12152777777776,0,9,0.0,1.0,0.0,0.0,0.0,1.0,0.0,1.0,0.0,1.0,0.0,1.0,0.0,1.0,0.0,1.0,0.0,0.0,0.0,0,0,0.011,Low
0,0,0,0,27,1,2.0,0,52.85,1498.65,2.0,55.50555555555556,0,4,0.0,0.0,0.0,0.0,0.0,1.0,0.0,1.0,0.0,0.0,0.0,0.0,0.0,0.0,0.0,0.0,0.0,0.0,0.0,0,0,0.077,Low
0,1,0,1,1,1,0.0,1,71.0,71.0,0.0,71.0,0,2,0.0,0.0,1.0,0.0,0.0,0.0,0.0,0.0,0.0,0.0,0.0,0.0,0.0,0.0,0.0,0.0,0.0,1.0,0.0,1,1,0.893,High
0,0,0,0,17,1,1.0,0,20.15,353.65,1.0,20.802941176470583,0,1,0.0,0.0,0.0,1.0,1.0,0.0,1.0,0.0,1.0,0.0,1.0,0.0,1.0,0.0,1.0,0.0,0.0,0.0,1.0,0,0,0.047,Low
1,0,0,0,66,1,2.0,0,68.75,4447.55,3.0,67.38712121212122,1,7,0.0,1.0,0.0,0.0,0.0,1.0,0.0,1.0,0.0,1.0,0.0,1.0,0.0,0.0,0.0,0.0,0.0,0.0,0.0,0,0,0.032,Low
1,0,0,0,53,1,2.0,0,19.5,1050.5,3.0,19.82075471698113,0,1,0.0,0.0,0.0,1.0,1.0,0.0,1.0,0.0,1.0,0.0,1.0,0.0,1.0,0.0,1.0,0.0,1.0,0.0,0.0,0,0,0.12,Low
1,0,1,0,44,1,0.0,1,84.8,3626.35,2.0,82.41704545454546,1,5,0.0,1.0,1.0,0.0,0.0,1.0,0.0,0.0,0.0,1.0,0.0,0.0,0.0,0.0,0.0,0.0,1.0,0.0,0.0,0,0,0.4,Medium
1,0,1,1,52,1,1.0,1,20.85,1071.6,3.0,20.607692307692307,1,1,0.0,0.0,0.0,1.0,1.0,0.0,1.0,0.0,1.0,0.0,1.0,0.0,1.0,0.0,1.0,0.0,1.0,0.0,0.0,0,0,0.017,Low
1,1,1,0,70,1,2.0,0,90.05,6333.4,3.0,90.47714285714284,0,9,0.0,1.0,0.0,0.0,0.0,1.0,0.0,1.0,0.0,1.0,0.0,1.0,0.0,1.0,0.0,1.0,1.0,0.0,0.0,0,0,0.033,Low
0,0,0,0,1,1,0.0,1,25.75,25.75,0.0,25.75,0,2,0.0,1.0,0.0,1.0,1.0,0.0,1.0,0.0,1.0,0.0,1.0,0.0,1.0,0.0,1.0,0.0,0.0,0.0,1.0,0,0,0.197,Low
1,0,1,0,61,1,2.0,1,94.1,5638.3,3.0,92.43114754098362,1,6,0.0,1.0,1.0,0.0,0.0,0.0,0.0,1.0,0.0,0.0,0.0,1.0,0.0,1.0,0.0,0.0,0.0,1.0,0.0,1,0,0.203,Low
1,0,1,1,19,1,1.0,1,100.95,1875.55,1.0,98.71315789473684,1,6,0.0,1.0,1.0,0.0,0.0,0.0,0.0,0.0,0.0,0.0,0.0,1.0,0.0,1.0,0.0,1.0,0.0,1.0,0.0,1,1,0.519,Medium
0,0,1,1,11,1,1.0,0,20.6,233.9,0.0,21.263636363636365,0,1,0.0,0.0,0.0,1.0,1.0,0.0,1.0,0.0,1.0,0.0,1.0,0.0,1.0,0.0,1.0,0.0,0.0,0.0,1.0,0,0,0.059,Low
1,0,0,0,26,1,0.0,1,85.75,2146.5,2.0,82.5576923076923,1,4,0.0,0.0,1.0,0.0,0.0,0.0,0.0,1.0,0.0,0.0,0.0,0.0,0.0,1.0,0.0,0.0,0.0,1.0,0.0,0,1,0.691,High
0,0,0,0,60,1,2.0,0,19.85,1128.1,3.0,18.801666666666662,1,1,0.0,0.0,0.0,1.0,1.0,0.0,1.0,0.0,1.0,0.0,1.0,0.0,1.0,0.0,1.0,0.0,0.0,0.0,0.0,0,0,0.026,Low
1,0,0,0,1,1,0.0,1,84.85,84.85,0.0,84.85,0,4,0.0,0.0,1.0,0.0,0.0,0.0,0.0,0.0,0.0,1.0,0.0,0.0,0.0,1.0,0.0,0.0,0.0,1.0,0.0,1,1,0.91,High
1,0,0,0,26,1,0.0,1,92.4,2349.8,2.0,90.37692307692308,1,6,0.0,1.0,1.0,0.0,0.0,1.0,0.0,1.0,0.0,0.0,0.0,0.0,0.0,1.0,0.0,0.0,1.0,0.0,0.0,0,1,0.532,Medium
1,1,0,0,24,1,0.0,1,80.5,2088.45,1.0,87.01875,0,4,0.0,1.0,1.0,0.0,0.0,0.0,0.0,1.0,0.0,0.0,0.0,0.0,0.0,0.0,0.0,0.0,0.0,1.0,0.0,0,1,0.759,High
1,0,1,1,22,1,1.0,1,100.05,2090.25,1.0,95.01136363636364,1,6,0.0,0.0,1.0,0.0,0.0,0.0,0.0,1.0,0.0,1.0,0.0,0.0,0.0,1.0,0.0,1.0,0.0,0.0,1.0,0,0,0.41,Medium
0,0,1,0,51,1,1.0,1,98.85,4947.55,3.0,97.0107843137255,1,6,0.0,1.0,1.0,0.0,0.0,0.0,0.0,0.0,0.0,1.0,0.0,0.0,0.0,1.0,0.0,1.0,0.0,1.0,0.0,0,0,0.43,Medium
1,1,1,0,61,1,1.0,1,85.55,5251.75,3.0,86.09426229508196,0,5,0.0,1.0,1.0,0.0,0.0,0.0,0.0,1.0,0.0,0.0,0.0,1.0,0.0,0.0,0.0,0.0,0.0,0.0,0.0,0,0,0.104,Low
1,0,1,0,44,0,2.0,0,54.3,2390.45,2.0,54.32840909090908,0,5,1.0,0.0,0.0,0.0,0.0,0.0,0.0,1.0,0.0,1.0,0.0,0.0,0.0,1.0,0.0,1.0,0.0,0.0,0.0,0,0,0.242,Low
0,0,1,1,0,1,2.0,0,80.85,1397.475,0.0,1397.475,0,7,0.0,0.0,0.0,0.0,0.0,1.0,0.0,1.0,0.0,1.0,0.0,0.0,0.0,1.0,0.0,1.0,0.0,0.0,1.0,0,0,0.123,Low
0,0,0,0,5,1,0.0,1,75.65,399.45,0.0,79.89,0,3,0.0,0.0,1.0,0.0,0.0,0.0,0.0,0.0,0.0,0.0,0.0,1.0,0.0,0.0,0.0,0.0,0.0,0.0,1.0,0,1,0.729,High
0,0,1,0,1,1,0.0,0,78.8,78.8,0.0,78.8,0,3,0.0,0.0,1.0,0.0,0.0,0.0,0.0,0.0,0.0,0.0,0.0,0.0,0.0,1.0,0.0,0.0,0.0,1.0,0.0,1,1,0.907,High
1,0,0,0,26,1,1.0,0,61.55,1581.95,2.0,60.84423076923077,1,5,0.0,1.0,0.0,0.0,0.0,1.0,0.0,1.0,0.0,0.0,0.0,0.0,0.0,0.0,0.0,0.0,0.0,1.0,0.0,0,0,0.102,Low
0,0,0,0,15,1,0.0,1,84.35,1302.65,1.0,86.84333333333333,0,5,0.0,1.0,1.0,0.0,0.0,1.0,0.0,0.0,0.0,1.0,0.0,0.0,0.0,0.0,0.0,0.0,1.0,0.0,0.0,0,1,0.563,Medium
1,0,1,0,4,1,0.0,1,80.35,307.4,0.0,76.85,1,3,0.0,0.0,1.0,0.0,0.0,0.0,0.0,0.0,0.0,0.0,0.0,0.0,0.0,1.0,0.0,0.0,0.0,1.0,0.0,1,1,0.85,High
1,0,1,0,12,1,0.0,1,84.6,959.9,0.0,79.99166666666666,1,5,0.0,0.0,1.0,0.0,0.0,1.0,0.0,1.0,0.0,1.0,0.0,0.0,0.0,0.0,0.0,0.0,0.0,1.0,0.0,0,1,0.646,High
1,0,0,1,1,1,0.0,1,49.9,49.9,0.0,49.9,0,3,0.0,0.0,0.0,0.0,0.0,0.0,0.0,0.0,0.0,0.0,0.0,1.0,0.0,0.0,0.0,0.0,0.0,0.0,1.0,1,1,0.566,Medium
1,0,1,1,22,1,0.0,1,57.95,1271.8,1.0,57.809090909090905,1,5,0.0,0.0,0.0,0.0,0.0,1.0,0.0,1.0,0.0,0.0,0.0,1.0,0.0,0.0,0.0,0.0,0.0,0.0,1.0,0,0,0.218,Low
1,0,1,0,49,0,2.0,0,49.65,2409.9,3.0,49.18163265306123,1,4,1.0,0.0,0.0,0.0,0.0,0.0,0.0,1.0,0.0,0.0,0.0,0.0,0.0,1.0,0.0,1.0,1.0,0.0,0.0,0,0,0.187,Low
1,0,0,0,13,1,2.0,0,19.75,265.75,1.0,20.442307692307693,0,1,0.0,0.0,0.0,1.0,1.0,0.0,1.0,0.0,1.0,0.0,1.0,0.0,1.0,0.0,1.0,0.0,0.0,0.0,1.0,0,0,0.02,Low
0,0,1,0,66,1,1.0,1,90.55,6130.95,3.0,92.89318181818182,0,6,0.0,1.0,1.0,0.0,0.0,0.0,0.0,1.0,0.0,1.0,0.0,1.0,0.0,0.0,0.0,0.0,0.0,0.0,0.0,0,0,0.106,Low
1,0,1,0,62,0,2.0,1,39.0,2337.45,3.0,37.7008064516129,1,3,1.0,0.0,0.0,0.0,0.0,0.0,0.0,0.0,0.0,0.0,0.0,1.0,0.0,1.0,0.0,0.0,0.0,0.0,0.0,0,0,0.099,Low
1,0,1,1,66,1,2.0,1,63.3,4189.7,3.0,63.48030303030303,0,5,0.0,1.0,0.0,0.0,0.0,0.0,0.0,0.0,0.0,1.0,0.0,0.0,0.0,1.0,0.0,0.0,0.0,0.0,0.0,0,0,0.065,Low
0,0,0,0,3,0,0.0,0,35.2,108.95,0.0,36.31666666666667,0,2,1.0,0.0,0.0,0.0,0.0,0.0,0.0,0.0,0.0,0.0,0.0,0.0,0.0,1.0,0.0,0.0,1.0,0.0,0.0,1,1,0.566,Medium
1,0,0,0,63,1,1.0,0,68.8,4111.35,3.0,65.25952380952381,1,7,0.0,1.0,0.0,0.0,0.0,1.0,0.0,1.0,0.0,1.0,0.0,1.0,0.0,0.0,0.0,0.0,0.0,0.0,0.0,0,0,0.066,Low
1,0,1,1,15,1,2.0,0,19.35,278.85,1.0,18.59,1,1,0.0,0.0,0.0,1.0,1.0,0.0,1.0,0.0,1.0,0.0,1.0,0.0,1.0,0.0,1.0,0.0,0.0,0.0,1.0,0,0,0.027,Low
0,0,1,0,43,1,0.0,1,94.1,4107.3,2.0,95.5186046511628,0,6,0.0,1.0,1.0,0.0,0.0,1.0,0.0,1.0,0.0,0.0,0.0,0.0,0.0,0.0,0.0,1.0,0.0,1.0,0.0,0,1,0.519,Medium
1,1,0,0,65,1,2.0,1,109.05,7108.2,3.0,109.35692307692308,0,8,0.0,1.0,1.0,0.0,0.0,1.0,0.0,0.0,0.0,1.0,0.0,1.0,0.0,1.0,0.0,1.0,0.0,1.0,0.0,0,0,0.313,Medium
0,0,0,0,2,1,0.0,1,85.7,169.8,0.0,84.9,1,4,0.0,1.0,1.0,0.0,0.0,0.0,0.0,0.0,0.0,0.0,0.0,0.0,0.0,0.0,0.0,1.0,0.0,1.0,0.0,1,1,0.903,High
0,0,0,0,14,1,0.0,0,50.1,709.5,1.0,50.67857142857143,0,3,0.0,0.0,0.0,0.0,0.0,1.0,0.0,0.0,0.0,0.0,0.0,0.0,0.0,0.0,0.0,0.0,0.0,0.0,0.0,0,0,0.359,Medium
0,0,1,1,68,1,2.0,1,109.05,7508.55,3.0,110.41985294117649,0,8,0.0,1.0,1.0,0.0,0.0,1.0,0.0,0.0,0.0,1.0,0.0,1.0,0.0,1.0,0.0,1.0,0.0,0.0,0.0,0,0,0.201,Low
1,0,0,0,20,1,0.0,1,19.6,356.15,1.0,17.807499999999997,1,1,0.0,0.0,0.0,1.0,1.0,0.0,1.0,0.0,1.0,0.0,1.0,0.0,1.0,0.0,1.0,0.0,1.0,0.0,0.0,0,0,0.112,Low
0,0,1,1,57,1,0.0,0,65.2,3687.85,3.0,64.69912280701755,1,6,0.0,1.0,0.0,0.0,0.0,1.0,0.0,1.0,0.0,0.0,0.0,1.0,0.0,0.0,0.0,0.0,0.0,0.0,0.0,0,0,0.077,Low
1,0,0,0,72,1,2.0,1,19.8,1468.75,3.0,20.39930555555556,0,1,0.0,0.0,0.0,1.0,1.0,0.0,1.0,0.0,1.0,0.0,1.0,0.0,1.0,0.0,1.0,0.0,1.0,0.0,0.0,0,0,0.007,Low
1,0,0,0,6,1,0.0,1,84.4,556.35,0.0,92.725,0,4,0.0,0.0,1.0,0.0,0.0,0.0,0.0,1.0,0.0,0.0,0.0,0.0,0.0,0.0,0.0,1.0,0.0,1.0,0.0,1,1,0.865,High
1,0,0,0,53,1,2.0,1,73.9,3958.25,3.0,74.68396226415095,0,7,0.0,1.0,0.0,0.0,0.0,0.0,0.0,1.0,0.0,1.0,0.0,1.0,0.0,0.0,0.0,1.0,0.0,0.0,0.0,0,0,0.069,Low
0,0,1,1,57,1,1.0,1,70.1,3913.3,3.0,68.65438596491228,1,5,0.0,0.0,0.0,0.0,0.0,1.0,0.0,0.0,0.0,0.0,0.0,0.0,0.0,1.0,0.0,1.0,0.0,0.0,0.0,1,0,0.097,Low
1,0,0,0,1,1,0.0,1,20.1,20.1,0.0,20.1,0,1,0.0,0.0,0.0,1.0,1.0,0.0,1.0,0.0,1.0,0.0,1.0,0.0,1.0,0.0,1.0,0.0,0.0,0.0,1.0,1,1,0.799,High
1,0,0,0,15,1,0.0,1,49.0,749.25,1.0,49.95,0,3,0.0,1.0,0.0,0.0,0.0,0.0,0.0,0.0,0.0,0.0,0.0,0.0,0.0,0.0,0.0,0.0,0.0,1.0,0.0,0,1,0.598,Medium
0,1,0,0,40,1,0.0,1,79.2,3233.85,2.0,80.84625,0,4,0.0,0.0,1.0,0.0,0.0,1.0,0.0,1.0,0.0,0.0,0.0,0.0,0.0,0.0,0.0,0.0,1.0,0.0,0.0,1,1,0.573,Medium
1,0,0,0,71,0,2.0,0,53.95,3888.65,3.0,54.76971830985916,0,6,1.0,0.0,0.0,0.0,0.0,1.0,0.0,1.0,0.0,1.0,0.0,1.0,0.0,1.0,0.0,0.0,0.0,0.0,0.0,0,0,0.028,Low
0,1,1,0,13,0,0.0,0,45.3,528.45,1.0,40.650000000000006,1,3,1.0,0.0,0.0,0.0,0.0,0.0,0.0,0.0,0.0,0.0,0.0,0.0,0.0,1.0,0.0,1.0,0.0,1.0,0.0,0,1,0.634,High
0,0,1,0,72,1,2.0,1,91.15,6637.9,3.0,92.19305555555556,0,9,0.0,1.0,0.0,0.0,0.0,1.0,0.0,1.0,0.0,1.0,0.0,1.0,0.0,1.0,0.0,1.0,0.0,0.0,0.0,0,0,0.009,Low
0,0,1,1,52,1,1.0,1,95.7,4976.15,3.0,95.6951923076923,1,6,0.0,1.0,1.0,0.0,0.0,0.0,0.0,1.0,0.0,1.0,0.0,0.0,0.0,1.0,0.0,0.0,1.0,0.0,0.0,0,0,0.204,Low
0,0,1,0,63,1,1.0,1,81.15,5224.5,3.0,82.92857142857143,0,4,0.0,0.0,1.0,0.0,0.0,1.0,0.0,0.0,0.0,1.0,0.0,0.0,0.0,0.0,0.0,0.0,1.0,0.0,0.0,0,0,0.097,Low
1,0,0,0,29,1,1.0,0,19.1,529.5,2.0,18.25862068965517,1,1,0.0,0.0,0.0,1.0,1.0,0.0,1.0,0.0,1.0,0.0,1.0,0.0,1.0,0.0,1.0,0.0,0.0,0.0,1.0,0,0,0.007,Low
0,0,0,0,29,1,0.0,0,100.55,2878.75,2.0,99.26724137931036,1,6,0.0,1.0,1.0,0.0,0.0,0.0,0.0,0.0,0.0,1.0,0.0,0.0,0.0,1.0,0.0,1.0,0.0,0.0,0.0,0,1,0.573,Medium
1,0,0,0,3,1,0.0,1,20.75,67.1,0.0,22.366666666666664,0,1,0.0,0.0,0.0,1.0,1.0,0.0,1.0,0.0,1.0,0.0,1.0,0.0,1.0,0.0,1.0,0.0,1.0,0.0,0.0,0,0,0.132,Low
1,0,1,1,19,1,0.0,0,20.6,414.95,1.0,21.839473684210525,0,1,0.0,0.0,0.0,1.0,1.0,0.0,1.0,0.0,1.0,0.0,1.0,0.0,1.0,0.0,1.0,0.0,0.0,0.0,1.0,0,0,0.063,Low
1,0,1,1,61,1,1.0,1,99.9,6241.35,3.0,102.31721311475413,0,6,0.0,1.0,1.0,0.0,0.0,0.0,0.0,0.0,0.0,1.0,0.0,0.0,0.0,1.0,0.0,1.0,0.0,1.0,0.0,0,1,0.501,Medium
0,0,0,0,10,1,0.0,0,54.25,583.0,0.0,58.3,0,4,0.0,0.0,0.0,0.0,0.0,0.0,0.0,0.0,0.0,1.0,0.0,1.0,0.0,0.0,0.0,0.0,0.0,1.0,0.0,0,0,0.44,Medium
0,0,1,0,67,1,1.0,1,109.7,7344.45,3.0,109.6186567164179,1,8,0.0,1.0,1.0,0.0,0.0,0.0,0.0,1.0,0.0,1.0,0.0,1.0,0.0,1.0,0.0,1.0,1.0,0.0,0.0,0,0,0.268,Low
1,0,0,0,42,1,1.0,1,19.55,839.4,2.0,19.985714285714284,0,1,0.0,0.0,0.0,1.0,1.0,0.0,1.0,0.0,1.0,0.0,1.0,0.0,1.0,0.0,1.0,0.0,0.0,0.0,1.0,0,0,0.004,Low
0,0,0,0,1,1,0.0,1,75.7,75.7,0.0,75.7,0,3,0.0,0.0,1.0,0.0,0.0,0.0,0.0,1.0,0.0,0.0,0.0,0.0,0.0,0.0,0.0,0.0,0.0,1.0,0.0,1,1,0.925,High
0,0,0,0,5,1,0.0,1,84.0,424.75,0.0,84.95,0,4,0.0,1.0,1.0,0.0,0.0,0.0,0.0,0.0,0.0,0.0,0.0,0.0,0.0,1.0,0.0,0.0,0.0,1.0,0.0,0,1,0.903,High
0,0,0,0,20,1,1.0,0,19.5,403.15,1.0,20.1575,0,1,0.0,0.0,0.0,1.0,1.0,0.0,1.0,0.0,1.0,0.0,1.0,0.0,1.0,0.0,1.0,0.0,0.0,0.0,1.0,0,0,0.017,Low
1,1,0,0,1,1,0.0,1,69.5,69.5,0.0,69.5,0,2,0.0,0.0,1.0,0.0,0.0,0.0,0.0,0.0,0.0,0.0,0.0,0.0,0.0,0.0,0.0,0.0,0.0,0.0,0.0,1,1,0.868,High
1,0,0,0,6,1,0.0,1,78.95,494.95,0.0,82.49166666666666,0,4,0.0,0.0,1.0,0.0,0.0,1.0,0.0,1.0,0.0,0.0,0.0,0.0,0.0,0.0,0.0,0.0,0.0,1.0,0.0,0,1,0.777,High
1,0,0,0,34,1,0.0,1,106.35,3549.25,2.0,104.38970588235294,1,7,0.0,1.0,1.0,0.0,0.0,0.0,0.0,1.0,0.0,1.0,0.0,0.0,0.0,1.0,0.0,1.0,0.0,1.0,0.0,1,1,0.71,High
1,0,0,0,21,1,2.0,0,19.6,390.4,1.0,18.59047619047619,1,1,0.0,0.0,0.0,1.0,1.0,0.0,1.0,0.0,1.0,0.0,1.0,0.0,1.0,0.0,1.0,0.0,0.0,0.0,1.0,0,0,0.022,Low
1,0,0,0,46,1,2.0,0,108.65,4903.2,2.0,106.59130434782608,1,8,0.0,1.0,1.0,0.0,0.0,0.0,0.0,1.0,0.0,1.0,0.0,1.0,0.0,1.0,0.0,1.0,0.0,1.0,0.0,0,0,0.416,Medium
1,0,1,1,34,1,0.0,1,97.7,3410.0,2.0,100.29411764705884,0,6,0.0,1.0,1.0,0.0,0.0,0.0,0.0,1.0,0.0,0.0,0.0,0.0,0.0,1.0,0.0,1.0,0.0,0.0,0.0,0,1,0.639,High
1,0,0,1,29,0,0.0,1,45.0,1242.45,2.0,42.84310344827586,1,5,1.0,0.0,0.0,0.0,0.0,1.0,0.0,1.0,0.0,1.0,0.0,1.0,0.0,0.0,0.0,0.0,0.0,0.0,1.0,0,0,0.159,Low
1,0,1,1,27,1,1.0,1,80.65,2209.75,2.0,81.8425925925926,0,4,0.0,0.0,1.0,0.0,0.0,1.0,0.0,1.0,0.0,0.0,0.0,0.0,0.0,0.0,0.0,0.0,1.0,0.0,0.0,0,0,0.192,Low
0,0,1,1,72,1,2.0,0,89.8,6510.45,3.0,90.42291666666668,0,9,0.0,1.0,0.0,0.0,0.0,1.0,0.0,1.0,0.0,1.0,0.0,1.0,0.0,1.0,0.0,1.0,1.0,0.0,0.0,0,0,0.005,Low
0,0,0,0,42,1,0.0,0,54.55,2455.05,2.0,58.45357142857144,0,4,0.0,0.0,0.0,0.0,0.0,1.0,0.0,0.0,0.0,1.0,0.0,0.0,0.0,0.0,0.0,0.0,1.0,0.0,0.0,0,0,0.212,Low
0,1,0,0,27,1,0.0,1,78.05,2135.5,2.0,79.0925925925926,0,4,0.0,1.0,1.0,0.0,0.0,0.0,0.0,0.0,0.0,1.0,0.0,0.0,0.0,0.0,0.0,0.0,0.0,1.0,0.0,1,1,0.641,High
1,0,1,0,66,1,2.0,1,66.1,4428.45,3.0,67.09772727272727,0,6,0.0,1.0,0.0,0.0,0.0,1.0,0.0,1.0,0.0,1.0,0.0,0.0,0.0,0.0,0.0,0.0,1.0,0.0,0.0,0,0,0.069,Low
0,0,0,0,2,1,0.0,1,75.55,166.3,0.0,83.15,0,3,0.0,1.0,1.0,0.0,0.0,0.0,0.0,0.0,0.0,0.0,0.0,0.0,0.0,0.0,0.0,0.0,0.0,1.0,0.0,1,1,0.897,High
1,0,0,0,32,1,0.0,1,96.2,3183.4,2.0,99.48125,0,5,0.0,0.0,1.0,0.0,0.0,0.0,0.0,0.0,0.0,0.0,0.0,1.0,0.0,1.0,0.0,1.0,0.0,1.0,0.0,1,1,0.574,Medium
1,1,0,0,14,1,0.0,1,74.95,1036.75,1.0,74.05357142857143,1,3,0.0,1.0,1.0,0.0,0.0,0.0,0.0,0.0,0.0,0.0,0.0,0.0,0.0,0.0,0.0,0.0,0.0,1.0,0.0,1,1,0.778,High
1,0,0,0,19,1,0.0,0,89.95,1682.4,1.0,88.54736842105264,1,5,0.0,0.0,1.0,0.0,0.0,0.0,0.0,0.0,0.0,1.0,0.0,1.0,0.0,1.0,0.0,0.0,0.0,0.0,1.0,0,0,0.4,Medium
1,0,0,1,48,1,1.0,1,64.4,3035.35,2.0,63.23645833333333,1,6,0.0,1.0,0.0,0.0,0.0,1.0,0.0,1.0,0.0,1.0,0.0,0.0,0.0,0.0,0.0,0.0,0.0,0.0,0.0,0,0,0.111,Low
1,0,0,0,4,1,0.0,1,73.9,280.85,0.0,70.2125,1,3,0.0,0.0,1.0,0.0,0.0,0.0,0.0,0.0,0.0,1.0,0.0,0.0,0.0,0.0,0.0,0.0,0.0,1.0,0.0,1,1,0.768,High
1,1,1,0,57,1,0.0,1,89.85,4925.35,3.0,86.40964912280702,1,5,0.0,1.0,1.0,0.0,0.0,0.0,0.0,1.0,0.0,0.0,0.0,0.0,0.0,0.0,0.0,1.0,0.0,1.0,0.0,0,1,0.517,Medium
1,0,1,1,58,1,1.0,1,75.2,4300.8,3.0,74.15172413793104,1,6,0.0,0.0,0.0,0.0,0.0,0.0,0.0,1.0,0.0,0.0,0.0,1.0,0.0,1.0,0.0,1.0,1.0,0.0,0.0,0,0,0.136,Low
0,1,1,0,56,1,1.0,1,68.45,4014.0,3.0,71.67857142857143,0,7,0.0,1.0,0.0,0.0,0.0,1.0,0.0,1.0,0.0,1.0,0.0,1.0,0.0,0.0,0.0,0.0,1.0,0.0,0.0,0,0,0.081,Low
0,0,1,1,69,1,2.0,0,19.75,1375.4,3.0,19.933333333333334,0,1,0.0,0.0,0.0,1.0,1.0,0.0,1.0,0.0,1.0,0.0,1.0,0.0,1.0,0.0,1.0,0.0,0.0,0.0,0.0,0,0,0.025,Low
1,0,1,1,10,0,2.0,0,53.7,521.0,0.0,52.1,1,6,1.0,0.0,0.0,0.0,0.0,1.0,0.0,1.0,0.0,1.0,0.0,1.0,0.0,0.0,0.0,1.0,1.0,0.0,0.0,0,0,0.101,Low
0,0,1,1,3,1,0.0,1,80.0,241.3,0.0,80.43333333333334,0,4,0.0,0.0,1.0,0.0,0.0,0.0,0.0,1.0,0.0,0.0,0.0,1.0,0.0,0.0,0.0,0.0,0.0,1.0,0.0,0,1,0.831,High
1,0,0,0,35,1,1.0,0,26.2,954.9,2.0,27.282857142857143,0,2,0.0,1.0,0.0,1.0,1.0,0.0,1.0,0.0,1.0,0.0,1.0,0.0,1.0,0.0,1.0,0.0,0.0,0.0,0.0,0,0,0.145,Low
0,0,1,1,11,1,0.0,1,19.25,180.3,0.0,16.39090909090909,1,1,0.0,0.0,0.0,1.0,1.0,0.0,1.0,0.0,1.0,0.0,1.0,0.0,1.0,0.0,1.0,0.0,0.0,0.0,1.0,1,0,0.105,Low
1,0,1,0,56,1,1.0,1,100.55,5514.95,3.0,98.48125,1,6,0.0,1.0,1.0,0.0,0.0,1.0,0.0,0.0,0.0,0.0,0.0,0.0,0.0,1.0,0.0,1.0,0.0,1.0,0.0,0,0,0.413,Medium
1,0,1,1,51,1,2.0,1,24.95,1222.25,3.0,23.965686274509803,1,2,0.0,1.0,0.0,1.0,1.0,0.0,1.0,0.0,1.0,0.0,1.0,0.0,1.0,0.0,1.0,0.0,0.0,0.0,1.0,0,0,0.047,Low
1,1,0,0,36,1,0.0,1,90.85,3186.7,2.0,88.51944444444445,1,5,0.0,1.0,1.0,0.0,0.0,1.0,0.0,0.0,0.0,0.0,0.0,0.0,0.0,1.0,0.0,0.0,0.0,1.0,0.0,1,1,0.555,Medium
1,0,0,1,5,1,2.0,0,20.45,106.9,0.0,21.380000000000003,0,1,0.0,0.0,0.0,1.0,1.0,0.0,1.0,0.0,1.0,0.0,1.0,0.0,1.0,0.0,1.0,0.0,0.0,0.0,1.0,0,0,0.045,Low
1,0,1,1,1,1,1.0,0,20.4,20.4,0.0,20.4,0,1,0.0,0.0,0.0,1.0,1.0,0.0,1.0,0.0,1.0,0.0,1.0,0.0,1.0,0.0,1.0,0.0,0.0,0.0,1.0,0,0,0.09,Low
1,1,1,0,7,1,0.0,1,74.4,527.9,0.0,75.41428571428571,0,3,0.0,1.0,1.0,0.0,0.0,0.0,0.0,0.0,0.0,0.0,0.0,0.0,0.0,0.0,0.0,0.0,0.0,0.0,1.0,1,1,0.814,High
1,0,1,0,69,1,1.0,1,53.65,3804.4,3.0,55.13623188405797,0,4,0.0,0.0,0.0,0.0,0.0,1.0,0.0,1.0,0.0,0.0,0.0,0.0,0.0,0.0,0.0,0.0,1.0,0.0,0.0,0,0,0.087,Low
1,0,1,1,22,1,1.0,1,67.5,1544.05,1.0,70.18409090909091,0,6,0.0,0.0,0.0,0.0,0.0,1.0,0.0,0.0,0.0,1.0,0.0,1.0,0.0,1.0,0.0,0.0,0.0,0.0,0.0,1,0,0.099,Low
0,0,0,0,63,1,2.0,0,24.2,1618.2,3.0,25.685714285714287,0,2,0.0,1.0,0.0,1.0,1.0,0.0,1.0,0.0,1.0,0.0,1.0,0.0,1.0,0.0,1.0,0.0,0.0,0.0,1.0,0,0,0.002,Low
0,0,1,1,55,1,1.0,1,75.75,4264.25,3.0,77.53181818181818,0,7,0.0,1.0,0.0,0.0,0.0,1.0,0.0,1.0,0.0,0.0,0.0,1.0,0.0,0.0,0.0,1.0,0.0,0.0,0.0,0,0,0.121,Low
0,0,0,0,3,1,0.0,0,57.55,161.45,0.0,53.81666666666666,1,4,0.0,0.0,0.0,0.0,0.0,0.0,0.0,0.0,0.0,1.0,0.0,0.0,0.0,1.0,0.0,0.0,0.0,1.0,0.0,0,1,0.579,Medium
1,0,1,1,67,1,2.0,0,81.35,5398.6,3.0,80.57611940298509,1,7,0.0,0.0,0.0,0.0,0.0,1.0,0.0,1.0,0.0,1.0,0.0,0.0,0.0,1.0,0.0,1.0,1.0,0.0,0.0,0,0,0.073,Low
0,0,0,0,3,0,0.0,0,25.25,58.9,0.0,19.633333333333333,1,1,1.0,0.0,0.0,0.0,0.0,0.0,0.0,0.0,0.0,0.0,0.0,0.0,0.0,0.0,0.0,0.0,0.0,1.0,0.0,1,1,0.675,High
1,0,0,0,1,1,0.0,0,19.75,19.75,0.0,19.75,0,1,0.0,0.0,0.0,1.0,1.0,0.0,1.0,0.0,1.0,0.0,1.0,0.0,1.0,0.0,1.0,0.0,0.0,0.0,1.0,0,1,0.564,Medium
1,0,0,0,16,1,0.0,1,89.05,1448.6,1.0,90.5375,0,5,0.0,1.0,1.0,0.0,0.0,0.0,0.0,0.0,0.0,0.0,0.0,1.0,0.0,0.0,0.0,1.0,1.0,0.0,0.0,1,1,0.591,Medium
1,0,0,1,62,1,2.0,1,104.05,6590.5,3.0,106.2983870967742,0,7,0.0,1.0,1.0,0.0,0.0,0.0,0.0,0.0,0.0,1.0,0.0,1.0,0.0,1.0,0.0,1.0,0.0,1.0,0.0,0,0,0.383,Medium
0,0,0,0,8,1,0.0,1,65.5,573.15,0.0,71.64375,0,6,0.0,1.0,0.0,0.0,0.0,1.0,0.0,1.0,0.0,1.0,0.0,0.0,0.0,0.0,0.0,0.0,0.0,0.0,0.0,0,0,0.33,Medium
1,0,0,1,9,1,1.0,0,20.1,190.25,0.0,21.13888888888889,0,1,0.0,0.0,0.0,1.0,1.0,0.0,1.0,0.0,1.0,0.0,1.0,0.0,1.0,0.0,1.0,0.0,0.0,0.0,1.0,0,0,0.055,Low
0,0,1,0,6,1,0.0,0,19.5,146.3,0.0,24.383333333333336,0,1,0.0,0.0,0.0,1.0,1.0,0.0,1.0,0.0,1.0,0.0,1.0,0.0,1.0,0.0,1.0,0.0,0.0,0.0,0.0,1,0,0.217,Low
0,0,0,0,28,1,1.0,0,59.0,1654.45,2.0,59.0875,0,5,0.0,1.0,0.0,0.0,0.0,1.0,0.0,0.0,0.0,1.0,0.0,0.0,0.0,0.0,0.0,0.0,0.0,0.0,1.0,0,0,0.076,Low
1,0,0,0,26,1,1.0,0,19.4,525.55,2.0,20.213461538461537,0,1,0.0,0.0,0.0,1.0,1.0,0.0,1.0,0.0,1.0,0.0,1.0,0.0,1.0,0.0,1.0,0.0,0.0,0.0,1.0,0,0,0.004,Low
1,0,1,1,38,1,0.0,1,101.15,3956.7,2.0,104.1236842105263,0,6,0.0,1.0,1.0,0.0,0.0,0.0,0.0,0.0,0.0,1.0,0.0,0.0,0.0,1.0,0.0,1.0,1.0,0.0,0.0,0,1,0.65,High
0,0,0,0,18,1,0.0,1,50.3,913.3,1.0,50.73888888888889,0,3,0.0,1.0,0.0,0.0,0.0,0.0,0.0,0.0,0.0,0.0,0.0,0.0,0.0,0.0,0.0,0.0,0.0,1.0,0.0,0,0,0.489,Medium
0,0,1,1,3,0,0.0,1,31.0,95.05,0.0,31.683333333333334,0,2,1.0,0.0,0.0,0.0,0.0,0.0,0.0,0.0,0.0,0.0,0.0,1.0,0.0,0.0,0.0,0.0,0.0,0.0,1.0,1,1,0.521,Medium
1,0,1,0,3,0,0.0,0,25.0,78.25,0.0,26.08333333333333,0,1,1.0,0.0,0.0,0.0,0.0,0.0,0.0,0.0,0.0,0.0,0.0,0.0,0.0,0.0,0.0,0.0,0.0,0.0,1.0,0,1,0.601,High
1,0,1,0,70,1,2.0,0,72.95,5265.55,3.0,75.22214285714286,0,7,0.0,1.0,0.0,0.0,0.0,0.0,0.0,1.0,0.0,1.0,0.0,1.0,0.0,1.0,0.0,0.0,0.0,0.0,0.0,0,0,0.05,Low
1,0,1,1,67,1,1.0,1,69.35,4653.25,3.0,69.45149253731343,0,7,0.0,1.0,0.0,0.0,0.0,1.0,0.0,1.0,0.0,1.0,0.0,1.0,0.0,0.0,0.0,0.0,1.0,0.0,0.0,0,0,0.117,Low
1,0,0,1,71,1,2.0,0,24.35,1654.6,3.0,23.304225352112677,1,2,0.0,1.0,0.0,1.0,1.0,0.0,1.0,0.0,1.0,0.0,1.0,0.0,1.0,0.0,1.0,0.0,0.0,0.0,1.0,0,0,0.01,Low
1,0,0,1,16,1,0.0,1,69.1,1083.7,1.0,67.73125,1,6,0.0,1.0,0.0,0.0,0.0,1.0,0.0,1.0,0.0,0.0,0.0,0.0,0.0,0.0,0.0,1.0,0.0,1.0,0.0,0,0,0.345,Medium
0,0,1,1,10,1,0.0,1,65.5,616.9,0.0,61.69,1,5,0.0,0.0,0.0,0.0,0.0,0.0,0.0,1.0,0.0,0.0,0.0,1.0,0.0,0.0,0.0,1.0,0.0,1.0,0.0,0,0,0.393,Medium
1,0,0,0,1,1,0.0,1,90.85,90.85,0.0,90.85,0,5,0.0,1.0,1.0,0.0,0.0,0.0,0.0,1.0,0.0,0.0,0.0,0.0,0.0,0.0,0.0,1.0,1.0,0.0,0.0,1,1,0.868,High
1,0,1,1,12,1,0.0,1,56.3,628.65,0.0,52.3875,1,3,0.0,0.0,0.0,0.0,0.0,0.0,0.0,0.0,0.0,0.0,0.0,0.0,0.0,1.0,0.0,0.0,0.0,0.0,1.0,0,0,0.31,Medium
0,0,0,0,5,1,0.0,0,53.85,259.8,0.0,51.96,1,4,0.0,0.0,0.0,0.0,0.0,1.0,0.0,0.0,0.0,0.0,0.0,1.0,0.0,0.0,0.0,0.0,1.0,0.0,0.0,1,0,0.454,Medium
0,1,1,0,40,1,1.0,1,99.2,4062.2,2.0,101.555,0,6,0.0,0.0,1.0,0.0,0.0,0.0,0.0,1.0,0.0,0.0,0.0,1.0,0.0,1.0,0.0,1.0,1.0,0.0,0.0,1,0,0.318,Medium
1,1,1,0,21,1,0.0,1,64.95,1339.8,1.0,63.8,1,5,0.0,0.0,0.0,0.0,0.0,1.0,0.0,1.0,0.0,0.0,0.0,0.0,0.0,0.0,0.0,1.0,0.0,0.0,0.0,0,0,0.283,Low
1,0,0,0,9,1,0.0,1,68.25,576.95,0.0,64.10555555555555,1,6,0.0,0.0,0.0,0.0,0.0,1.0,0.0,0.0,0.0,1.0,0.0,1.0,0.0,0.0,0.0,1.0,0.0,0.0,0.0,0,0,0.278,Low
0,0,1,0,7,1,0.0,1,50.3,355.1,0.0,50.72857142857144,0,3,0.0,0.0,0.0,0.0,0.0,1.0,0.0,0.0,0.0,0.0,0.0,0.0,0.0,0.0,0.0,0.0,0.0,0.0,0.0,0,0,0.429,Medium
0,0,0,0,38,1,1.0,0,20.05,678.2,2.0,17.847368421052632,1,1,0.0,0.0,0.0,1.0,1.0,0.0,1.0,0.0,1.0,0.0,1.0,0.0,1.0,0.0,1.0,0.0,0.0,0.0,1.0,0,0,0.004,Low
1,0,0,0,1,1,0.0,1,50.5,50.5,0.0,50.5,0,3,0.0,0.0,0.0,0.0,0.0,0.0,0.0,0.0,0.0,1.0,0.0,0.0,0.0,0.0,0.0,0.0,0.0,1.0,0.0,1,1,0.808,High
1,0,0,0,7,1,0.0,1,74.9,490.55,0.0,70.07857142857144,1,3,0.0,0.0,1.0,0.0,0.0,0.0,0.0,0.0,0.0,1.0,0.0,0.0,0.0,0.0,0.0,0.0,0.0,1.0,0.0,0,1,0.787,High
0,0,0,0,2,1,0.0,1,70.95,137.95,0.0,68.975,1,2,0.0,0.0,1.0,0.0,0.0,0.0,0.0,0.0,0.0,0.0,0.0,0.0,0.0,0.0,0.0,0.0,0.0,1.0,0.0,1,1,0.789,High
0,0,0,0,56,1,2.0,1,19.55,1080.55,3.0,19.295535714285712,1,1,0.0,0.0,0.0,1.0,1.0,0.0,1.0,0.0,1.0,0.0,1.0,0.0,1.0,0.0,1.0,0.0,0.0,0.0,0.0,0,0,0.069,Low
0,0,1,0,6,1,0.0,0,50.35,314.55,0.0,52.425,0,3,0.0,1.0,0.0,0.0,0.0,0.0,0.0,0.0,0.0,0.0,0.0,0.0,0.0,0.0,0.0,0.0,0.0,1.0,0.0,0,1,0.541,Medium
0,0,0,0,63,1,1.0,0,58.55,3503.5,3.0,55.61111111111112,1,4,0.0,0.0,0.0,0.0,0.0,0.0,0.0,0.0,0.0,1.0,0.0,0.0,0.0,0.0,0.0,1.0,1.0,0.0,0.0,0,0,0.086,Low
0,0,0,0,64,1,2.0,1,110.5,7069.25,3.0,110.45703125,1,8,0.0,1.0,1.0,0.0,0.0,0.0,0.0,1.0,0.0,1.0,0.0,1.0,0.0,1.0,0.0,1.0,1.0,0.0,0.0,0,0,0.202,Low
1,0,1,0,29,0,0.0,1,45.9,1332.4,2.0,45.9448275862069,0,3,1.0,0.0,0.0,0.0,0.0,0.0,0.0,0.0,0.0,0.0,0.0,0.0,0.0,1.0,0.0,1.0,0.0,1.0,0.0,0,0,0.366,Medium
1,0,0,0,32,1,0.0,1,85.65,2664.3,2.0,83.259375,1,4,0.0,1.0,1.0,0.0,0.0,0.0,0.0,0.0,0.0,0.0,0.0,0.0,0.0,0.0,0.0,1.0,0.0,0.0,0.0,0,1,0.649,High
0,1,0,0,2,1,0.0,1,84.05,186.05,0.0,93.025,0,4,0.0,1.0,1.0,0.0,0.0,0.0,0.0,0.0,0.0,0.0,0.0,0.0,0.0,0.0,0.0,1.0,0.0,1.0,0.0,0,1,0.937,High
1,0,1,0,60,1,1.0,1,94.4,5610.25,3.0,93.50416666666666,1,5,0.0,0.0,1.0,0.0,0.0,0.0,0.0,1.0,0.0,0.0,0.0,0.0,0.0,1.0,0.0,1.0,0.0,1.0,0.0,1,0,0.332,Medium
1,0,0,0,22,1,0.0,0,65.05,1427.55,1.0,64.88863636363637,1,6,0.0,1.0,0.0,0.0,0.0,1.0,0.0,1.0,0.0,1.0,0.0,0.0,0.0,0.0,0.0,0.0,0.0,0.0,1.0,0,0,0.22,Low
1,0,0,0,11,0,0.0,1,35.65,425.1,0.0,38.64545454545455,0,3,1.0,0.0,0.0,0.0,0.0,0.0,0.0,1.0,0.0,0.0,0.0,1.0,0.0,0.0,0.0,0.0,0.0,1.0,0.0,0,0,0.422,Medium
1,1,1,0,57,1,1.0,1,90.65,5199.8,3.0,91.22456140350876,0,5,0.0,0.0,1.0,0.0,0.0,0.0,0.0,1.0,0.0,1.0,0.0,0.0,0.0,1.0,0.0,0.0,0.0,1.0,0.0,0,0,0.332,Medium
1,0,0,0,1,1,0.0,1,44.15,44.15,0.0,44.15,0,2,0.0,0.0,0.0,0.0,0.0,0.0,0.0,0.0,0.0,0.0,0.0,0.0,0.0,0.0,0.0,0.0,0.0,0.0,1.0,1,1,0.698,High
0,0,0,0,62,1,2.0,1,19.2,1123.65,3.0,18.123387096774195,1,1,0.0,0.0,0.0,1.0,1.0,0.0,1.0,0.0,1.0,0.0,1.0,0.0,1.0,0.0,1.0,0.0,1.0,0.0,0.0,0,0,0.019,Low
0,0,1,0,47,1,0.0,1,98.75,4533.7,2.0,96.46170212765956,1,7,0.0,1.0,1.0,0.0,0.0,1.0,0.0,1.0,0.0,1.0,0.0,0.0,0.0,1.0,0.0,0.0,0.0,1.0,0.0,1,1,0.543,Medium
0,0,1,1,61,1,2.0,0,88.1,5526.75,3.0,90.60245901639344,0,9,0.0,1.0,0.0,0.0,0.0,1.0,0.0,1.0,0.0,1.0,0.0,1.0,0.0,1.0,0.0,1.0,0.0,0.0,1.0,0,0,0.015,Low
0,0,0,0,3,1,0.0,1,70.15,194.2,0.0,64.73333333333333,1,2,0.0,0.0,1.0,0.0,0.0,0.0,0.0,0.0,0.0,0.0,0.0,0.0,0.0,0.0,0.0,0.0,0.0,1.0,0.0,0,1,0.742,High
1,0,1,1,64,1,0.0,0,81.05,5135.35,3.0,80.23984375,1,4,0.0,0.0,1.0,0.0,0.0,1.0,0.0,1.0,0.0,0.0,0.0,0.0,0.0,0.0,0.0,0.0,0.0,1.0,0.0,0,0,0.259,Low
0,0,1,1,6,1,0.0,1,94.05,518.75,0.0,86.45833333333333,1,6,0.0,1.0,1.0,0.0,0.0,0.0,0.0,1.0,0.0,1.0,0.0,0.0,0.0,1.0,0.0,0.0,0.0,0.0,1.0,0,1,0.821,High
0,0,1,1,56,1,2.0,0,20.05,1090.1,3.0,19.46607142857143,1,1,0.0,0.0,0.0,1.0,1.0,0.0,1.0,0.0,1.0,0.0,1.0,0.0,1.0,0.0,1.0,0.0,0.0,0.0,1.0,0,0,0.014,Low
0,0,1,1,27,1,0.0,0,49.85,1336.15,2.0,49.48703703703704,1,3,0.0,0.0,0.0,0.0,0.0,0.0,0.0,1.0,0.0,0.0,0.0,0.0,0.0,0.0,0.0,0.0,0.0,0.0,1.0,0,0,0.163,Low
0,0,1,0,46,0,0.0,0,45.55,2062.15,2.0,44.82934782608696,1,4,1.0,0.0,0.0,0.0,0.0,1.0,0.0,1.0,0.0,0.0,0.0,0.0,0.0,1.0,0.0,0.0,0.0,1.0,0.0,0,0,0.28,Low
1,1,0,0,1,1,0.0,0,45.1,45.1,0.0,45.1,0,2,0.0,0.0,0.0,0.0,0.0,0.0,0.0,0.0,0.0,0.0,0.0,0.0,0.0,0.0,0.0,0.0,0.0,1.0,0.0,1,1,0.751,High
1,0,0,0,11,1,2.0,0,20.4,231.45,0.0,21.04090909090909,0,1,0.0,0.0,0.0,1.0,1.0,0.0,1.0,0.0,1.0,0.0,1.0,0.0,1.0,0.0,1.0,0.0,0.0,0.0,1.0,0,0,0.038,Low
1,0,1,0,32,1,0.0,1,98.85,3145.9,2.0,98.309375,1,6,0.0,1.0,1.0,0.0,0.0,0.0,0.0,1.0,0.0,0.0,0.0,0.0,0.0,1.0,0.0,1.0,1.0,0.0,0.0,0,1,0.648,High
1,0,0,0,4,1,0.0,0,77.85,299.2,0.0,74.8,1,3,0.0,0.0,1.0,0.0,0.0,0.0,0.0,0.0,0.0,0.0,0.0,0.0,0.0,1.0,0.0,0.0,0.0,1.0,0.0,1,1,0.74,High
1,0,0,0,24,1,0.0,1,55.65,1400.55,1.0,58.35625,0,4,0.0,1.0,0.0,0.0,0.0,1.0,0.0,0.0,0.0,0.0,0.0,0.0,0.0,0.0,0.0,0.0,0.0,0.0,0.0,1,0,0.267,Low
1,0,0,0,35,1,2.0,1,108.95,4025.5,2.0,115.01428571428572,0,8,0.0,1.0,1.0,0.0,0.0,1.0,0.0,0.0,0.0,1.0,0.0,1.0,0.0,1.0,0.0,1.0,0.0,1.0,0.0,0,0,0.302,Medium
0,0,0,1,46,1,1.0,1,105.2,4822.85,2.0,104.8445652173913,1,7,0.0,0.0,1.0,0.0,0.0,1.0,0.0,1.0,0.0,0.0,0.0,1.0,0.0,1.0,0.0,1.0,0.0,0.0,0.0,1,0,0.325,Medium
1,0,1,1,1,1,0.0,1,70.0,70.0,0.0,70.0,0,2,0.0,0.0,1.0,0.0,0.0,0.0,0.0,0.0,0.0,0.0,0.0,0.0,0.0,0.0,0.0,0.0,0.0,1.0,0.0,1,1,0.899,High
0,0,1,0,72,1,2.0,1,110.15,7881.2,3.0,109.46111111111112,1,8,0.0,1.0,1.0,0.0,0.0,1.0,0.0,0.0,0.0,1.0,0.0,1.0,0.0,1.0,0.0,1.0,1.0,0.0,0.0,0,0,0.092,Low
0,1,1,0,63,1,0.0,1,103.5,6479.4,3.0,102.84761904761903,1,7,0.0,1.0,1.0,0.0,0.0,0.0,0.0,1.0,0.0,1.0,0.0,0.0,0.0,1.0,0.0,1.0,0.0,1.0,0.0,0,1,0.628,High
0,0,1,0,21,1,0.0,1,86.5,1808.7,1.0,86.12857142857143,1,4,0.0,1.0,1.0,0.0,0.0,0.0,0.0,0.0,0.0,0.0,0.0,0.0,0.0,0.0,0.0,1.0,0.0,1.0,0.0,1,1,0.748,High
1,0,1,1,37,0,1.0,1,40.2,1525.35,2.0,41.22567567567568,0,4,1.0,0.0,0.0,0.0,0.0,1.0,0.0,0.0,0.0,1.0,0.0,1.0,0.0,0.0,0.0,0.0,0.0,1.0,0.0,0,0,0.169,Low
1,0,0,0,55,1,1.0,1,100.9,5552.05,3.0,100.94636363636364,0,6,0.0,0.0,1.0,0.0,0.0,1.0,0.0,1.0,0.0,0.0,0.0,0.0,0.0,1.0,0.0,1.0,0.0,0.0,1.0,0,0,0.31,Medium
1,0,1,0,14,1,0.0,1,66.6,979.5,1.0,69.96428571428571,0,5,0.0,1.0,0.0,0.0,0.0,0.0,0.0,0.0,0.0,0.0,0.0,1.0,0.0,1.0,0.0,0.0,1.0,0.0,0.0,0,0,0.372,Medium
1,0,1,1,53,1,0.0,0,71.85,3827.9,3.0,72.22452830188679,0,6,0.0,1.0,0.0,0.0,0.0,1.0,0.0,0.0,0.0,0.0,0.0,1.0,0.0,0.0,0.0,1.0,0.0,1.0,0.0,0,0,0.171,Low
0,0,1,1,50,1,1.0,1,84.15,4164.4,3.0,83.288,1,8,0.0,1.0,0.0,0.0,0.0,0.0,0.0,1.0,0.0,1.0,0.0,1.0,0.0,1.0,0.0,1.0,1.0,0.0,0.0,0,0,0.125,Low
1,1,1,0,38,1,0.0,1,102.6,4009.2,2.0,105.50526315789472,0,7,0.0,1.0,1.0,0.0,0.0,0.0,0.0,1.0,0.0,1.0,0.0,0.0,0.0,1.0,0.0,1.0,0.0,1.0,0.0,0,1,0.782,High
0,1,0,0,30,1,0.0,1,99.7,2967.35,2.0,98.91166666666666,1,6,0.0,1.0,1.0,0.0,0.0,0.0,0.0,1.0,0.0,0.0,0.0,0.0,0.0,1.0,0.0,1.0,0.0,1.0,0.0,1,1,0.741,High
0,0,0,0,28,1,1.0,1,59.9,1654.7,2.0,59.096428571428575,1,5,0.0,0.0,0.0,0.0,0.0,1.0,0.0,1.0,0.0,0.0,0.0,1.0,0.0,0.0,0.0,0.0,0.0,1.0,0.0,0,0,0.085,Low
1,1,1,0,46,0,1.0,1,59.9,2816.65,2.0,61.23152173913044,0,6,1.0,0.0,0.0,0.0,0.0,0.0,0.0,1.0,0.0,1.0,0.0,1.0,0.0,1.0,0.0,1.0,0.0,0.0,0.0,1,0,0.228,Low
0,0,0,0,67,1,1.0,0,20.55,1343.4,3.0,20.05074626865672,1,1,0.0,0.0,0.0,1.0,1.0,0.0,1.0,0.0,1.0,0.0,1.0,0.0,1.0,0.0,1.0,0.0,0.0,1.0,0.0,0,0,0.046,Low
0,0,0,0,1,1,0.0,0,45.95,45.95,0.0,45.95,0,2,0.0,0.0,0.0,0.0,0.0,0.0,0.0,0.0,0.0,0.0,0.0,0.0,0.0,0.0,0.0,0.0,0.0,0.0,1.0,1,1,0.733,High
1,0,1,0,50,1,2.0,0,19.8,1013.2,3.0,20.264,0,1,0.0,0.0,0.0,1.0,1.0,0.0,1.0,0.0,1.0,0.0,1.0,0.0,1.0,0.0,1.0,0.0,0.0,1.0,0.0,0,0,0.012,Low
0,0,1,0,56,1,1.0,1,98.0,5270.6,3.0,94.11785714285716,1,6,0.0,1.0,1.0,0.0,0.0,1.0,0.0,0.0,0.0,0.0,0.0,0.0,0.0,1.0,0.0,1.0,0.0,1.0,0.0,0,0,0.325,Medium
1,0,0,0,1,1,0.0,0,19.95,19.95,0.0,19.95,0,1,0.0,0.0,0.0,1.0,1.0,0.0,1.0,0.0,1.0,0.0,1.0,0.0,1.0,0.0,1.0,0.0,0.0,0.0,1.0,0,1,0.663,High
1,0,1,0,3,0,0.0,0,35.1,101.1,0.0,33.7,1,3,1.0,0.0,0.0,0.0,0.0,1.0,0.0,0.0,0.0,0.0,0.0,1.0,0.0,0.0,0.0,0.0,0.0,0.0,1.0,0,1,0.503,Medium
0,0,1,0,72,1,2.0,1,109.55,8165.1,3.0,113.40416666666668,0,8,0.0,1.0,1.0,0.0,0.0,1.0,0.0,1.0,0.0,1.0,0.0,0.0,0.0,1.0,0.0,1.0,0.0,1.0,0.0,0,0,0.113,Low
0,0,0,0,48,1,1.0,1,60.35,2896.4,2.0,60.34166666666667,1,5,0.0,0.0,0.0,0.0,0.0,1.0,0.0,0.0,0.0,1.0,0.0,1.0,0.0,0.0,0.0,0.0,1.0,0.0,0.0,1,0,0.128,Low
1,0,0,0,9,0,1.0,0,39.55,373.0,0.0,41.44444444444444,0,4,1.0,0.0,0.0,0.0,0.0,1.0,0.0,1.0,0.0,1.0,0.0,0.0,0.0,0.0,0.0,0.0,0.0,0.0,1.0,0,0,0.168,Low
1,0,0,0,19,1,0.0,0,69.6,1394.55,1.0,73.39736842105263,0,5,0.0,1.0,0.0,0.0,0.0,0.0,0.0,0.0,0.0,0.0,0.0,0.0,0.0,1.0,0.0,1.0,0.0,0.0,1.0,0,0,0.219,Low
1,0,1,1,46,1,2.0,0,81.0,3846.35,2.0,83.61630434782609,0,7,0.0,0.0,0.0,0.0,0.0,1.0,0.0,0.0,0.0,1.0,0.0,1.0,0.0,1.0,0.0,1.0,0.0,0.0,1.0,0,0,0.08,Low
1,0,1,0,56,1,1.0,1,107.25,6033.3,3.0,107.7375,0,7,0.0,1.0,1.0,0.0,0.0,0.0,0.0,1.0,0.0,0.0,0.0,1.0,0.0,1.0,0.0,1.0,0.0,1.0,0.0,0,0,0.475,Medium
1,0,0,0,35,1,0.0,0,83.15,2848.45,2.0,81.38428571428571,1,4,0.0,1.0,1.0,0.0,0.0,0.0,0.0,0.0,0.0,0.0,0.0,0.0,0.0,1.0,0.0,0.0,0.0,1.0,0.0,0,1,0.643,High
0,0,0,0,25,1,2.0,0,19.8,475.2,2.0,19.008,1,1,0.0,0.0,0.0,1.0,1.0,0.0,1.0,0.0,1.0,0.0,1.0,0.0,1.0,0.0,1.0,0.0,1.0,0.0,0.0,0,0,0.007,Low
0,0,0,0,21,1,0.0,1,68.65,1493.2,1.0,71.1047619047619,0,2,0.0,0.0,1.0,0.0,0.0,0.0,0.0,0.0,0.0,0.0,0.0,0.0,0.0,0.0,0.0,0.0,0.0,1.0,0.0,0,1,0.646,High
1,0,1,1,71,1,2.0,0,25.35,1847.55,3.0,26.021830985915493,0,2,0.0,1.0,0.0,1.0,1.0,0.0,1.0,0.0,1.0,0.0,1.0,0.0,1.0,0.0,1.0,0.0,1.0,0.0,0.0,0,0,0.0,Low
0,0,1,0,1,1,0.0,1,79.35,79.35,0.0,79.35,0,3,0.0,0.0,1.0,0.0,0.0,0.0,0.0,0.0,0.0,0.0,0.0,0.0,0.0,1.0,0.0,0.0,0.0,0.0,0.0,1,1,0.896,High
0,0,0,0,62,1,2.0,0,84.5,5193.2,3.0,83.76129032258065,1,8,0.0,1.0,0.0,0.0,0.0,0.0,0.0,1.0,0.0,1.0,0.0,1.0,0.0,1.0,0.0,1.0,0.0,0.0,0.0,0,0,0.026,Low
1,0,1,1,53,1,1.0,1,78.75,3942.45,3.0,74.38584905660377,1,7,0.0,1.0,0.0,0.0,0.0,0.0,0.0,0.0,0.0,1.0,0.0,1.0,0.0,1.0,0.0,1.0,0.0,0.0,1.0,0,0,0.152,Low
0,0,0,0,2,1,0.0,1,74.9,136.05,0.0,68.025,1,3,0.0,1.0,1.0,0.0,0.0,0.0,0.0,0.0,0.0,0.0,0.0,0.0,0.0,0.0,0.0,0.0,0.0,0.0,1.0,0,1,0.793,High
1,1,1,0,72,1,2.0,1,93.05,6735.05,3.0,93.54236111111112,0,7,0.0,1.0,1.0,0.0,0.0,1.0,0.0,1.0,0.0,1.0,0.0,1.0,0.0,0.0,0.0,0.0,0.0,0.0,0.0,0,0,0.081,Low
0,0,1,0,24,1,0.0,1,79.65,1928.7,1.0,80.3625,0,4,0.0,1.0,1.0,0.0,0.0,0.0,0.0,0.0,0.0,1.0,0.0,0.0,0.0,0.0,0.0,0.0,0.0,0.0,1.0,0,1,0.516,Medium
1,0,0,0,41,1,0.0,1,55.7,2237.55,2.0,54.57439024390244,1,4,0.0,1.0,0.0,0.0,0.0,0.0,0.0,0.0,0.0,1.0,0.0,0.0,0.0,0.0,0.0,0.0,0.0,0.0,0.0,0,0,0.222,Low
0,0,0,1,2,1,0.0,1,94.2,193.8,0.0,96.9,0,5,0.0,1.0,1.0,0.0,0.0,0.0,0.0,0.0,0.0,0.0,0.0,0.0,0.0,1.0,0.0,1.0,0.0,0.0,0.0,1,1,0.93,High
1,0,0,0,2,1,0.0,1,67.75,116.65,0.0,58.325,1,2,0.0,0.0,1.0,0.0,0.0,0.0,0.0,0.0,0.0,0.0,0.0,0.0,0.0,0.0,0.0,0.0,0.0,1.0,0.0,1,1,0.714,High
1,1,1,0,27,1,0.0,1,95.55,2510.2,2.0,92.97037037037036,1,6,0.0,1.0,1.0,0.0,0.0,0.0,0.0,1.0,0.0,1.0,0.0,0.0,0.0,0.0,0.0,1.0,0.0,1.0,0.0,1,1,0.716,High
1,1,1,0,53,1,0.0,1,101.9,5549.4,3.0,104.70566037735848,0,6,0.0,1.0,1.0,0.0,0.0,0.0,0.0,1.0,0.0,0.0,0.0,0.0,0.0,1.0,0.0,1.0,0.0,1.0,0.0,1,1,0.725,High
0,0,0,0,34,1,1.0,1,64.4,2088.75,2.0,61.43382352941177,1,6,0.0,1.0,0.0,0.0,0.0,1.0,0.0,1.0,0.0,0.0,0.0,1.0,0.0,0.0,0.0,0.0,0.0,0.0,1.0,1,0,0.071,Low
1,0,0,0,1,1,0.0,1,85.0,85.0,0.0,85.0,0,4,0.0,0.0,1.0,0.0,0.0,0.0,0.0,1.0,0.0,0.0,0.0,0.0,0.0,0.0,0.0,1.0,0.0,1.0,0.0,0,1,0.908,High
0,0,1,1,48,1,2.0,0,19.55,883.35,2.0,18.403125,1,1,0.0,0.0,0.0,1.0,1.0,0.0,1.0,0.0,1.0,0.0,1.0,0.0,1.0,0.0,1.0,0.0,0.0,0.0,1.0,0,0,0.006,Low
0,1,0,0,3,1,0.0,1,75.05,256.25,0.0,85.41666666666667,0,3,0.0,1.0,1.0,0.0,0.0,0.0,0.0,0.0,0.0,0.0,0.0,0.0,0.0,0.0,0.0,0.0,1.0,0.0,0.0,1,1,0.861,High
0,0,1,1,71,1,2.0,0,64.05,4492.9,3.0,63.28028169014084,1,6,0.0,0.0,0.0,0.0,0.0,1.0,0.0,1.0,0.0,1.0,0.0,1.0,0.0,0.0,0.0,0.0,1.0,0.0,0.0,0,0,0.04,Low
1,0,0,0,24,1,0.0,1,85.95,2107.15,1.0,87.79791666666667,0,5,0.0,0.0,1.0,0.0,0.0,0.0,0.0,1.0,0.0,1.0,0.0,1.0,0.0,0.0,0.0,0.0,0.0,1.0,0.0,0,1,0.582,Medium
0,1,1,0,5,1,0.0,0,70.05,302.6,0.0,60.52,1,2,0.0,0.0,1.0,0.0,0.0,0.0,0.0,0.0,0.0,0.0,0.0,0.0,0.0,0.0,0.0,0.0,0.0,1.0,0.0,0,1,0.654,High
0,1,0,0,8,1,0.0,1,75.75,606.25,0.0,75.78125,0,3,0.0,1.0,1.0,0.0,0.0,0.0,0.0,0.0,0.0,0.0,0.0,0.0,0.0,0.0,0.0,0.0,0.0,1.0,0.0,1,1,0.848,High
1,0,0,0,15,1,0.0,1,19.8,309.4,1.0,20.626666666666665,0,1,0.0,0.0,0.0,1.0,1.0,0.0,1.0,0.0,1.0,0.0,1.0,0.0,1.0,0.0,1.0,0.0,0.0,0.0,1.0,0,0,0.188,Low
1,1,0,0,2,1,0.0,1,74.7,165.4,0.0,82.7,0,3,0.0,0.0,1.0,0.0,0.0,0.0,0.0,1.0,0.0,0.0,0.0,0.0,0.0,0.0,0.0,0.0,0.0,1.0,0.0,1,1,0.841,High
0,0,1,1,13,1,2.0,1,25.0,332.5,1.0,25.57692307692308,0,2,0.0,1.0,0.0,1.0,1.0,0.0,1.0,0.0,1.0,0.0,1.0,0.0,1.0,0.0,1.0,0.0,0.0,0.0,0.0,0,0,0.036,Low
0,1,1,0,17,1,0.0,1,85.35,1463.45,1.0,86.08529411764707,0,5,0.0,1.0,1.0,0.0,0.0,1.0,0.0,0.0,0.0,1.0,0.0,0.0,0.0,0.0,0.0,0.0,0.0,0.0,0.0,1,1,0.596,Medium
1,0,1,0,24,1,1.0,1,58.35,1346.9,1.0,56.12083333333334,1,5,0.0,1.0,0.0,0.0,0.0,1.0,0.0,0.0,0.0,0.0,0.0,1.0,0.0,0.0,0.0,0.0,0.0,1.0,0.0,0,0,0.184,Low
0,0,1,1,50,1,2.0,0,20.55,1070.25,3.0,21.405,0,1,0.0,0.0,0.0,1.0,1.0,0.0,1.0,0.0,1.0,0.0,1.0,0.0,1.0,0.0,1.0,0.0,1.0,0.0,0.0,0,0,0.004,Low
1,0,0,0,57,1,2.0,1,74.35,4317.35,3.0,75.74298245614035,0,6,0.0,0.0,0.0,0.0,0.0,1.0,0.0,0.0,0.0,1.0,0.0,0.0,0.0,1.0,0.0,1.0,0.0,0.0,0.0,0,0,0.06,Low
0,1,0,0,3,0,0.0,0,25.3,77.75,0.0,25.916666666666668,0,1,1.0,0.0,0.0,0.0,0.0,0.0,0.0,0.0,0.0,0.0,0.0,0.0,0.0,0.0,0.0,0.0,0.0,1.0,0.0,1,1,0.714,High
1,0,0,0,37,1,0.0,1,91.15,3369.25,2.0,91.0608108108108,1,5,0.0,1.0,1.0,0.0,0.0,1.0,0.0,0.0,0.0,0.0,0.0,0.0,0.0,1.0,0.0,0.0,0.0,1.0,0.0,0,1,0.513,Medium
0,0,1,0,71,1,2.0,0,25.6,1888.25,3.0,26.59507042253521,0,2,0.0,1.0,0.0,1.0,1.0,0.0,1.0,0.0,1.0,0.0,1.0,0.0,1.0,0.0,1.0,0.0,1.0,0.0,0.0,0,0,0.001,Low
1,0,1,1,72,1,2.0,1,66.5,4811.6,3.0,66.82777777777778,0,6,0.0,1.0,0.0,0.0,0.0,1.0,0.0,0.0,0.0,1.0,0.0,1.0,0.0,0.0,0.0,0.0,1.0,0.0,0.0,0,0,0.082,Low
1,0,0,1,52,1,2.0,0,25.6,1334.5,3.0,25.66346153846154,0,2,0.0,1.0,0.0,1.0,1.0,0.0,1.0,0.0,1.0,0.0,1.0,0.0,1.0,0.0,1.0,0.0,1.0,0.0,0.0,0,0,0.038,Low
1,0,0,0,4,1,0.0,1,19.85,63.0,0.0,15.75,1,1,0.0,0.0,0.0,1.0,1.0,0.0,1.0,0.0,1.0,0.0,1.0,0.0,1.0,0.0,1.0,0.0,0.0,1.0,0.0,0,0,0.139,Low
1,0,0,0,9,1,0.0,1,69.5,653.25,0.0,72.58333333333333,0,6,0.0,0.0,0.0,0.0,0.0,1.0,0.0,0.0,0.0,1.0,0.0,1.0,0.0,1.0,0.0,0.0,0.0,0.0,1.0,0,0,0.369,Medium
1,1,1,0,7,1,0.0,1,74.85,485.25,0.0,69.32142857142857,1,3,0.0,1.0,1.0,0.0,0.0,0.0,0.0,0.0,0.0,0.0,0.0,0.0,0.0,0.0,0.0,0.0,0.0,1.0,0.0,0,1,0.828,High
0,0,1,1,48,1,2.0,1,70.1,3238.4,2.0,67.46666666666667,1,6,0.0,0.0,0.0,0.0,0.0,1.0,0.0,1.0,0.0,1.0,0.0,0.0,0.0,0.0,0.0,1.0,1.0,0.0,0.0,0,0,0.062,Low
0,0,1,0,47,1,0.0,1,58.6,2723.4,2.0,57.94468085106383,1,4,0.0,0.0,0.0,0.0,0.0,0.0,0.0,1.0,0.0,0.0,0.0,0.0,0.0,1.0,0.0,0.0,0.0,0.0,0.0,0,0,0.262,Low
0,1,0,0,4,1,0.0,0,72.75,317.75,0.0,79.4375,0,3,0.0,0.0,1.0,0.0,0.0,0.0,0.0,1.0,0.0,0.0,0.0,0.0,0.0,0.0,0.0,0.0,0.0,1.0,0.0,0,1,0.746,High
0,0,0,0,47,1,1.0,1,103.7,4730.6,2.0,100.65106382978723,1,7,0.0,0.0,1.0,0.0,0.0,1.0,0.0,0.0,0.0,1.0,0.0,1.0,0.0,1.0,0.0,1.0,0.0,1.0,0.0,0,0,0.473,Medium
1,0,1,0,24,0,0.0,0,29.1,688.0,1.0,28.666666666666668,1,2,1.0,0.0,0.0,0.0,0.0,0.0,0.0,0.0,0.0,1.0,0.0,0.0,0.0,0.0,0.0,0.0,0.0,1.0,0.0,0,0,0.415,Medium
0,0,0,0,1,1,0.0,1,50.45,50.45,0.0,50.45,0,3,0.0,0.0,0.0,0.0,0.0,0.0,0.0,0.0,0.0,1.0,0.0,0.0,0.0,0.0,0.0,0.0,0.0,0.0,1.0,1,1,0.766,High
1,0,0,0,1,0,0.0,1,44.65,44.65,0.0,44.65,0,4,1.0,0.0,0.0,0.0,0.0,0.0,0.0,1.0,0.0,0.0,0.0,1.0,0.0,0.0,0.0,1.0,0.0,0.0,1.0,1,1,0.622,High
0,0,1,1,1,1,0.0,0,19.25,19.25,0.0,19.25,0,1,0.0,0.0,0.0,1.0,1.0,0.0,1.0,0.0,1.0,0.0,1.0,0.0,1.0,0.0,1.0,0.0,0.0,1.0,0.0,0,0,0.392,Medium
1,0,0,0,48,1,2.0,1,108.1,5067.45,2.0,105.571875,1,7,0.0,1.0,1.0,0.0,0.0,0.0,0.0,1.0,0.0,1.0,0.0,0.0,0.0,1.0,0.0,1.0,0.0,0.0,0.0,0,0,0.438,Medium
1,0,0,0,27,1,1.0,0,20.1,562.6,2.0,20.83703703703704,0,1,0.0,0.0,0.0,1.0,1.0,0.0,1.0,0.0,1.0,0.0,1.0,0.0,1.0,0.0,1.0,0.0,0.0,0.0,0.0,0,0,0.01,Low
0,0,1,0,60,1,2.0,0,59.85,3483.45,3.0,58.0575,1,5,0.0,0.0,0.0,0.0,0.0,1.0,0.0,1.0,0.0,0.0,0.0,1.0,0.0,0.0,0.0,0.0,0.0,0.0,0.0,0,0,0.024,Low
0,0,0,0,26,1,1.0,1,56.05,1553.2,2.0,59.73846153846154,0,4,0.0,0.0,0.0,0.0,0.0,0.0,0.0,1.0,0.0,1.0,0.0,0.0,0.0,0.0,0.0,0.0,0.0,0.0,1.0,0,0,0.172,Low
0,1,0,0,51,1,2.0,0,19.6,967.9,3.0,18.978431372549014,1,1,0.0,0.0,0.0,1.0,1.0,0.0,1.0,0.0,1.0,0.0,1.0,0.0,1.0,0.0,1.0,0.0,1.0,0.0,0.0,0,0,0.008,Low
0,0,0,0,4,1,0.0,1,79.0,303.15,0.0,75.7875,1,3,0.0,0.0,1.0,0.0,0.0,0.0,0.0,0.0,0.0,0.0,0.0,0.0,0.0,1.0,0.0,0.0,0.0,1.0,0.0,1,1,0.847,High
0,1,0,0,26,1,0.0,1,66.05,1652.4,2.0,63.55384615384616,1,5,0.0,1.0,0.0,0.0,0.0,0.0,0.0,0.0,0.0,0.0,0.0,1.0,0.0,0.0,0.0,1.0,0.0,1.0,0.0,0,0,0.255,Low
0,0,0,0,41,1,0.0,1,106.5,4282.4,2.0,104.44878048780488,1,8,0.0,1.0,1.0,0.0,0.0,1.0,0.0,1.0,0.0,1.0,0.0,1.0,0.0,1.0,0.0,0.0,0.0,1.0,0.0,0,0,0.498,Medium
0,0,1,0,68,1,2.0,0,114.9,7843.55,3.0,115.34632352941176,0,9,0.0,1.0,1.0,0.0,0.0,1.0,0.0,1.0,0.0,1.0,0.0,1.0,0.0,1.0,0.0,1.0,0.0,0.0,0.0,0,0,0.107,Low
1,0,1,1,45,1,2.0,0,54.65,2553.7,2.0,56.748888888888885,0,4,0.0,0.0,0.0,0.0,0.0,1.0,0.0,0.0,0.0,0.0,0.0,1.0,0.0,0.0,0.0,0.0,0.0,0.0,0.0,0,0,0.066,Low
0,0,1,1,22,1,1.0,1,69.5,1498.2,1.0,68.10000000000001,1,5,0.0,0.0,0.0,0.0,0.0,0.0,0.0,1.0,0.0,0.0,0.0,0.0,0.0,1.0,0.0,1.0,0.0,0.0,0.0,1,0,0.243,Low
1,0,0,0,12,1,0.0,1,79.95,1043.4,0.0,86.95,0,3,0.0,0.0,1.0,0.0,0.0,0.0,0.0,0.0,0.0,0.0,0.0,0.0,0.0,0.0,0.0,1.0,0.0,0.0,0.0,0,1,0.753,High
0,0,0,0,1,1,0.0,0,43.95,43.95,0.0,43.95,0,2,0.0,0.0,0.0,0.0,0.0,0.0,0.0,0.0,0.0,0.0,0.0,0.0,0.0,0.0,0.0,0.0,1.0,0.0,0.0,0,1,0.654,High
1,0,0,0,7,1,0.0,1,94.1,701.3,0.0,100.18571428571428,0,5,0.0,1.0,1.0,0.0,0.0,0.0,0.0,0.0,0.0,0.0,0.0,0.0,0.0,1.0,0.0,1.0,0.0,1.0,0.0,0,1,0.916,High
0,0,0,0,1,1,0.0,1,20.2,20.2,0.0,20.2,0,1,0.0,0.0,0.0,1.0,1.0,0.0,1.0,0.0,1.0,0.0,1.0,0.0,1.0,0.0,1.0,0.0,0.0,0.0,0.0,1,1,0.598,Medium
0,0,0,0,13,0,0.0,1,23.9,300.8,1.0,23.138461538461534,1,1,1.0,0.0,0.0,0.0,0.0,0.0,0.0,0.0,0.0,0.0,0.0,0.0,0.0,0.0,0.0,0.0,0.0,1.0,0.0,1,1,0.632,High
1,0,0,0,51,1,2.0,0,20.45,1042.65,3.0,20.444117647058825,1,1,0.0,0.0,0.0,1.0,1.0,0.0,1.0,0.0,1.0,0.0,1.0,0.0,1.0,0.0,1.0,0.0,0.0,0.0,1.0,0,0,0.028,Low
1,0,1,1,4,1,0.0,0,44.8,169.65,0.0,42.4125,1,2,0.0,0.0,0.0,0.0,0.0,0.0,0.0,0.0,0.0,0.0,0.0,0.0,0.0,0.0,0.0,0.0,0.0,1.0,0.0,0,1,0.639,High
1,0,0,0,26,1,0.0,1,84.3,2281.6,2.0,87.75384615384615,0,5,0.0,1.0,1.0,0.0,0.0,0.0,0.0,0.0,0.0,1.0,0.0,1.0,0.0,0.0,0.0,0.0,0.0,0.0,1.0,0,0,0.444,Medium
0,0,0,0,24,1,0.0,1,88.95,2072.75,1.0,86.36458333333333,1,5,0.0,1.0,1.0,0.0,0.0,0.0,0.0,0.0,0.0,1.0,0.0,0.0,0.0,1.0,0.0,0.0,1.0,0.0,0.0,0,1,0.61,High
0,1,1,0,61,1,0.0,1,94.2,5895.45,3.0,96.6467213114754,0,7,0.0,1.0,1.0,0.0,0.0,1.0,0.0,1.0,0.0,1.0,0.0,1.0,0.0,0.0,0.0,0.0,1.0,0.0,0.0,0,0,0.197,Low
0,0,0,0,72,1,2.0,1,114.9,8496.7,3.0,118.00972222222224,0,9,0.0,1.0,1.0,0.0,0.0,1.0,0.0,1.0,0.0,1.0,0.0,1.0,0.0,1.0,0.0,1.0,0.0,1.0,0.0,0,0,0.041,Low
0,0,0,0,55,1,1.0,1,84.25,4589.85,3.0,83.45181818181818,1,5,0.0,1.0,1.0,0.0,0.0,1.0,0.0,0.0,0.0,1.0,0.0,0.0,0.0,0.0,0.0,0.0,1.0,0.0,0.0,0,0,0.123,Low
1,0,0,0,12,1,0.0,0,81.7,858.6,0.0,71.55,1,4,0.0,0.0,1.0,0.0,0.0,1.0,0.0,0.0,0.0,1.0,0.0,0.0,0.0,0.0,0.0,0.0,0.0,0.0,0.0,1,1,0.527,Medium
1,0,1,1,64,1,2.0,0,93.4,5822.3,3.0,90.9734375,1,6,0.0,1.0,1.0,0.0,0.0,1.0,0.0,0.0,0.0,1.0,0.0,0.0,0.0,0.0,0.0,1.0,0.0,0.0,0.0,0,0,0.129,Low
0,1,0,0,37,1,0.0,1,96.55,3580.3,2.0,96.76486486486488,0,5,0.0,1.0,1.0,0.0,0.0,0.0,0.0,0.0,0.0,0.0,0.0,0.0,0.0,1.0,0.0,1.0,0.0,1.0,0.0,1,1,0.776,High
1,0,1,0,72,1,2.0,1,88.7,6301.7,3.0,87.52361111111111,1,9,0.0,1.0,0.0,0.0,0.0,1.0,0.0,1.0,0.0,1.0,0.0,1.0,0.0,1.0,0.0,1.0,1.0,0.0,0.0,0,0,0.006,Low
1,0,0,0,11,1,1.0,0,19.5,226.8,0.0,20.61818181818182,0,1,0.0,0.0,0.0,1.0,1.0,0.0,1.0,0.0,1.0,0.0,1.0,0.0,1.0,0.0,1.0,0.0,0.0,0.0,1.0,0,0,0.02,Low
0,1,1,0,52,1,0.0,1,109.1,5647.95,3.0,108.61442307692307,1,8,0.0,1.0,1.0,0.0,0.0,1.0,0.0,1.0,0.0,1.0,0.0,0.0,0.0,1.0,0.0,1.0,0.0,1.0,0.0,0,0,0.416,Medium
0,0,1,1,58,1,1.0,1,44.1,2413.05,3.0,41.60431034482759,1,2,0.0,0.0,0.0,0.0,0.0,0.0,0.0,0.0,0.0,0.0,0.0,0.0,0.0,0.0,0.0,0.0,0.0,0.0,1.0,0,0,0.084,Low
0,0,0,0,4,1,0.0,0,55.2,220.65,0.0,55.1625,1,4,0.0,0.0,0.0,0.0,0.0,1.0,0.0,1.0,0.0,0.0,0.0,0.0,0.0,0.0,0.0,0.0,0.0,1.0,0.0,0,1,0.569,Medium
0,0,1,1,38,1,1.0,0,20.3,749.35,2.0,19.719736842105263,1,1,0.0,0.0,0.0,1.0,1.0,0.0,1.0,0.0,1.0,0.0,1.0,0.0,1.0,0.0,1.0,0.0,0.0,0.0,1.0,0,0,0.006,Low
1,0,0,1,3,1,0.0,0,20.85,60.65,0.0,20.216666666666665,1,1,0.0,0.0,0.0,1.0,1.0,0.0,1.0,0.0,1.0,0.0,1.0,0.0,1.0,0.0,1.0,0.0,0.0,0.0,1.0,0,0,0.124,Low
1,0,0,0,62,1,1.0,1,92.3,5731.45,3.0,92.44274193548388,0,6,0.0,1.0,1.0,0.0,0.0,1.0,0.0,1.0,0.0,0.0,0.0,0.0,0.0,0.0,0.0,1.0,0.0,0.0,0.0,0,0,0.2,Low
0,0,0,0,8,1,1.0,0,54.25,447.75,0.0,55.96875,0,4,0.0,0.0,0.0,0.0,0.0,1.0,0.0,0.0,0.0,0.0,0.0,1.0,0.0,0.0,0.0,0.0,0.0,0.0,0.0,0,0,0.13,Low
1,0,1,1,16,1,0.0,0,19.75,313.4,1.0,19.5875,1,1,0.0,0.0,0.0,1.0,1.0,0.0,1.0,0.0,1.0,0.0,1.0,0.0,1.0,0.0,1.0,0.0,0.0,1.0,0.0,0,0,0.269,Low
1,0,0,0,8,1,0.0,0,43.55,335.4,0.0,41.925,1,2,0.0,0.0,0.0,0.0,0.0,0.0,0.0,0.0,0.0,0.0,0.0,0.0,0.0,0.0,0.0,0.0,0.0,0.0,1.0,0,0,0.464,Medium
1,0,0,0,1,1,0.0,0,19.8,19.8,0.0,19.8,0,1,0.0,0.0,0.0,1.0,1.0,0.0,1.0,0.0,1.0,0.0,1.0,0.0,1.0,0.0,1.0,0.0,0.0,0.0,1.0,1,1,0.571,Medium
1,0,1,1,52,0,2.0,0,50.2,2554.0,3.0,49.11538461538461,1,5,1.0,0.0,0.0,0.0,0.0,0.0,0.0,1.0,0.0,1.0,0.0,1.0,0.0,1.0,0.0,0.0,0.0,0.0,1.0,0,0,0.08,Low
0,0,1,0,72,1,2.0,1,26.0,1776.0,3.0,24.666666666666668,1,2,0.0,1.0,0.0,1.0,1.0,0.0,1.0,0.0,1.0,0.0,1.0,0.0,1.0,0.0,1.0,0.0,0.0,0.0,1.0,0,0,0.009,Low
1,1,0,0,16,1,0.0,0,69.65,1043.3,1.0,65.20625,1,2,0.0,0.0,1.0,0.0,0.0,0.0,0.0,0.0,0.0,0.0,0.0,0.0,0.0,0.0,0.0,0.0,0.0,1.0,0.0,0,1,0.611,High
1,0,0,0,18,1,1.0,1,89.6,1633.0,1.0,90.72222222222224,0,5,0.0,1.0,1.0,0.0,0.0,0.0,0.0,0.0,0.0,1.0,0.0,0.0,0.0,1.0,0.0,0.0,1.0,0.0,0.0,0,0,0.278,Low
1,0,0,0,1,1,0.0,0,20.25,20.25,0.0,20.25,0,1,0.0,0.0,0.0,1.0,1.0,0.0,1.0,0.0,1.0,0.0,1.0,0.0,1.0,0.0,1.0,0.0,0.0,0.0,1.0,1,0,0.429,Medium
1,0,1,1,72,1,2.0,1,75.4,5480.25,3.0,76.11458333333333,0,6,0.0,0.0,0.0,0.0,0.0,0.0,0.0,1.0,0.0,1.0,0.0,0.0,0.0,1.0,0.0,1.0,0.0,0.0,0.0,0,0,0.104,Low
0,0,1,0,49,1,1.0,0,20.7,1032.05,3.0,21.062244897959182,0,1,0.0,0.0,0.0,1.0,1.0,0.0,1.0,0.0,1.0,0.0,1.0,0.0,1.0,0.0,1.0,0.0,1.0,0.0,0.0,0,0,0.017,Low
1,0,0,0,1,1,0.0,0,44.0,44.0,0.0,44.0,0,2,0.0,0.0,0.0,0.0,0.0,0.0,0.0,0.0,0.0,0.0,0.0,0.0,0.0,0.0,0.0,0.0,0.0,1.0,0.0,0,1,0.694,High
0,0,1,0,51,1,1.0,1,93.5,4619.55,3.0,90.57941176470588,1,6,0.0,0.0,1.0,0.0,0.0,1.0,0.0,1.0,0.0,1.0,0.0,0.0,0.0,1.0,0.0,0.0,0.0,1.0,0.0,0,0,0.277,Low
1,1,1,0,72,1,1.0,1,97.25,7133.1,3.0,99.07083333333334,0,6,0.0,1.0,1.0,0.0,0.0,0.0,0.0,1.0,0.0,0.0,0.0,0.0,0.0,1.0,0.0,1.0,1.0,0.0,0.0,0,0,0.255,Low
1,1,1,0,72,1,2.0,0,77.35,5396.25,3.0,74.94791666666667,1,7,0.0,1.0,0.0,0.0,0.0,0.0,0.0,1.0,0.0,1.0,0.0,1.0,0.0,1.0,0.0,0.0,1.0,0.0,0.0,0,0,0.108,Low
0,0,0,0,16,1,1.0,0,19.05,326.65,1.0,20.415625,0,1,0.0,0.0,0.0,1.0,1.0,0.0,1.0,0.0,1.0,0.0,1.0,0.0,1.0,0.0,1.0,0.0,0.0,0.0,1.0,0,0,0.032,Low
1,0,1,1,16,1,0.0,0,84.9,1398.25,1.0,87.390625,0,8,0.0,1.0,0.0,0.0,0.0,1.0,0.0,1.0,0.0,0.0,0.0,1.0,0.0,1.0,0.0,1.0,0.0,1.0,0.0,0,0,0.295,Low
1,0,0,0,1,1,0.0,0,19.65,19.65,0.0,19.65,0,1,0.0,0.0,0.0,1.0,1.0,0.0,1.0,0.0,1.0,0.0,1.0,0.0,1.0,0.0,1.0,0.0,0.0,0.0,0.0,0,0,0.447,Medium
1,0,1,0,10,1,0.0,1,85.6,813.85,0.0,81.385,1,4,0.0,1.0,1.0,0.0,0.0,0.0,0.0,0.0,0.0,0.0,0.0,0.0,0.0,1.0,0.0,0.0,0.0,1.0,0.0,1,1,0.867,High
0,0,1,0,57,1,1.0,1,100.75,5985.0,3.0,105.0,0,6,0.0,1.0,1.0,0.0,0.0,0.0,0.0,0.0,0.0,1.0,0.0,0.0,0.0,1.0,0.0,1.0,1.0,0.0,0.0,0,0,0.432,Medium
1,0,1,1,32,1,1.0,1,90.8,3023.85,2.0,94.4953125,0,5,0.0,0.0,1.0,0.0,0.0,1.0,0.0,1.0,0.0,0.0,0.0,0.0,0.0,0.0,0.0,1.0,0.0,1.0,0.0,0,0,0.336,Medium
0,0,0,0,72,1,2.0,1,101.3,7261.25,3.0,100.85069444444444,1,7,0.0,1.0,1.0,0.0,0.0,1.0,0.0,1.0,0.0,1.0,0.0,0.0,0.0,1.0,0.0,0.0,0.0,0.0,0.0,0,0,0.082,Low
0,1,1,0,58,1,1.0,1,97.8,5458.8,3.0,94.11724137931034,1,6,0.0,1.0,1.0,0.0,0.0,0.0,0.0,1.0,0.0,0.0,0.0,0.0,0.0,1.0,0.0,1.0,0.0,0.0,0.0,0,0,0.364,Medium
0,0,0,0,23,1,1.0,1,73.75,1756.6,1.0,76.37391304347825,0,6,0.0,1.0,0.0,0.0,0.0,0.0,0.0,0.0,0.0,0.0,0.0,1.0,0.0,1.0,0.0,1.0,0.0,0.0,1.0,0,0,0.217,Low
1,1,0,0,25,1,0.0,1,89.5,2196.15,2.0,87.846,1,5,0.0,1.0,1.0,0.0,0.0,0.0,0.0,1.0,0.0,0.0,0.0,0.0,0.0,1.0,0.0,0.0,0.0,1.0,0.0,1,1,0.771,High
1,0,1,1,32,1,0.0,1,19.45,674.55,2.0,21.0796875,0,1,0.0,0.0,0.0,1.0,1.0,0.0,1.0,0.0,1.0,0.0,1.0,0.0,1.0,0.0,1.0,0.0,1.0,0.0,0.0,0,0,0.122,Low
0,0,0,0,69,1,2.0,0,104.0,7028.5,3.0,101.8623188405797,1,7,0.0,1.0,1.0,0.0,0.0,0.0,0.0,0.0,0.0,1.0,0.0,1.0,0.0,1.0,0.0,1.0,0.0,1.0,0.0,0,0,0.265,Low
0,0,1,1,72,1,2.0,1,109.5,7854.9,3.0,109.09583333333332,1,8,0.0,0.0,1.0,0.0,0.0,1.0,0.0,1.0,0.0,1.0,0.0,1.0,0.0,1.0,0.0,1.0,1.0,0.0,0.0,0,0,0.057,Low
1,0,0,0,50,0,1.0,1,35.4,1748.9,3.0,34.978,1,3,1.0,0.0,0.0,0.0,0.0,1.0,0.0,0.0,0.0,0.0,0.0,1.0,0.0,0.0,0.0,0.0,0.0,0.0,1.0,0,0,0.058,Low
1,0,1,1,28,1,1.0,0,106.1,2847.4,2.0,101.69285714285716,1,7,0.0,1.0,1.0,0.0,0.0,1.0,0.0,1.0,0.0,0.0,0.0,0.0,0.0,1.0,0.0,1.0,0.0,1.0,0.0,1,0,0.329,Medium
0,0,1,0,10,1,1.0,0,20.1,184.4,0.0,18.44,1,1,0.0,0.0,0.0,1.0,1.0,0.0,1.0,0.0,1.0,0.0,1.0,0.0,1.0,0.0,1.0,0.0,0.0,0.0,1.0,0,0,0.068,Low
1,0,1,1,58,1,1.0,1,94.7,5430.35,3.0,93.62672413793103,1,6,0.0,1.0,1.0,0.0,0.0,0.0,0.0,1.0,0.0,0.0,0.0,1.0,0.0,1.0,0.0,0.0,1.0,0.0,0.0,0,0,0.155,Low
1,1,1,0,7,1,0.0,1,75.4,533.05,0.0,76.14999999999999,0,3,0.0,1.0,1.0,0.0,0.0,0.0,0.0,0.0,0.0,0.0,0.0,0.0,0.0,0.0,0.0,0.0,0.0,1.0,0.0,0,1,0.856,High
1,0,0,1,4,1,0.0,0,49.35,219.65,0.0,54.9125,0,3,0.0,0.0,0.0,0.0,0.0,1.0,0.0,0.0,0.0,0.0,0.0,0.0,0.0,0.0,0.0,0.0,0.0,1.0,0.0,1,1,0.553,Medium
0,0,1,1,34,1,1.0,1,60.8,2042.05,2.0,60.06029411764706,1,5,0.0,0.0,0.0,0.0,0.0,1.0,0.0,1.0,0.0,1.0,0.0,0.0,0.0,0.0,0.0,0.0,0.0,0.0,1.0,0,0,0.076,Low
0,0,1,1,70,1,2.0,1,115.15,8250.0,3.0,117.85714285714286,0,9,0.0,1.0,1.0,0.0,0.0,1.0,0.0,1.0,0.0,1.0,0.0,1.0,0.0,1.0,0.0,1.0,1.0,0.0,0.0,0,0,0.073,Low
1,1,1,1,71,1,1.0,1,72.9,5139.65,3.0,72.38943661971831,1,7,0.0,1.0,0.0,0.0,0.0,0.0,0.0,1.0,0.0,1.0,0.0,1.0,0.0,0.0,0.0,1.0,0.0,0.0,0.0,0,0,0.182,Low
1,0,0,0,21,1,0.0,0,103.85,2215.0,1.0,105.47619047619048,0,7,0.0,1.0,1.0,0.0,0.0,1.0,0.0,0.0,0.0,1.0,0.0,0.0,0.0,1.0,0.0,1.0,0.0,0.0,1.0,0,1,0.705,High
0,0,0,0,56,1,1.0,1,60.25,3282.75,3.0,58.62053571428572,1,5,0.0,0.0,0.0,0.0,0.0,1.0,0.0,0.0,0.0,1.0,0.0,1.0,0.0,0.0,0.0,0.0,1.0,0.0,0.0,0,0,0.064,Low
1,0,0,1,71,1,2.0,1,76.9,5522.7,3.0,77.78450704225352,0,7,0.0,0.0,0.0,0.0,0.0,1.0,0.0,1.0,0.0,1.0,0.0,1.0,0.0,1.0,0.0,0.0,1.0,0.0,0.0,0,0,0.054,Low
0,0,1,1,14,1,0.0,1,87.25,1258.6,1.0,89.89999999999999,0,5,0.0,1.0,1.0,0.0,0.0,0.0,0.0,0.0,0.0,1.0,0.0,0.0,0.0,0.0,0.0,1.0,0.0,1.0,0.0,1,1,0.783,High
1,0,1,1,41,1,1.0,0,19.5,798.2,2.0,19.46829268292683,1,1,0.0,0.0,0.0,1.0,1.0,0.0,1.0,0.0,1.0,0.0,1.0,0.0,1.0,0.0,1.0,0.0,0.0,0.0,0.0,0,0,0.007,Low
0,0,0,0,3,1,0.0,0,74.4,215.8,0.0,71.93333333333334,1,3,0.0,1.0,1.0,0.0,0.0,0.0,0.0,0.0,0.0,0.0,0.0,0.0,0.0,0.0,0.0,0.0,0.0,0.0,0.0,1,1,0.769,High
0,0,1,1,58,1,2.0,0,20.5,1191.4,3.0,20.54137931034483,0,1,0.0,0.0,0.0,1.0,1.0,0.0,1.0,0.0,1.0,0.0,1.0,0.0,1.0,0.0,1.0,0.0,1.0,0.0,0.0,0,0,0.003,Low
0,0,1,1,72,0,2.0,0,65.7,4575.35,3.0,63.54652777777778,1,7,1.0,0.0,0.0,0.0,0.0,1.0,0.0,1.0,0.0,1.0,0.0,1.0,0.0,1.0,0.0,1.0,0.0,0.0,0.0,0,0,0.012,Low
0,0,0,0,13,1,0.0,0,89.4,1132.35,1.0,87.10384615384615,1,6,0.0,1.0,1.0,0.0,0.0,0.0,0.0,1.0,0.0,1.0,0.0,1.0,0.0,0.0,0.0,0.0,0.0,1.0,0.0,1,1,0.615,High
1,0,1,1,43,1,2.0,1,79.15,3566.6,2.0,82.94418604651163,0,7,0.0,0.0,0.0,0.0,0.0,1.0,0.0,0.0,0.0,1.0,0.0,1.0,0.0,1.0,0.0,1.0,1.0,0.0,0.0,0,0,0.083,Low
1,0,0,0,41,0,1.0,1,51.35,2075.1,2.0,50.61219512195122,1,4,1.0,0.0,0.0,0.0,0.0,0.0,0.0,0.0,0.0,1.0,0.0,0.0,0.0,1.0,0.0,1.0,0.0,1.0,0.0,0,0,0.29,Low
0,0,0,0,2,1,0.0,0,70.0,153.05,0.0,76.525,0,2,0.0,0.0,1.0,0.0,0.0,0.0,0.0,0.0,0.0,0.0,0.0,0.0,0.0,0.0,0.0,0.0,0.0,0.0,0.0,1,1,0.75,High
0,0,0,0,1,1,0.0,0,20.3,20.3,0.0,20.3,0,1,0.0,0.0,0.0,1.0,1.0,0.0,1.0,0.0,1.0,0.0,1.0,0.0,1.0,0.0,1.0,0.0,1.0,0.0,0.0,0,0,0.235,Low
1,0,0,0,4,1,0.0,1,79.9,324.3,0.0,81.075,0,3,0.0,0.0,1.0,0.0,0.0,0.0,0.0,0.0,0.0,0.0,0.0,0.0,0.0,0.0,0.0,1.0,0.0,1.0,0.0,1,1,0.854,High
1,0,0,0,1,1,0.0,1,19.9,19.9,0.0,19.9,0,1,0.0,0.0,0.0,1.0,1.0,0.0,1.0,0.0,1.0,0.0,1.0,0.0,1.0,0.0,1.0,0.0,0.0,0.0,1.0,0,1,0.712,High
1,0,1,0,72,1,2.0,1,114.1,8086.4,3.0,112.3111111111111,1,9,0.0,1.0,1.0,0.0,0.0,1.0,0.0,1.0,0.0,1.0,0.0,1.0,0.0,1.0,0.0,1.0,1.0,0.0,0.0,0,0,0.044,Low
0,0,1,1,69,1,2.0,1,64.15,4254.1,3.0,61.6536231884058,1,6,0.0,1.0,0.0,0.0,0.0,1.0,0.0,0.0,0.0,1.0,0.0,1.0,0.0,0.0,0.0,0.0,1.0,0.0,0.0,0,0,0.07,Low
1,0,1,1,27,0,1.0,1,45.85,1246.4,2.0,46.162962962962965,0,4,1.0,0.0,0.0,0.0,0.0,0.0,0.0,1.0,0.0,1.0,0.0,0.0,0.0,0.0,0.0,1.0,1.0,0.0,0.0,0,0,0.229,Low
0,0,0,1,14,1,0.0,1,59.8,824.85,1.0,58.91785714285714,1,4,0.0,0.0,0.0,0.0,0.0,0.0,0.0,0.0,0.0,1.0,0.0,0.0,0.0,1.0,0.0,0.0,1.0,0.0,0.0,0,0,0.39,Medium
1,0,0,0,19,1,0.0,1,45.0,865.85,1.0,45.57105263157895,0,2,0.0,0.0,0.0,0.0,0.0,0.0,0.0,0.0,0.0,0.0,0.0,0.0,0.0,0.0,0.0,0.0,0.0,0.0,0.0,0,0,0.416,Medium
0,0,1,0,18,1,0.0,1,95.95,1745.5,1.0,96.97222222222224,0,5,0.0,0.0,1.0,0.0,0.0,0.0,0.0,0.0,0.0,1.0,0.0,0.0,0.0,1.0,0.0,1.0,1.0,0.0,0.0,0,1,0.693,High
1,0,1,1,5,1,0.0,1,90.35,434.5,0.0,86.9,1,5,0.0,0.0,1.0,0.0,0.0,1.0,0.0,0.0,0.0,1.0,0.0,0.0,0.0,0.0,0.0,1.0,0.0,0.0,1.0,0,1,0.688,High
1,0,1,1,28,1,1.0,0,100.35,2799.0,2.0,99.96428571428572,1,6,0.0,0.0,1.0,0.0,0.0,0.0,0.0,1.0,0.0,1.0,0.0,0.0,0.0,1.0,0.0,1.0,0.0,0.0,0.0,0,0,0.304,Medium
0,0,0,0,30,1,1.0,0,74.65,2308.6,2.0,76.95333333333333,0,7,0.0,0.0,0.0,0.0,0.0,1.0,0.0,1.0,0.0,1.0,0.0,1.0,0.0,1.0,0.0,0.0,1.0,0.0,0.0,0,0,0.265,Low
0,1,0,0,71,1,2.0,0,104.05,7413.55,3.0,104.4161971830986,0,6,0.0,1.0,1.0,0.0,0.0,0.0,0.0,0.0,0.0,1.0,0.0,0.0,0.0,1.0,0.0,1.0,0.0,0.0,0.0,0,0,0.187,Low
1,0,0,0,1,1,0.0,1,53.95,53.95,0.0,53.95,0,4,0.0,0.0,0.0,0.0,0.0,1.0,0.0,0.0,0.0,0.0,0.0,1.0,0.0,0.0,0.0,0.0,0.0,1.0,0.0,1,1,0.61,High
1,0,1,1,71,1,2.0,1,97.2,6910.3,3.0,97.32816901408452,0,6,0.0,1.0,1.0,0.0,0.0,1.0,0.0,0.0,0.0,0.0,0.0,0.0,0.0,1.0,0.0,1.0,0.0,1.0,0.0,0,0,0.158,Low
0,0,1,1,32,1,0.0,0,62.45,2045.55,2.0,63.9234375,0,5,0.0,1.0,0.0,0.0,0.0,0.0,0.0,1.0,0.0,1.0,0.0,0.0,0.0,0.0,0.0,0.0,0.0,0.0,0.0,0,0,0.217,Low
0,1,0,0,70,1,2.0,1,75.5,5212.65,3.0,74.46642857142857,1,7,0.0,1.0,0.0,0.0,0.0,0.0,0.0,1.0,0.0,1.0,0.0,1.0,0.0,1.0,0.0,0.0,0.0,0.0,0.0,0,0,0.136,Low
1,0,0,0,1,1,0.0,1,55.25,55.25,0.0,55.25,0,3,0.0,0.0,0.0,0.0,0.0,0.0,0.0,0.0,0.0,0.0,0.0,0.0,0.0,0.0,0.0,1.0,0.0,1.0,0.0,0,1,0.776,High
1,0,1,1,1,1,0.0,1,71.0,71.0,0.0,71.0,0,2,0.0,0.0,1.0,0.0,0.0,0.0,0.0,0.0,0.0,0.0,0.0,0.0,0.0,0.0,0.0,0.0,0.0,1.0,0.0,1,1,0.891,High
0,1,0,0,4,1,0.0,0,48.75,179.85,0.0,44.9625,1,3,0.0,1.0,0.0,0.0,0.0,0.0,0.0,0.0,0.0,0.0,0.0,0.0,0.0,0.0,0.0,0.0,0.0,0.0,1.0,0,1,0.648,High
1,1,1,0,43,1,0.0,1,94.3,3953.15,2.0,91.93372093023255,1,6,0.0,1.0,1.0,0.0,0.0,0.0,0.0,1.0,0.0,0.0,0.0,1.0,0.0,1.0,0.0,0.0,0.0,1.0,0.0,0,1,0.555,Medium
1,0,1,0,72,1,2.0,0,92.3,6719.9,3.0,93.33194444444445,0,9,0.0,1.0,0.0,0.0,0.0,1.0,0.0,1.0,0.0,1.0,0.0,1.0,0.0,1.0,0.0,1.0,1.0,0.0,0.0,0,0,0.011,Low
1,1,1,1,72,1,2.0,1,114.95,8196.4,3.0,113.83888888888887,1,9,0.0,1.0,1.0,0.0,0.0,1.0,0.0,1.0,0.0,1.0,0.0,1.0,0.0,1.0,0.0,1.0,0.0,0.0,0.0,0,0,0.036,Low
1,1,1,0,4,1,0.0,1,74.4,306.6,0.0,76.65,0,3,0.0,1.0,1.0,0.0,0.0,0.0,0.0,0.0,0.0,0.0,0.0,0.0,0.0,0.0,0.0,0.0,0.0,0.0,1.0,1,1,0.821,High
0,0,0,0,24,1,1.0,0,24.6,605.25,1.0,25.21875,0,2,0.0,1.0,0.0,1.0,1.0,0.0,1.0,0.0,1.0,0.0,1.0,0.0,1.0,0.0,1.0,0.0,0.0,0.0,0.0,0,0,0.04,Low
1,1,1,0,1,1,0.0,1,95.1,95.1,0.0,95.1,0,5,0.0,1.0,1.0,0.0,0.0,0.0,0.0,0.0,0.0,0.0,0.0,0.0,0.0,1.0,0.0,1.0,0.0,1.0,0.0,1,1,0.949,High
0,0,0,0,1,1,0.0,0,18.85,18.85,0.0,18.85,0,1,0.0,0.0,0.0,1.0,1.0,0.0,1.0,0.0,1.0,0.0,1.0,0.0,1.0,0.0,1.0,0.0,0.0,1.0,0.0,0,0,0.397,Medium
1,1,0,0,14,1,0.0,1,95.6,1273.3,1.0,90.95,1,5,0.0,1.0,1.0,0.0,0.0,0.0,0.0,0.0,0.0,0.0,0.0,0.0,0.0,1.0,0.0,1.0,0.0,1.0,0.0,0,1,0.849,High
1,1,1,0,36,1,0.0,1,84.1,3021.6,2.0,83.93333333333334,1,4,0.0,1.0,1.0,0.0,0.0,0.0,0.0,0.0,0.0,0.0,0.0,0.0,0.0,0.0,0.0,1.0,0.0,1.0,0.0,1,1,0.718,High
1,0,1,1,40,1,0.0,1,81.2,3292.3,2.0,82.3075,0,4,0.0,1.0,1.0,0.0,0.0,0.0,0.0,0.0,0.0,1.0,0.0,0.0,0.0,0.0,0.0,0.0,0.0,1.0,0.0,0,1,0.62,High
1,1,0,0,67,1,2.0,1,105.05,7171.7,3.0,107.04029850746268,0,7,0.0,0.0,1.0,0.0,0.0,1.0,0.0,1.0,0.0,0.0,0.0,1.0,0.0,1.0,0.0,1.0,0.0,1.0,0.0,0,0,0.227,Low
1,0,1,1,69,1,2.0,1,92.15,6480.9,3.0,93.92608695652171,0,5,0.0,0.0,1.0,0.0,0.0,0.0,0.0,1.0,0.0,0.0,0.0,1.0,0.0,1.0,0.0,0.0,0.0,0.0,1.0,0,0,0.085,Low
1,0,0,0,1,1,0.0,0,20.6,20.6,0.0,20.6,0,1,0.0,0.0,0.0,1.0,1.0,0.0,1.0,0.0,1.0,0.0,1.0,0.0,1.0,0.0,1.0,0.0,0.0,0.0,1.0,0,1,0.638,High
0,0,0,1,10,0,1.0,0,40.25,411.45,0.0,41.145,0,4,1.0,0.0,0.0,0.0,0.0,1.0,0.0,1.0,0.0,0.0,0.0,1.0,0.0,0.0,0.0,0.0,0.0,0.0,1.0,0,0,0.078,Low
1,0,1,1,55,1,2.0,0,57.55,3046.4,3.0,55.38909090909091,1,5,0.0,0.0,0.0,0.0,0.0,1.0,0.0,1.0,0.0,0.0,0.0,1.0,0.0,0.0,0.0,0.0,0.0,0.0,0.0,1,0,0.029,Low
1,0,1,1,68,1,2.0,1,113.15,7856.0,3.0,115.52941176470588,0,9,0.0,1.0,1.0,0.0,0.0,1.0,0.0,1.0,0.0,1.0,0.0,1.0,0.0,1.0,0.0,1.0,0.0,1.0,0.0,1,0,0.048,Low
1,1,1,1,66,1,0.0,1,99.5,6822.15,3.0,103.36590909090908,0,6,0.0,1.0,1.0,0.0,0.0,0.0,0.0,0.0,0.0,1.0,0.0,0.0,0.0,1.0,0.0,1.0,1.0,0.0,0.0,1,1,0.544,Medium
0,0,0,0,7,1,0.0,1,69.9,497.3,0.0,71.04285714285714,0,2,0.0,0.0,1.0,0.0,0.0,0.0,0.0,0.0,0.0,0.0,0.0,0.0,0.0,0.0,0.0,0.0,0.0,0.0,1.0,0,1,0.724,High
0,0,1,1,10,1,2.0,0,20.15,220.8,0.0,22.08,0,1,0.0,0.0,0.0,1.0,1.0,0.0,1.0,0.0,1.0,0.0,1.0,0.0,1.0,0.0,1.0,0.0,0.0,0.0,1.0,0,0,0.025,Low
1,0,0,0,1,0,0.0,0,29.15,29.15,0.0,29.15,0,2,1.0,0.0,0.0,0.0,0.0,0.0,0.0,0.0,0.0,0.0,0.0,1.0,0.0,0.0,0.0,0.0,0.0,0.0,1.0,0,1,0.579,Medium
1,0,1,1,55,1,2.0,0,19.35,1153.25,3.0,20.96818181818182,0,1,0.0,0.0,0.0,1.0,1.0,0.0,1.0,0.0,1.0,0.0,1.0,0.0,1.0,0.0,1.0,0.0,0.0,0.0,0.0,0,0,0.032,Low
1,0,1,0,45,1,0.0,1,107.75,4882.8,2.0,108.50666666666667,0,7,0.0,1.0,1.0,0.0,0.0,0.0,0.0,1.0,0.0,1.0,0.0,0.0,0.0,1.0,0.0,1.0,0.0,0.0,0.0,0,1,0.702,High
0,0,1,0,10,1,0.0,1,67.8,653.15,0.0,65.315,1,5,0.0,0.0,0.0,0.0,0.0,0.0,0.0,0.0,0.0,1.0,0.0,0.0,0.0,1.0,0.0,1.0,1.0,0.0,0.0,0,0,0.381,Medium
0,0,1,0,69,1,2.0,1,116.0,8182.85,3.0,118.59202898550726,0,9,0.0,1.0,1.0,0.0,0.0,1.0,0.0,1.0,0.0,1.0,0.0,1.0,0.0,1.0,0.0,1.0,0.0,1.0,0.0,0,0,0.063,Low
0,1,0,0,1,1,0.0,1,85.05,85.05,0.0,85.05,0,4,0.0,1.0,1.0,0.0,0.0,0.0,0.0,0.0,0.0,0.0,0.0,0.0,0.0,0.0,0.0,1.0,0.0,1.0,0.0,1,1,0.95,High
0,0,0,0,33,1,2.0,0,25.7,826.1,2.0,25.03333333333333,1,2,0.0,1.0,0.0,1.0,1.0,0.0,1.0,0.0,1.0,0.0,1.0,0.0,1.0,0.0,1.0,0.0,1.0,0.0,0.0,0,0,0.055,Low
0,0,0,0,45,1,2.0,0,81.65,3618.7,2.0,80.41555555555556,1,7,0.0,0.0,0.0,0.0,0.0,1.0,0.0,0.0,0.0,1.0,0.0,1.0,0.0,1.0,0.0,1.0,0.0,0.0,0.0,0,0,0.085,Low
0,0,0,0,1,1,0.0,0,44.75,44.75,0.0,44.75,0,2,0.0,0.0,0.0,0.0,0.0,0.0,0.0,0.0,0.0,0.0,0.0,0.0,0.0,0.0,0.0,0.0,0.0,0.0,1.0,0,1,0.704,High
1,0,0,0,31,1,0.0,1,71.05,2168.15,2.0,69.94032258064516,1,6,0.0,1.0,0.0,0.0,0.0,0.0,0.0,1.0,0.0,0.0,0.0,1.0,0.0,1.0,0.0,0.0,0.0,1.0,0.0,0,0,0.198,Low
1,0,1,1,50,1,1.0,1,20.35,938.95,3.0,18.779,1,1,0.0,0.0,0.0,1.0,1.0,0.0,1.0,0.0,1.0,0.0,1.0,0.0,1.0,0.0,1.0,0.0,0.0,0.0,1.0,0,0,0.023,Low
0,0,0,0,57,1,0.0,1,87.55,4884.85,3.0,85.69912280701755,1,6,0.0,1.0,1.0,0.0,0.0,1.0,0.0,1.0,0.0,0.0,0.0,1.0,0.0,0.0,0.0,0.0,0.0,0.0,0.0,0,0,0.167,Low
1,0,0,0,1,1,0.0,1,74.25,74.25,0.0,74.25,0,3,0.0,1.0,1.0,0.0,0.0,0.0,0.0,0.0,0.0,0.0,0.0,0.0,0.0,0.0,0.0,0.0,0.0,0.0,1.0,1,1,0.888,High
0,0,0,0,2,1,0.0,1,75.8,160.75,0.0,80.375,0,3,0.0,0.0,1.0,0.0,0.0,0.0,0.0,0.0,0.0,1.0,0.0,0.0,0.0,0.0,0.0,0.0,0.0,1.0,0.0,1,1,0.854,High
1,0,0,0,3,1,0.0,1,105.35,323.25,0.0,107.75,0,7,0.0,1.0,1.0,0.0,0.0,0.0,0.0,1.0,0.0,1.0,0.0,0.0,0.0,1.0,0.0,1.0,0.0,0.0,0.0,1,1,0.752,High
1,1,1,0,67,1,0.0,1,94.65,6079.0,3.0,90.73134328358208,1,5,0.0,1.0,1.0,0.0,0.0,0.0,0.0,0.0,0.0,0.0,0.0,0.0,0.0,1.0,0.0,1.0,1.0,0.0,0.0,0,0,0.499,Medium
0,1,0,0,42,1,0.0,1,104.75,4323.45,2.0,102.93928571428572,1,7,0.0,1.0,1.0,0.0,0.0,0.0,0.0,1.0,0.0,1.0,0.0,0.0,0.0,1.0,0.0,1.0,0.0,0.0,0.0,1,1,0.717,High
0,0,1,0,70,1,2.0,1,26.0,2006.95,3.0,28.670714285714286,0,2,0.0,1.0,0.0,1.0,1.0,0.0,1.0,0.0,1.0,0.0,1.0,0.0,1.0,0.0,1.0,0.0,0.0,0.0,0.0,0,0,0.009,Low
1,0,1,0,71,1,1.0,0,20.85,1539.75,3.0,21.68661971830986,0,1,0.0,0.0,0.0,1.0,1.0,0.0,1.0,0.0,1.0,0.0,1.0,0.0,1.0,0.0,1.0,0.0,0.0,1.0,0.0,0,0,0.027,Low
1,0,0,0,9,1,0.0,1,75.85,724.65,0.0,80.51666666666667,0,3,0.0,1.0,1.0,0.0,0.0,0.0,0.0,0.0,0.0,0.0,0.0,0.0,0.0,0.0,0.0,0.0,0.0,1.0,0.0,0,1,0.829,High
1,0,1,1,72,0,2.0,0,45.25,3139.8,3.0,43.60833333333333,1,5,1.0,0.0,0.0,0.0,0.0,1.0,0.0,1.0,0.0,1.0,0.0,1.0,0.0,0.0,0.0,0.0,1.0,0.0,0.0,0,0,0.03,Low
1,0,1,1,53,1,1.0,1,105.25,5576.3,3.0,105.21320754716982,1,7,0.0,1.0,1.0,0.0,0.0,0.0,0.0,1.0,0.0,1.0,0.0,0.0,0.0,1.0,0.0,1.0,0.0,1.0,0.0,0,0,0.426,Medium
0,1,0,0,19,1,0.0,1,105.0,2007.25,1.0,105.64473684210526,0,7,0.0,0.0,1.0,0.0,0.0,1.0,0.0,1.0,0.0,0.0,0.0,1.0,0.0,1.0,0.0,1.0,0.0,0.0,1.0,0,1,0.654,High
0,0,0,0,9,1,0.0,0,94.4,857.25,0.0,95.25,0,5,0.0,1.0,1.0,0.0,0.0,0.0,0.0,0.0,0.0,0.0,0.0,0.0,0.0,1.0,0.0,1.0,0.0,1.0,0.0,1,1,0.867,High
1,0,1,1,72,1,2.0,0,105.5,7611.55,3.0,105.71597222222222,0,7,0.0,0.0,1.0,0.0,0.0,1.0,0.0,1.0,0.0,0.0,0.0,1.0,0.0,1.0,0.0,1.0,0.0,0.0,0.0,0,0,0.101,Low
1,0,1,1,20,0,2.0,1,39.4,825.4,1.0,41.27,0,4,1.0,0.0,0.0,0.0,0.0,1.0,0.0,0.0,0.0,1.0,0.0,1.0,0.0,0.0,0.0,0.0,1.0,0.0,0.0,0,0,0.111,Low
0,0,1,1,43,1,1.0,0,20.0,817.95,2.0,19.022093023255817,1,1,0.0,0.0,0.0,1.0,1.0,0.0,1.0,0.0,1.0,0.0,1.0,0.0,1.0,0.0,1.0,0.0,0.0,0.0,1.0,0,0,0.011,Low
0,0,0,0,50,1,2.0,1,79.6,4024.2,3.0,80.484,0,7,0.0,1.0,0.0,0.0,0.0,0.0,0.0,1.0,0.0,0.0,0.0,1.0,0.0,1.0,0.0,1.0,0.0,0.0,1.0,0,0,0.079,Low
0,0,1,0,55,1,0.0,1,89.8,4959.6,3.0,90.17454545454548,0,5,0.0,1.0,1.0,0.0,0.0,1.0,0.0,0.0,0.0,0.0,0.0,0.0,0.0,1.0,0.0,0.0,0.0,0.0,0.0,0,0,0.368,Medium
1,0,1,0,2,1,0.0,1,94.2,167.5,0.0,83.75,1,5,0.0,0.0,1.0,0.0,0.0,0.0,0.0,0.0,0.0,0.0,0.0,1.0,0.0,1.0,0.0,1.0,0.0,1.0,0.0,1,1,0.816,High
0,0,1,1,9,1,2.0,0,20.35,191.1,0.0,21.23333333333333,0,1,0.0,0.0,0.0,1.0,1.0,0.0,1.0,0.0,1.0,0.0,1.0,0.0,1.0,0.0,1.0,0.0,0.0,0.0,1.0,0,0,0.027,Low
1,0,0,0,10,0,0.0,1,33.9,298.45,0.0,29.845,1,2,1.0,0.0,0.0,0.0,0.0,0.0,0.0,0.0,0.0,0.0,0.0,0.0,0.0,0.0,0.0,1.0,0.0,0.0,1.0,1,1,0.505,Medium
0,0,0,0,71,1,2.0,0,77.35,5550.1,3.0,78.17042253521127,0,7,0.0,0.0,0.0,0.0,0.0,1.0,0.0,1.0,0.0,1.0,0.0,1.0,0.0,1.0,0.0,0.0,1.0,0.0,0.0,0,0,0.07,Low
0,0,1,0,32,1,0.0,0,84.15,2585.95,2.0,80.8109375,1,4,0.0,0.0,1.0,0.0,0.0,0.0,0.0,1.0,0.0,0.0,0.0,0.0,0.0,0.0,0.0,1.0,0.0,0.0,0.0,1,1,0.505,Medium
1,1,1,0,3,1,0.0,1,105.9,334.65,0.0,111.55,0,7,0.0,1.0,1.0,0.0,0.0,0.0,0.0,1.0,0.0,1.0,0.0,0.0,0.0,1.0,0.0,1.0,0.0,1.0,0.0,1,1,0.687,High
1,1,1,0,16,1,0.0,1,74.3,1178.25,1.0,73.640625,1,3,0.0,0.0,1.0,0.0,0.0,0.0,0.0,1.0,0.0,0.0,0.0,0.0,0.0,0.0,0.0,0.0,1.0,0.0,0.0,1,1,0.61,High
1,0,0,0,25,1,0.0,0,69.75,1729.35,2.0,69.17399999999999,1,2,0.0,0.0,1.0,0.0,0.0,0.0,0.0,0.0,0.0,0.0,0.0,0.0,0.0,0.0,0.0,0.0,0.0,1.0,0.0,0,1,0.553,Medium
1,0,0,0,38,1,1.0,1,70.45,2597.6,2.0,68.3578947368421,1,2,0.0,0.0,1.0,0.0,0.0,0.0,0.0,0.0,0.0,0.0,0.0,0.0,0.0,0.0,0.0,0.0,0.0,0.0,0.0,1,0,0.198,Low
0,0,0,0,40,1,2.0,0,20.15,804.85,2.0,20.12125,1,1,0.0,0.0,0.0,1.0,1.0,0.0,1.0,0.0,1.0,0.0,1.0,0.0,1.0,0.0,1.0,0.0,0.0,0.0,1.0,0,0,0.003,Low
0,0,1,1,61,1,2.0,1,24.2,1445.2,3.0,23.691803278688525,1,2,0.0,1.0,0.0,1.0,1.0,0.0,1.0,0.0,1.0,0.0,1.0,0.0,1.0,0.0,1.0,0.0,0.0,0.0,1.0,0,0,0.023,Low
0,0,1,1,25,1,1.0,0,20.05,520.1,2.0,20.804,0,1,0.0,0.0,0.0,1.0,1.0,0.0,1.0,0.0,1.0,0.0,1.0,0.0,1.0,0.0,1.0,0.0,0.0,0.0,1.0,0,0,0.007,Low
0,0,0,1,48,1,2.0,1,95.5,4627.85,2.0,96.41354166666667,0,6,0.0,0.0,1.0,0.0,0.0,0.0,0.0,1.0,0.0,1.0,0.0,1.0,0.0,1.0,0.0,0.0,0.0,0.0,1.0,1,0,0.125,Low
0,0,0,0,3,1,0.0,1,69.55,222.3,0.0,74.10000000000001,0,2,0.0,0.0,1.0,0.0,0.0,0.0,0.0,0.0,0.0,0.0,0.0,0.0,0.0,0.0,0.0,0.0,0.0,0.0,0.0,1,1,0.755,High
0,0,0,0,63,1,0.0,0,108.25,6780.1,3.0,107.62063492063491,1,8,0.0,1.0,1.0,0.0,0.0,1.0,0.0,1.0,0.0,1.0,0.0,0.0,0.0,1.0,0.0,1.0,1.0,0.0,0.0,0,0,0.253,Low
0,1,0,0,37,1,0.0,1,76.25,2841.55,2.0,76.79864864864865,0,3,0.0,1.0,1.0,0.0,0.0,0.0,0.0,0.0,0.0,0.0,0.0,0.0,0.0,0.0,0.0,0.0,0.0,1.0,0.0,1,1,0.652,High
1,0,0,0,1,1,0.0,1,49.8,49.8,0.0,49.8,0,3,0.0,0.0,0.0,0.0,0.0,1.0,0.0,0.0,0.0,0.0,0.0,0.0,0.0,0.0,0.0,0.0,1.0,0.0,0.0,0,1,0.64,High
1,0,1,1,17,1,0.0,0,80.85,1400.85,1.0,82.40294117647058,0,3,0.0,0.0,1.0,0.0,0.0,0.0,0.0,0.0,0.0,0.0,0.0,0.0,0.0,1.0,0.0,0.0,0.0,1.0,0.0,1,1,0.629,High
1,0,0,0,3,1,0.0,1,69.35,191.35,0.0,63.78333333333333,1,5,0.0,0.0,0.0,0.0,0.0,0.0,0.0,0.0,0.0,0.0,0.0,1.0,0.0,1.0,0.0,1.0,0.0,1.0,0.0,1,1,0.506,Medium
0,0,1,0,21,1,0.0,1,86.05,1818.9,1.0,86.61428571428571,0,4,0.0,0.0,1.0,0.0,0.0,0.0,0.0,0.0,0.0,0.0,0.0,1.0,0.0,1.0,0.0,0.0,0.0,1.0,0.0,0,1,0.679,High
0,0,1,1,67,0,2.0,0,36.15,2434.45,3.0,36.33507462686567,0,3,1.0,0.0,0.0,0.0,0.0,1.0,0.0,1.0,0.0,0.0,0.0,0.0,0.0,0.0,0.0,0.0,0.0,0.0,0.0,0,0,0.045,Low
0,0,1,1,34,1,1.0,1,20.1,682.1,2.0,20.061764705882357,1,1,0.0,0.0,0.0,1.0,1.0,0.0,1.0,0.0,1.0,0.0,1.0,0.0,1.0,0.0,1.0,0.0,0.0,0.0,0.0,0,0,0.028,Low
1,0,0,0,18,1,0.0,1,90.7,1597.25,1.0,88.73611111111111,1,5,0.0,1.0,1.0,0.0,0.0,0.0,0.0,0.0,0.0,1.0,0.0,0.0,0.0,0.0,0.0,1.0,1.0,0.0,0.0,1,1,0.612,High
1,0,1,1,72,1,2.0,0,88.7,6501.35,3.0,90.29652777777778,0,9,0.0,1.0,0.0,0.0,0.0,1.0,0.0,1.0,0.0,1.0,0.0,1.0,0.0,1.0,0.0,1.0,1.0,0.0,0.0,0,0,0.006,Low
1,0,1,1,18,1,0.0,0,95.15,1779.95,1.0,98.88611111111112,0,5,0.0,0.0,1.0,0.0,0.0,0.0,0.0,0.0,0.0,1.0,0.0,0.0,0.0,1.0,0.0,1.0,0.0,0.0,1.0,1,1,0.577,Medium
1,0,0,0,3,1,0.0,0,75.0,209.1,0.0,69.7,1,3,0.0,1.0,1.0,0.0,0.0,0.0,0.0,0.0,0.0,0.0,0.0,0.0,0.0,0.0,0.0,0.0,0.0,0.0,1.0,1,1,0.731,High
0,0,0,0,1,1,0.0,1,49.95,49.95,0.0,49.95,0,3,0.0,1.0,0.0,0.0,0.0,0.0,0.0,0.0,0.0,0.0,0.0,0.0,0.0,0.0,0.0,0.0,0.0,0.0,0.0,1,1,0.699,High
1,0,0,0,10,1,0.0,1,72.15,794.25,0.0,79.425,0,5,0.0,1.0,0.0,0.0,0.0,0.0,0.0,0.0,0.0,0.0,0.0,0.0,0.0,1.0,0.0,1.0,1.0,0.0,0.0,1,0,0.423,Medium
0,0,0,0,10,1,0.0,1,20.9,247.0,0.0,24.7,0,1,0.0,0.0,0.0,1.0,1.0,0.0,1.0,0.0,1.0,0.0,1.0,0.0,1.0,0.0,1.0,0.0,0.0,0.0,1.0,0,0,0.105,Low
0,0,1,1,29,1,1.0,0,20.0,540.05,2.0,18.622413793103448,1,1,0.0,0.0,0.0,1.0,1.0,0.0,1.0,0.0,1.0,0.0,1.0,0.0,1.0,0.0,1.0,0.0,0.0,1.0,0.0,0,0,0.022,Low
0,1,1,0,34,1,0.0,1,94.25,3217.55,2.0,94.63382352941176,0,6,0.0,1.0,1.0,0.0,0.0,0.0,0.0,1.0,0.0,1.0,0.0,0.0,0.0,0.0,0.0,1.0,0.0,1.0,0.0,1,1,0.643,High
1,1,1,0,7,1,0.0,1,101.95,700.85,0.0,100.12142857142858,1,6,0.0,1.0,1.0,0.0,0.0,0.0,0.0,0.0,0.0,1.0,0.0,0.0,0.0,1.0,0.0,1.0,0.0,1.0,0.0,1,1,0.91,High
1,0,1,1,69,1,2.0,0,86.9,6194.1,3.0,89.7695652173913,0,8,0.0,1.0,0.0,0.0,0.0,1.0,0.0,0.0,0.0,1.0,0.0,1.0,0.0,1.0,0.0,1.0,0.0,0.0,0.0,0,0,0.028,Low
0,0,0,0,36,1,1.0,0,54.45,1893.5,2.0,52.59722222222222,1,4,0.0,1.0,0.0,0.0,0.0,1.0,0.0,0.0,0.0,0.0,0.0,0.0,0.0,0.0,0.0,0.0,0.0,0.0,1.0,0,0,0.05,Low
1,0,1,0,72,1,2.0,0,85.95,6151.9,3.0,85.44305555555555,1,8,0.0,1.0,0.0,0.0,0.0,0.0,0.0,1.0,0.0,1.0,0.0,1.0,0.0,1.0,0.0,1.0,0.0,0.0,0.0,0,0,0.013,Low
0,0,0,0,42,1,1.0,1,20.65,958.1,2.0,22.811904761904763,0,1,0.0,0.0,0.0,1.0,1.0,0.0,1.0,0.0,1.0,0.0,1.0,0.0,1.0,0.0,1.0,0.0,0.0,0.0,1.0,0,0,0.005,Low
1,0,0,0,42,1,1.0,1,99.0,4298.45,2.0,102.3440476190476,0,7,0.0,1.0,1.0,0.0,0.0,1.0,0.0,1.0,0.0,1.0,0.0,0.0,0.0,0.0,0.0,1.0,0.0,1.0,0.0,0,0,0.385,Medium
1,0,0,0,67,0,2.0,0,43.9,3097.2,3.0,46.22686567164179,0,4,1.0,0.0,0.0,0.0,0.0,1.0,0.0,0.0,0.0,0.0,0.0,1.0,0.0,1.0,0.0,0.0,0.0,1.0,0.0,0,0,0.173,Low
0,1,0,0,21,1,0.0,1,95.4,2025.1,1.0,96.43333333333332,0,5,0.0,1.0,1.0,0.0,0.0,0.0,0.0,0.0,0.0,0.0,0.0,0.0,0.0,1.0,0.0,1.0,0.0,0.0,0.0,0,1,0.768,High
0,0,0,0,23,1,0.0,1,93.5,2341.55,1.0,101.80652173913045,0,5,0.0,1.0,1.0,0.0,0.0,0.0,0.0,0.0,0.0,0.0,0.0,0.0,0.0,1.0,0.0,1.0,0.0,1.0,0.0,0,1,0.776,High
0,0,0,0,15,1,0.0,0,86.2,1270.2,1.0,84.68,1,4,0.0,0.0,1.0,0.0,0.0,1.0,0.0,0.0,0.0,0.0,0.0,0.0,0.0,1.0,0.0,0.0,0.0,1.0,0.0,1,1,0.608,High
0,1,1,0,34,1,1.0,0,64.2,2106.3,2.0,61.95,1,5,0.0,0.0,0.0,0.0,0.0,0.0,0.0,0.0,0.0,1.0,0.0,1.0,0.0,1.0,0.0,0.0,0.0,0.0,0.0,0,0,0.108,Low
1,1,1,0,7,1,0.0,1,99.25,665.45,0.0,95.06428571428572,1,6,0.0,1.0,1.0,0.0,0.0,0.0,0.0,0.0,0.0,1.0,0.0,0.0,0.0,1.0,0.0,1.0,0.0,1.0,0.0,1,1,0.929,High
1,0,0,1,9,1,0.0,0,20.4,184.1,0.0,20.45555555555556,0,1,0.0,0.0,0.0,1.0,1.0,0.0,1.0,0.0,1.0,0.0,1.0,0.0,1.0,0.0,1.0,0.0,0.0,0.0,1.0,0,0,0.112,Low
0,0,1,0,34,1,0.0,0,24.7,780.2,2.0,22.947058823529414,1,2,0.0,1.0,0.0,1.0,1.0,0.0,1.0,0.0,1.0,0.0,1.0,0.0,1.0,0.0,1.0,0.0,0.0,1.0,0.0,0,0,0.042,Low
1,0,0,0,1,0,0.0,1,35.55,35.55,0.0,35.55,0,2,1.0,0.0,0.0,0.0,0.0,0.0,0.0,0.0,0.0,0.0,0.0,0.0,0.0,0.0,0.0,1.0,0.0,1.0,0.0,1,1,0.882,High
0,0,0,0,25,1,2.0,0,108.9,2809.05,2.0,112.362,0,8,0.0,1.0,1.0,0.0,0.0,0.0,0.0,1.0,0.0,1.0,0.0,1.0,0.0,1.0,0.0,1.0,0.0,1.0,0.0,0,0,0.324,Medium
0,0,1,0,72,1,2.0,1,115.5,8312.75,3.0,115.45486111111111,1,9,0.0,1.0,1.0,0.0,0.0,1.0,0.0,1.0,0.0,1.0,0.0,1.0,0.0,1.0,0.0,1.0,0.0,0.0,0.0,0,0,0.042,Low
1,0,0,0,1,1,0.0,0,20.55,20.55,0.0,20.55,0,1,0.0,0.0,0.0,1.0,1.0,0.0,1.0,0.0,1.0,0.0,1.0,0.0,1.0,0.0,1.0,0.0,0.0,1.0,0.0,1,0,0.283,Low
0,0,1,0,60,1,0.0,1,99.8,5985.75,3.0,99.7625,1,6,0.0,1.0,1.0,0.0,0.0,0.0,0.0,1.0,0.0,0.0,0.0,0.0,0.0,1.0,0.0,1.0,0.0,1.0,0.0,0,1,0.584,Medium
1,0,1,0,43,1,1.0,1,84.25,3539.25,2.0,82.30813953488372,1,5,0.0,0.0,1.0,0.0,0.0,1.0,0.0,0.0,0.0,1.0,0.0,1.0,0.0,0.0,0.0,0.0,0.0,0.0,0.0,0,0,0.139,Low
1,0,0,0,3,1,1.0,0,21.2,52.05,0.0,17.349999999999998,1,1,0.0,0.0,0.0,1.0,1.0,0.0,1.0,0.0,1.0,0.0,1.0,0.0,1.0,0.0,1.0,0.0,0.0,0.0,1.0,0,0,0.06,Low
1,1,1,0,72,1,2.0,1,84.1,5981.65,3.0,83.07847222222222,1,8,0.0,1.0,0.0,0.0,0.0,1.0,0.0,1.0,0.0,1.0,0.0,0.0,0.0,1.0,0.0,1.0,1.0,0.0,0.0,0,0,0.064,Low
1,0,0,0,2,1,0.0,0,45.35,89.5,0.0,44.75,1,2,0.0,0.0,0.0,0.0,0.0,0.0,0.0,0.0,0.0,0.0,0.0,0.0,0.0,0.0,0.0,0.0,0.0,1.0,0.0,1,1,0.737,High
1,0,0,0,10,1,1.0,1,98.9,1064.95,0.0,106.495,0,6,0.0,0.0,1.0,0.0,0.0,1.0,0.0,0.0,0.0,1.0,0.0,0.0,0.0,1.0,0.0,1.0,0.0,1.0,0.0,0,0,0.475,Medium
1,0,0,0,7,1,0.0,1,98.05,713.0,0.0,101.85714285714286,0,6,0.0,1.0,1.0,0.0,0.0,0.0,0.0,0.0,0.0,1.0,0.0,0.0,0.0,1.0,0.0,1.0,0.0,0.0,0.0,1,1,0.91,High
0,0,1,0,33,1,1.0,1,51.45,1758.9,2.0,53.3,0,3,0.0,0.0,0.0,0.0,0.0,0.0,0.0,0.0,0.0,0.0,0.0,1.0,0.0,0.0,0.0,0.0,0.0,0.0,1.0,0,0,0.141,Low
1,0,0,0,31,1,0.0,1,81.15,2640.55,2.0,85.17903225806452,0,4,0.0,1.0,1.0,0.0,0.0,0.0,0.0,1.0,0.0,0.0,0.0,0.0,0.0,0.0,0.0,0.0,0.0,1.0,0.0,0,1,0.718,High
1,1,0,0,38,1,0.0,0,94.75,3653.0,2.0,96.13157894736842,0,5,0.0,1.0,1.0,0.0,0.0,0.0,0.0,0.0,0.0,0.0,0.0,0.0,0.0,1.0,0.0,1.0,0.0,1.0,0.0,0,1,0.662,High
0,0,0,0,24,1,0.0,1,84.35,1938.05,1.0,80.75208333333333,1,5,0.0,1.0,1.0,0.0,0.0,1.0,0.0,0.0,0.0,0.0,0.0,1.0,0.0,0.0,0.0,0.0,0.0,1.0,0.0,0,1,0.605,High
0,0,0,0,28,1,0.0,1,59.55,1646.45,2.0,58.801785714285714,1,4,0.0,0.0,0.0,0.0,0.0,0.0,0.0,0.0,0.0,1.0,0.0,0.0,0.0,1.0,0.0,0.0,0.0,0.0,0.0,0,0,0.278,Low
1,0,1,1,72,0,2.0,0,38.5,2763.0,3.0,38.375,1,4,1.0,0.0,0.0,0.0,0.0,1.0,0.0,1.0,0.0,1.0,0.0,0.0,0.0,0.0,0.0,0.0,1.0,0.0,0.0,0,0,0.043,Low
0,0,1,0,20,1,0.0,0,19.25,375.25,1.0,18.7625,1,1,0.0,0.0,0.0,1.0,1.0,0.0,1.0,0.0,1.0,0.0,1.0,0.0,1.0,0.0,1.0,0.0,0.0,0.0,0.0,0,0,0.153,Low
1,0,0,0,60,1,1.0,0,79.0,4801.1,3.0,80.01833333333335,0,7,0.0,0.0,0.0,0.0,0.0,1.0,0.0,0.0,0.0,1.0,0.0,1.0,0.0,1.0,0.0,1.0,0.0,0.0,1.0,0,0,0.112,Low
0,1,0,0,4,1,0.0,1,89.2,346.2,0.0,86.55,1,5,0.0,1.0,1.0,0.0,0.0,0.0,0.0,0.0,0.0,1.0,0.0,0.0,0.0,1.0,0.0,0.0,0.0,1.0,0.0,1,1,0.895,High
0,0,1,0,46,1,0.0,0,55.0,2473.95,2.0,53.78152173913043,1,4,0.0,1.0,0.0,0.0,0.0,1.0,0.0,0.0,0.0,0.0,0.0,0.0,0.0,0.0,0.0,0.0,0.0,0.0,0.0,0,0,0.142,Low
1,0,1,1,72,1,2.0,0,82.3,5815.15,3.0,80.76597222222222,1,8,0.0,1.0,0.0,0.0,0.0,1.0,0.0,1.0,0.0,1.0,0.0,1.0,0.0,1.0,0.0,0.0,0.0,0.0,0.0,0,0,0.024,Low
0,1,0,0,41,1,0.0,1,113.2,4689.5,2.0,114.3780487804878,0,8,0.0,1.0,1.0,0.0,0.0,1.0,0.0,1.0,0.0,1.0,0.0,0.0,0.0,1.0,0.0,1.0,0.0,1.0,0.0,1,0,0.458,Medium
1,1,1,0,65,1,1.0,1,100.75,6674.65,3.0,102.68692307692308,0,6,0.0,1.0,1.0,0.0,0.0,1.0,0.0,0.0,0.0,0.0,0.0,0.0,0.0,1.0,0.0,1.0,0.0,1.0,0.0,0,0,0.292,Low
1,0,1,1,43,0,0.0,0,29.3,1224.05,2.0,28.46627906976744,1,2,1.0,0.0,0.0,0.0,0.0,0.0,0.0,1.0,0.0,0.0,0.0,0.0,0.0,0.0,0.0,0.0,1.0,0.0,0.0,0,0,0.415,Medium
0,0,0,1,21,1,1.0,0,64.85,1336.8,1.0,63.65714285714286,1,5,0.0,0.0,0.0,0.0,0.0,1.0,0.0,0.0,0.0,1.0,0.0,0.0,0.0,0.0,0.0,1.0,0.0,0.0,1.0,0,0,0.114,Low
1,0,1,1,54,1,2.0,0,20.4,1090.6,3.0,20.196296296296296,1,1,0.0,0.0,0.0,1.0,1.0,0.0,1.0,0.0,1.0,0.0,1.0,0.0,1.0,0.0,1.0,0.0,1.0,0.0,0.0,0,0,0.014,Low
0,1,1,0,61,1,1.0,1,104.4,6405.0,3.0,105.0,0,7,0.0,1.0,1.0,0.0,0.0,0.0,0.0,1.0,0.0,1.0,0.0,0.0,0.0,1.0,0.0,1.0,1.0,0.0,0.0,1,0,0.36,Medium
1,0,0,0,20,0,0.0,1,55.0,1165.55,1.0,58.2775,0,6,1.0,0.0,0.0,0.0,0.0,1.0,0.0,1.0,0.0,1.0,0.0,1.0,0.0,1.0,0.0,0.0,1.0,0.0,0.0,0,0,0.347,Medium
1,0,0,0,69,1,1.0,1,105.2,7386.05,3.0,107.04420289855072,0,7,0.0,1.0,1.0,0.0,0.0,0.0,0.0,1.0,0.0,0.0,0.0,1.0,0.0,1.0,0.0,1.0,0.0,0.0,0.0,0,0,0.493,Medium
1,1,0,0,1,1,0.0,0,45.2,45.2,0.0,45.2,0,2,0.0,0.0,0.0,0.0,0.0,0.0,0.0,0.0,0.0,0.0,0.0,0.0,0.0,0.0,0.0,0.0,0.0,1.0,0.0,0,1,0.761,High
1,1,1,0,33,1,1.0,1,93.55,3055.5,2.0,92.5909090909091,1,6,0.0,0.0,1.0,0.0,0.0,1.0,0.0,1.0,0.0,0.0,0.0,1.0,0.0,0.0,0.0,1.0,0.0,1.0,0.0,0,0,0.268,Low
1,0,0,1,19,1,2.0,0,20.85,467.5,1.0,24.605263157894736,0,1,0.0,0.0,0.0,1.0,1.0,0.0,1.0,0.0,1.0,0.0,1.0,0.0,1.0,0.0,1.0,0.0,1.0,0.0,0.0,0,0,0.03,Low
1,0,0,0,2,1,0.0,0,79.0,143.65,0.0,71.825,1,3,0.0,0.0,1.0,0.0,0.0,0.0,0.0,0.0,0.0,0.0,0.0,0.0,0.0,1.0,0.0,0.0,0.0,1.0,0.0,1,1,0.771,High
0,0,1,1,13,1,0.0,1,63.15,816.8,1.0,62.83076923076923,1,5,0.0,0.0,0.0,0.0,0.0,1.0,0.0,0.0,0.0,1.0,0.0,0.0,0.0,0.0,0.0,1.0,0.0,0.0,1.0,0,0,0.262,Low
1,0,0,0,1,1,0.0,1,45.8,45.8,0.0,45.8,0,2,0.0,0.0,0.0,0.0,0.0,0.0,0.0,0.0,0.0,0.0,0.0,0.0,0.0,0.0,0.0,0.0,0.0,0.0,1.0,0,1,0.777,High
0,0,1,1,55,1,0.0,0,55.7,3131.8,3.0,56.941818181818185,0,4,0.0,0.0,0.0,0.0,0.0,1.0,0.0,1.0,0.0,0.0,0.0,0.0,0.0,0.0,0.0,0.0,0.0,1.0,0.0,0,0,0.169,Low
1,0,0,0,22,1,0.0,1,95.1,2162.6,1.0,98.3,0,5,0.0,1.0,1.0,0.0,0.0,0.0,0.0,0.0,0.0,0.0,0.0,0.0,0.0,1.0,0.0,1.0,0.0,1.0,0.0,0,1,0.822,High
1,1,1,0,27,1,0.0,1,75.5,1893.95,2.0,70.1462962962963,1,3,0.0,1.0,1.0,0.0,0.0,0.0,0.0,0.0,0.0,0.0,0.0,0.0,0.0,0.0,0.0,0.0,0.0,1.0,0.0,1,1,0.604,High
1,1,1,0,13,1,0.0,1,89.05,1169.35,1.0,89.94999999999999,0,5,0.0,0.0,1.0,0.0,0.0,0.0,0.0,1.0,0.0,0.0,0.0,1.0,0.0,0.0,0.0,1.0,0.0,0.0,0.0,1,1,0.707,High
1,0,1,1,26,1,1.0,0,50.35,1285.8,2.0,49.45384615384615,1,3,0.0,0.0,0.0,0.0,0.0,0.0,0.0,0.0,0.0,1.0,0.0,0.0,0.0,0.0,0.0,0.0,0.0,0.0,1.0,0,0,0.123,Low
1,0,1,1,35,1,2.0,0,20.1,655.3,2.0,18.72285714285714,1,1,0.0,0.0,0.0,1.0,1.0,0.0,1.0,0.0,1.0,0.0,1.0,0.0,1.0,0.0,1.0,0.0,0.0,0.0,1.0,0,0,0.005,Low
0,1,0,0,56,1,0.0,0,104.75,5841.35,3.0,104.30982142857144,1,7,0.0,1.0,1.0,0.0,0.0,0.0,0.0,1.0,0.0,1.0,0.0,0.0,0.0,1.0,0.0,1.0,0.0,1.0,0.0,0,1,0.526,Medium
1,0,0,0,1,1,0.0,1,95.45,95.45,0.0,95.45,0,5,0.0,1.0,1.0,0.0,0.0,0.0,0.0,0.0,0.0,0.0,0.0,0.0,0.0,1.0,0.0,1.0,0.0,1.0,0.0,1,1,0.941,High
1,1,1,0,1,1,0.0,0,74.3,74.3,0.0,74.3,0,3,0.0,1.0,1.0,0.0,0.0,0.0,0.0,0.0,0.0,0.0,0.0,0.0,0.0,0.0,0.0,0.0,0.0,1.0,0.0,0,1,0.851,High
1,0,0,0,23,1,0.0,1,90.6,1943.2,1.0,84.48695652173913,1,5,0.0,1.0,1.0,0.0,0.0,0.0,0.0,0.0,0.0,0.0,0.0,1.0,0.0,1.0,0.0,0.0,0.0,1.0,0.0,1,1,0.751,High
0,0,0,0,7,1,0.0,0,75.45,480.75,0.0,68.67857142857143,1,3,0.0,1.0,1.0,0.0,0.0,0.0,0.0,0.0,0.0,0.0,0.0,0.0,0.0,0.0,0.0,0.0,0.0,0.0,1.0,1,1,0.689,High
1,0,1,0,22,1,0.0,1,104.6,2180.55,1.0,99.1159090909091,1,7,0.0,0.0,1.0,0.0,0.0,1.0,0.0,1.0,0.0,0.0,0.0,1.0,0.0,1.0,0.0,1.0,0.0,1.0,0.0,0,1,0.685,High
1,0,1,0,56,1,2.0,0,59.5,3389.25,3.0,60.52232142857143,0,5,0.0,1.0,0.0,0.0,0.0,0.0,0.0,1.0,0.0,1.0,0.0,0.0,0.0,0.0,0.0,0.0,1.0,0.0,0.0,0,0,0.057,Low
1,0,1,0,71,1,2.0,1,82.55,5832.65,3.0,82.14999999999999,1,7,0.0,0.0,0.0,0.0,0.0,1.0,0.0,0.0,0.0,1.0,0.0,1.0,0.0,1.0,0.0,1.0,0.0,1.0,0.0,0,0,0.075,Low
1,0,1,1,59,1,2.0,0,19.85,1188.25,3.0,20.139830508474574,0,1,0.0,0.0,0.0,1.0,1.0,0.0,1.0,0.0,1.0,0.0,1.0,0.0,1.0,0.0,1.0,0.0,0.0,0.0,1.0,0,0,0.01,Low
0,0,0,0,18,1,0.0,1,96.05,1740.7,1.0,96.70555555555556,0,5,0.0,0.0,1.0,0.0,0.0,1.0,0.0,0.0,0.0,0.0,0.0,0.0,0.0,1.0,0.0,1.0,0.0,1.0,0.0,1,1,0.757,High
1,0,1,0,60,1,2.0,1,61.35,3766.2,3.0,62.77,0,5,0.0,0.0,0.0,0.0,0.0,1.0,0.0,1.0,0.0,0.0,0.0,1.0,0.0,0.0,0.0,0.0,0.0,0.0,1.0,0,0,0.018,Low
0,0,0,0,8,1,0.0,0,44.45,369.3,0.0,46.1625,0,2,0.0,0.0,0.0,0.0,0.0,0.0,0.0,0.0,0.0,0.0,0.0,0.0,0.0,0.0,0.0,0.0,0.0,0.0,1.0,0,0,0.463,Medium
1,0,0,0,1,1,0.0,1,19.75,19.75,0.0,19.75,0,1,0.0,0.0,0.0,1.0,1.0,0.0,1.0,0.0,1.0,0.0,1.0,0.0,1.0,0.0,1.0,0.0,1.0,0.0,0.0,0,0,0.281,Low
0,1,1,0,1,1,0.0,1,70.45,70.45,0.0,70.45,0,2,0.0,0.0,1.0,0.0,0.0,0.0,0.0,0.0,0.0,0.0,0.0,0.0,0.0,0.0,0.0,0.0,0.0,0.0,1.0,1,1,0.851,High
0,0,1,1,28,1,1.0,1,82.85,2320.8,2.0,82.88571428571429,0,4,0.0,0.0,1.0,0.0,0.0,1.0,0.0,0.0,0.0,0.0,0.0,0.0,0.0,0.0,0.0,1.0,0.0,0.0,0.0,0,0,0.285,Low
1,0,0,0,18,1,0.0,0,74.15,1387.0,1.0,77.05555555555556,0,3,0.0,1.0,1.0,0.0,0.0,0.0,0.0,0.0,0.0,0.0,0.0,0.0,0.0,0.0,0.0,0.0,0.0,0.0,1.0,0,0,0.473,Medium
1,0,0,0,24,1,0.0,1,90.35,2238.5,1.0,93.27083333333331,0,4,0.0,0.0,1.0,0.0,0.0,0.0,0.0,0.0,0.0,0.0,0.0,0.0,0.0,1.0,0.0,1.0,0.0,1.0,0.0,1,1,0.696,High
0,0,1,1,68,0,2.0,0,60.3,4109.0,3.0,60.4264705882353,0,6,1.0,0.0,0.0,0.0,0.0,0.0,0.0,1.0,0.0,1.0,0.0,1.0,0.0,1.0,0.0,1.0,1.0,0.0,0.0,0,0,0.013,Low
1,0,1,1,71,1,1.0,1,104.65,7288.4,3.0,102.65352112676057,1,7,0.0,0.0,1.0,0.0,0.0,1.0,0.0,1.0,0.0,1.0,0.0,0.0,0.0,1.0,0.0,1.0,0.0,0.0,0.0,0,0,0.174,Low
1,0,1,1,64,1,2.0,1,19.7,1274.05,3.0,19.90703125,0,1,0.0,0.0,0.0,1.0,1.0,0.0,1.0,0.0,1.0,0.0,1.0,0.0,1.0,0.0,1.0,0.0,0.0,0.0,0.0,0,0,0.024,Low
0,0,1,0,72,1,2.0,1,110.75,7751.7,3.0,107.6625,1,8,0.0,1.0,1.0,0.0,0.0,1.0,0.0,1.0,0.0,1.0,0.0,0.0,0.0,1.0,0.0,1.0,0.0,1.0,0.0,0,0,0.107,Low
0,1,0,0,69,1,2.0,0,110.25,7467.55,3.0,108.22536231884058,1,8,0.0,1.0,1.0,0.0,0.0,1.0,0.0,0.0,0.0,1.0,0.0,1.0,0.0,1.0,0.0,1.0,1.0,0.0,0.0,0,0,0.199,Low
0,0,0,0,67,0,0.0,1,53.4,3579.15,3.0,53.42014925373135,0,5,1.0,0.0,0.0,0.0,0.0,0.0,0.0,0.0,0.0,1.0,0.0,1.0,0.0,1.0,0.0,1.0,1.0,0.0,0.0,0,0,0.145,Low
0,1,0,0,20,1,0.0,0,80.7,1614.2,1.0,80.71000000000001,0,3,0.0,0.0,1.0,0.0,0.0,0.0,0.0,0.0,0.0,0.0,0.0,0.0,0.0,1.0,0.0,0.0,0.0,0.0,0.0,0,0,0.472,Medium
0,0,1,1,25,1,2.0,1,18.7,383.65,2.0,15.345999999999998,1,1,0.0,0.0,0.0,1.0,1.0,0.0,1.0,0.0,1.0,0.0,1.0,0.0,1.0,0.0,1.0,0.0,0.0,0.0,1.0,0,0,0.045,Low
0,0,0,0,50,1,2.0,1,89.7,4304.5,3.0,86.09,1,5,0.0,0.0,1.0,0.0,0.0,0.0,0.0,0.0,0.0,1.0,0.0,1.0,0.0,0.0,0.0,1.0,0.0,0.0,0.0,0,0,0.127,Low
0,0,1,1,6,1,0.0,1,48.95,273.25,0.0,45.54166666666666,1,3,0.0,1.0,0.0,0.0,0.0,0.0,0.0,0.0,0.0,0.0,0.0,0.0,0.0,0.0,0.0,0.0,1.0,0.0,0.0,0,1,0.546,Medium
0,0,0,1,2,1,0.0,1,19.6,35.85,0.0,17.925,1,1,0.0,0.0,0.0,1.0,1.0,0.0,1.0,0.0,1.0,0.0,1.0,0.0,1.0,0.0,1.0,0.0,0.0,1.0,0.0,1,0,0.238,Low
0,0,0,0,18,1,1.0,0,20.1,407.05,1.0,22.61388888888889,0,1,0.0,0.0,0.0,1.0,1.0,0.0,1.0,0.0,1.0,0.0,1.0,0.0,1.0,0.0,1.0,0.0,0.0,0.0,1.0,0,0,0.044,Low
0,1,0,0,2,1,0.0,1,56.55,118.25,0.0,59.125,0,4,0.0,1.0,0.0,0.0,0.0,0.0,0.0,1.0,0.0,0.0,0.0,0.0,0.0,0.0,0.0,0.0,1.0,0.0,0.0,0,1,0.596,Medium
1,0,0,0,3,0,0.0,1,40.15,130.75,0.0,43.583333333333336,0,3,1.0,0.0,0.0,0.0,0.0,0.0,0.0,0.0,0.0,1.0,0.0,0.0,0.0,1.0,0.0,0.0,0.0,0.0,1.0,1,1,0.725,High
0,0,0,1,9,1,0.0,1,69.4,571.45,0.0,63.49444444444445,1,5,0.0,0.0,0.0,0.0,0.0,0.0,0.0,0.0,0.0,0.0,0.0,1.0,0.0,1.0,0.0,1.0,1.0,0.0,0.0,0,0,0.461,Medium
1,0,0,0,1,1,0.0,1,69.9,69.9,0.0,69.9,0,2,0.0,0.0,1.0,0.0,0.0,0.0,0.0,0.0,0.0,0.0,0.0,0.0,0.0,0.0,0.0,0.0,0.0,1.0,0.0,1,1,0.939,High
0,0,0,0,70,1,2.0,1,113.65,7939.25,3.0,113.41785714285714,1,9,0.0,1.0,1.0,0.0,0.0,1.0,0.0,1.0,0.0,1.0,0.0,1.0,0.0,1.0,0.0,1.0,0.0,0.0,0.0,0,0,0.128,Low
0,0,0,0,46,1,0.0,0,96.05,4399.5,2.0,95.6413043478261,1,5,0.0,1.0,1.0,0.0,0.0,0.0,0.0,0.0,0.0,0.0,0.0,0.0,0.0,1.0,0.0,1.0,0.0,0.0,0.0,1,1,0.552,Medium
0,0,0,0,15,1,0.0,1,48.8,720.1,1.0,48.00666666666667,1,3,0.0,1.0,0.0,0.0,0.0,0.0,0.0,0.0,0.0,0.0,0.0,0.0,0.0,0.0,0.0,0.0,0.0,0.0,1.0,0,0,0.396,Medium
0,0,0,0,53,1,2.0,0,19.85,1049.6,3.0,19.80377358490566,1,1,0.0,0.0,0.0,1.0,1.0,0.0,1.0,0.0,1.0,0.0,1.0,0.0,1.0,0.0,1.0,0.0,1.0,0.0,0.0,0,0,0.035,Low
0,0,0,0,1,1,0.0,1,55.4,55.4,0.0,55.4,0,3,0.0,0.0,0.0,0.0,0.0,0.0,0.0,0.0,0.0,0.0,0.0,0.0,0.0,0.0,0.0,1.0,0.0,1.0,0.0,1,1,0.742,High
0,0,0,0,29,1,0.0,0,19.35,601.6,2.0,20.7448275862069,0,1,0.0,0.0,0.0,1.0,1.0,0.0,1.0,0.0,1.0,0.0,1.0,0.0,1.0,0.0,1.0,0.0,1.0,0.0,0.0,0,0,0.095,Low
0,0,0,0,1,1,0.0,1,77.15,77.15,0.0,77.15,0,3,0.0,1.0,1.0,0.0,0.0,0.0,0.0,0.0,0.0,0.0,0.0,0.0,0.0,0.0,0.0,0.0,0.0,1.0,0.0,1,1,0.934,High
1,0,0,0,69,0,2.0,1,60.05,4176.7,3.0,60.53188405797101,0,6,1.0,0.0,0.0,0.0,0.0,1.0,0.0,1.0,0.0,0.0,0.0,1.0,0.0,1.0,0.0,1.0,0.0,0.0,0.0,0,0,0.021,Low
1,1,1,0,63,0,1.0,0,36.1,2298.9,3.0,36.490476190476194,0,3,1.0,0.0,0.0,0.0,0.0,1.0,0.0,0.0,0.0,0.0,0.0,1.0,0.0,0.0,0.0,0.0,0.0,0.0,0.0,0,0,0.092,Low
1,1,0,0,51,1,1.0,0,25.0,1260.7,3.0,24.71960784313725,1,2,0.0,1.0,0.0,1.0,1.0,0.0,1.0,0.0,1.0,0.0,1.0,0.0,1.0,0.0,1.0,0.0,0.0,0.0,0.0,0,0,0.046,Low
1,0,1,0,64,1,0.0,1,73.55,4764.0,3.0,74.4375,0,3,0.0,0.0,1.0,0.0,0.0,1.0,0.0,0.0,0.0,0.0,0.0,0.0,0.0,0.0,0.0,0.0,0.0,0.0,1.0,0,0,0.209,Low
0,0,1,1,52,1,0.0,1,84.05,4326.8,3.0,83.20769230769231,1,5,0.0,0.0,1.0,0.0,0.0,1.0,0.0,0.0,0.0,1.0,0.0,1.0,0.0,0.0,0.0,0.0,0.0,0.0,0.0,0,0,0.194,Low
1,0,1,1,70,0,2.0,0,59.5,4144.8,3.0,59.21142857142858,1,6,1.0,0.0,0.0,0.0,0.0,1.0,0.0,0.0,0.0,1.0,0.0,1.0,0.0,1.0,0.0,1.0,0.0,0.0,0.0,0,0,0.021,Low
1,0,1,1,9,1,0.0,0,54.8,452.8,0.0,50.31111111111111,1,4,0.0,0.0,0.0,0.0,0.0,0.0,0.0,1.0,0.0,0.0,0.0,1.0,0.0,0.0,0.0,0.0,0.0,0.0,1.0,0,0,0.323,Medium
0,0,0,0,3,1,0.0,0,83.75,247.25,0.0,82.41666666666667,1,4,0.0,0.0,1.0,0.0,0.0,0.0,0.0,1.0,0.0,0.0,0.0,0.0,0.0,1.0,0.0,0.0,0.0,1.0,0.0,1,1,0.753,High
1,0,1,0,70,1,2.0,1,74.8,5315.8,3.0,75.94,0,7,0.0,1.0,0.0,0.0,0.0,1.0,0.0,0.0,0.0,1.0,0.0,1.0,0.0,0.0,0.0,1.0,1.0,0.0,0.0,0,0,0.082,Low
1,0,0,0,21,1,0.0,1,84.1,1737.45,1.0,82.7357142857143,1,4,0.0,1.0,1.0,0.0,0.0,0.0,0.0,0.0,0.0,0.0,0.0,0.0,0.0,0.0,0.0,1.0,0.0,1.0,0.0,0,1,0.754,High
0,1,0,0,5,1,0.0,1,75.55,349.65,0.0,69.92999999999999,1,3,0.0,0.0,1.0,0.0,0.0,0.0,0.0,0.0,0.0,1.0,0.0,0.0,0.0,0.0,0.0,0.0,1.0,0.0,0.0,1,1,0.696,High
1,0,0,0,20,1,0.0,1,108.2,2203.7,1.0,110.185,0,8,0.0,0.0,1.0,0.0,0.0,1.0,0.0,1.0,0.0,1.0,0.0,1.0,0.0,1.0,0.0,1.0,0.0,0.0,0.0,0,1,0.515,Medium
0,1,1,0,72,1,2.0,1,109.75,8075.35,3.0,112.1576388888889,0,8,0.0,1.0,1.0,0.0,0.0,1.0,0.0,0.0,0.0,1.0,0.0,1.0,0.0,1.0,0.0,1.0,0.0,0.0,1.0,0,0,0.09,Low
1,0,1,1,72,1,2.0,0,20.3,1401.15,3.0,19.460416666666667,1,1,0.0,0.0,0.0,1.0,1.0,0.0,1.0,0.0,1.0,0.0,1.0,0.0,1.0,0.0,1.0,0.0,0.0,0.0,0.0,0,0,0.009,Low
0,1,0,0,2,1,0.0,1,70.65,142.35,0.0,71.175,0,2,0.0,0.0,1.0,0.0,0.0,0.0,0.0,0.0,0.0,0.0,0.0,0.0,0.0,0.0,0.0,0.0,0.0,1.0,0.0,1,1,0.823,High
0,0,1,1,23,1,0.0,1,75.3,1702.9,1.0,74.0391304347826,1,3,0.0,0.0,1.0,0.0,0.0,0.0,0.0,0.0,0.0,1.0,0.0,0.0,0.0,0.0,0.0,0.0,1.0,0.0,0.0,0,0,0.492,Medium
0,0,0,0,4,1,0.0,0,20.95,85.5,0.0,21.375,0,1,0.0,0.0,0.0,1.0,1.0,0.0,1.0,0.0,1.0,0.0,1.0,0.0,1.0,0.0,1.0,0.0,0.0,0.0,0.0,1,0,0.203,Low
1,0,0,0,32,1,0.0,1,80.35,2596.15,2.0,81.1296875,0,4,0.0,1.0,1.0,0.0,0.0,0.0,0.0,1.0,0.0,0.0,0.0,0.0,0.0,0.0,0.0,0.0,0.0,0.0,0.0,1,1,0.592,Medium
0,0,0,0,36,1,1.0,1,89.65,3348.1,2.0,93.00277777777778,0,8,0.0,1.0,0.0,0.0,0.0,1.0,0.0,0.0,0.0,1.0,0.0,1.0,0.0,1.0,0.0,1.0,1.0,0.0,0.0,0,0,0.126,Low
1,0,0,0,24,1,0.0,1,49.7,1218.25,1.0,50.76041666666666,0,3,0.0,0.0,0.0,0.0,0.0,0.0,0.0,1.0,0.0,0.0,0.0,0.0,0.0,0.0,0.0,0.0,0.0,0.0,1.0,0,0,0.29,Low
1,0,0,0,6,1,0.0,1,49.5,312.7,0.0,52.11666666666667,0,3,0.0,0.0,0.0,0.0,0.0,0.0,0.0,0.0,0.0,0.0,0.0,1.0,0.0,0.0,0.0,0.0,1.0,0.0,0.0,0,0,0.481,Medium
1,0,1,1,23,1,2.0,0,59.7,1414.2,1.0,61.48695652173913,0,5,0.0,1.0,0.0,0.0,0.0,0.0,0.0,1.0,0.0,0.0,0.0,1.0,0.0,0.0,0.0,0.0,0.0,0.0,1.0,0,0,0.085,Low
0,0,1,1,48,1,2.0,0,20.65,1057.0,2.0,22.02083333333333,0,1,0.0,0.0,0.0,1.0,1.0,0.0,1.0,0.0,1.0,0.0,1.0,0.0,1.0,0.0,1.0,0.0,0.0,0.0,0.0,0,0,0.016,Low
0,0,0,0,28,1,0.0,1,54.9,1505.15,2.0,53.75535714285714,1,4,0.0,1.0,0.0,0.0,0.0,0.0,0.0,0.0,0.0,0.0,0.0,1.0,0.0,0.0,0.0,0.0,1.0,0.0,0.0,0,0,0.185,Low
1,1,0,0,52,0,0.0,1,49.15,2550.9,3.0,49.05576923076923,1,4,1.0,0.0,0.0,0.0,0.0,0.0,0.0,1.0,0.0,0.0,0.0,0.0,0.0,1.0,0.0,1.0,0.0,1.0,0.0,1,0,0.487,Medium
0,0,0,0,3,1,0.0,1,74.95,212.4,0.0,70.8,1,3,0.0,1.0,1.0,0.0,0.0,0.0,0.0,0.0,0.0,0.0,0.0,0.0,0.0,0.0,0.0,0.0,0.0,1.0,0.0,0,1,0.842,High
0,0,0,0,2,1,0.0,0,80.55,184.1,0.0,92.05,0,3,0.0,0.0,1.0,0.0,0.0,0.0,0.0,0.0,0.0,0.0,0.0,0.0,0.0,0.0,0.0,1.0,0.0,1.0,0.0,1,1,0.842,High
1,0,0,0,4,1,1.0,0,19.95,68.2,0.0,17.05,1,1,0.0,0.0,0.0,1.0,1.0,0.0,1.0,0.0,1.0,0.0,1.0,0.0,1.0,0.0,1.0,0.0,0.0,0.0,1.0,0,0,0.029,Low
1,0,0,0,5,1,0.0,1,69.7,316.9,0.0,63.38,1,2,0.0,0.0,1.0,0.0,0.0,0.0,0.0,0.0,0.0,0.0,0.0,0.0,0.0,0.0,0.0,0.0,0.0,1.0,0.0,1,1,0.753,High
0,1,0,0,1,1,0.0,1,69.6,69.6,0.0,69.6,0,2,0.0,0.0,1.0,0.0,0.0,0.0,0.0,0.0,0.0,0.0,0.0,0.0,0.0,0.0,0.0,0.0,0.0,1.0,0.0,1,1,0.946,High
1,0,1,1,66,1,2.0,1,19.75,1344.5,3.0,20.37121212121212,0,1,0.0,0.0,0.0,1.0,1.0,0.0,1.0,0.0,1.0,0.0,1.0,0.0,1.0,0.0,1.0,0.0,0.0,0.0,1.0,0,0,0.015,Low
0,0,1,0,52,1,0.0,1,102.7,5138.1,3.0,98.8096153846154,1,7,0.0,1.0,1.0,0.0,0.0,0.0,0.0,1.0,0.0,0.0,0.0,1.0,0.0,1.0,0.0,1.0,1.0,0.0,0.0,0,0,0.488,Medium
0,0,0,0,1,0,0.0,0,24.6,24.6,0.0,24.6,0,1,1.0,0.0,0.0,0.0,0.0,0.0,0.0,0.0,0.0,0.0,0.0,0.0,0.0,0.0,0.0,0.0,0.0,1.0,0.0,1,1,0.646,High
1,0,0,0,35,1,1.0,1,89.2,3251.3,2.0,92.89428571428572,0,5,0.0,0.0,1.0,0.0,0.0,1.0,0.0,0.0,0.0,0.0,0.0,1.0,0.0,0.0,0.0,1.0,0.0,1.0,0.0,0,0,0.263,Low
1,0,1,0,3,1,0.0,1,55.8,154.55,0.0,51.51666666666667,1,4,0.0,0.0,0.0,0.0,0.0,0.0,0.0,0.0,0.0,1.0,0.0,1.0,0.0,0.0,0.0,0.0,0.0,0.0,1.0,0,1,0.523,Medium
0,1,0,0,66,1,1.0,1,102.85,6976.75,3.0,105.70833333333331,0,7,0.0,1.0,1.0,0.0,0.0,0.0,0.0,0.0,0.0,1.0,0.0,1.0,0.0,1.0,0.0,1.0,1.0,0.0,0.0,0,0,0.453,Medium
0,0,0,0,59,1,1.0,0,68.7,4070.95,3.0,68.99915254237288,0,6,0.0,1.0,0.0,0.0,0.0,1.0,0.0,0.0,0.0,0.0,0.0,1.0,0.0,0.0,0.0,1.0,0.0,0.0,0.0,0,0,0.053,Low
1,0,1,1,52,1,2.0,0,25.75,1345.85,3.0,25.881730769230767,0,2,0.0,1.0,0.0,1.0,1.0,0.0,1.0,0.0,1.0,0.0,1.0,0.0,1.0,0.0,1.0,0.0,0.0,0.0,1.0,0,0,0.009,Low
0,0,0,0,8,1,0.0,1,73.5,632.2,0.0,79.025,0,3,0.0,1.0,1.0,0.0,0.0,0.0,0.0,0.0,0.0,0.0,0.0,0.0,0.0,0.0,0.0,0.0,0.0,1.0,0.0,0,1,0.817,High
0,0,0,0,5,1,0.0,1,53.8,283.95,0.0,56.79,0,4,0.0,1.0,0.0,0.0,0.0,1.0,0.0,0.0,0.0,0.0,0.0,0.0,0.0,0.0,0.0,0.0,0.0,1.0,0.0,0,0,0.49,Medium
1,0,0,0,4,0,0.0,1,44.55,174.3,0.0,43.575,1,3,1.0,0.0,0.0,0.0,0.0,0.0,0.0,0.0,0.0,0.0,0.0,0.0,0.0,1.0,0.0,1.0,0.0,1.0,0.0,1,1,0.784,High
1,0,1,1,50,1,2.0,1,70.5,3486.65,3.0,69.733,1,6,0.0,1.0,0.0,0.0,0.0,1.0,0.0,0.0,0.0,0.0,0.0,1.0,0.0,1.0,0.0,0.0,1.0,0.0,0.0,0,0,0.074,Low
1,0,1,1,62,1,2.0,0,108.15,6825.65,3.0,110.09112903225804,0,8,0.0,0.0,1.0,0.0,0.0,1.0,0.0,1.0,0.0,1.0,0.0,1.0,0.0,1.0,0.0,1.0,0.0,0.0,1.0,0,0,0.22,Low
0,0,0,0,61,1,1.0,0,19.45,1336.35,3.0,21.90737704918033,0,1,0.0,0.0,0.0,1.0,1.0,0.0,1.0,0.0,1.0,0.0,1.0,0.0,1.0,0.0,1.0,0.0,0.0,0.0,0.0,0,0,0.039,Low
1,0,1,1,55,1,0.0,0,85.5,4713.4,3.0,85.69818181818181,0,4,0.0,1.0,1.0,0.0,0.0,0.0,0.0,0.0,0.0,0.0,0.0,0.0,0.0,0.0,0.0,1.0,0.0,0.0,0.0,0,0,0.387,Medium
1,0,0,0,5,1,0.0,0,20.05,95.55,0.0,19.11,1,1,0.0,0.0,0.0,1.0,1.0,0.0,1.0,0.0,1.0,0.0,1.0,0.0,1.0,0.0,1.0,0.0,1.0,0.0,0.0,0,0,0.158,Low
0,0,1,1,35,1,1.0,1,54.95,1916.0,2.0,54.74285714285714,1,4,0.0,0.0,0.0,0.0,0.0,1.0,0.0,0.0,0.0,0.0,0.0,1.0,0.0,0.0,0.0,0.0,0.0,0.0,0.0,0,0,0.065,Low
1,0,0,1,22,1,0.0,1,89.1,1949.4,1.0,88.60909090909091,1,5,0.0,1.0,1.0,0.0,0.0,0.0,0.0,1.0,0.0,0.0,0.0,0.0,0.0,1.0,0.0,0.0,1.0,0.0,0.0,0,1,0.603,High
1,0,0,0,57,0,2.0,0,53.35,3090.05,3.0,54.21140350877193,0,5,1.0,0.0,0.0,0.0,0.0,0.0,0.0,0.0,0.0,1.0,0.0,1.0,0.0,1.0,0.0,1.0,1.0,0.0,0.0,0,0,0.072,Low
1,1,1,0,57,1,0.0,1,95.25,5427.05,3.0,95.21140350877194,1,6,0.0,1.0,1.0,0.0,0.0,0.0,0.0,1.0,0.0,1.0,0.0,0.0,0.0,0.0,0.0,1.0,0.0,0.0,0.0,1,0,0.422,Medium
0,0,1,0,64,1,2.0,0,19.45,1225.65,3.0,19.15078125,1,1,0.0,0.0,0.0,1.0,1.0,0.0,1.0,0.0,1.0,0.0,1.0,0.0,1.0,0.0,1.0,0.0,1.0,0.0,0.0,0,0,0.008,Low
0,0,0,0,26,1,1.0,1,95.85,2475.35,2.0,95.20576923076922,1,6,0.0,0.0,1.0,0.0,0.0,1.0,0.0,0.0,0.0,1.0,0.0,1.0,0.0,0.0,0.0,1.0,0.0,0.0,0.0,0,0,0.272,Low
0,1,1,0,39,1,1.0,0,99.1,3877.95,2.0,99.43461538461538,0,6,0.0,0.0,1.0,0.0,0.0,1.0,0.0,1.0,0.0,0.0,0.0,0.0,0.0,1.0,0.0,1.0,0.0,0.0,1.0,0,0,0.291,Low
0,0,1,0,19,1,0.0,1,59.8,1130.85,1.0,59.51842105263157,1,4,0.0,0.0,0.0,0.0,0.0,0.0,0.0,1.0,0.0,0.0,0.0,0.0,0.0,0.0,0.0,1.0,0.0,0.0,1.0,0,0,0.378,Medium
1,0,1,0,31,1,0.0,0,93.8,3019.5,2.0,97.40322580645162,0,6,0.0,1.0,1.0,0.0,0.0,0.0,0.0,1.0,0.0,1.0,0.0,0.0,0.0,1.0,0.0,0.0,0.0,1.0,0.0,1,1,0.561,Medium
0,0,1,1,6,1,0.0,0,19.85,119.3,0.0,19.883333333333333,0,1,0.0,0.0,0.0,1.0,1.0,0.0,1.0,0.0,1.0,0.0,1.0,0.0,1.0,0.0,1.0,0.0,0.0,0.0,1.0,0,0,0.18,Low
1,0,0,0,52,1,2.0,1,89.45,4577.75,3.0,88.03365384615384,1,5,0.0,1.0,1.0,0.0,0.0,0.0,0.0,0.0,0.0,1.0,0.0,0.0,0.0,0.0,0.0,1.0,1.0,0.0,0.0,0,0,0.18,Low
1,0,1,1,53,1,0.0,0,85.7,4616.1,3.0,87.09622641509435,0,8,0.0,1.0,0.0,0.0,0.0,1.0,0.0,0.0,0.0,1.0,0.0,1.0,0.0,1.0,0.0,1.0,0.0,1.0,0.0,0,0,0.213,Low
0,1,0,0,56,1,1.0,1,111.95,6418.9,3.0,114.62321428571428,0,8,0.0,1.0,1.0,0.0,0.0,0.0,0.0,1.0,0.0,1.0,0.0,1.0,0.0,1.0,0.0,1.0,0.0,1.0,0.0,1,0,0.353,Medium
1,0,1,1,56,1,2.0,1,75.85,4261.2,3.0,76.09285714285714,0,7,0.0,1.0,0.0,0.0,0.0,1.0,0.0,1.0,0.0,0.0,0.0,1.0,0.0,0.0,0.0,1.0,1.0,0.0,0.0,0,0,0.062,Low
1,0,1,1,49,1,0.0,1,99.8,4872.45,3.0,99.4377551020408,1,6,0.0,1.0,1.0,0.0,0.0,0.0,0.0,0.0,0.0,1.0,0.0,0.0,0.0,1.0,0.0,1.0,0.0,1.0,0.0,1,1,0.695,High
1,0,0,1,39,1,2.0,0,25.0,1004.35,2.0,25.752564102564104,0,2,0.0,1.0,0.0,1.0,1.0,0.0,1.0,0.0,1.0,0.0,1.0,0.0,1.0,0.0,1.0,0.0,0.0,0.0,1.0,0,0,0.013,Low
0,0,1,1,61,1,0.0,1,99.15,6010.05,3.0,98.52540983606558,1,6,0.0,1.0,1.0,0.0,0.0,0.0,0.0,1.0,0.0,0.0,0.0,0.0,0.0,1.0,0.0,1.0,0.0,1.0,0.0,1,1,0.518,Medium
0,0,1,0,43,0,0.0,0,34.0,1505.35,2.0,35.00813953488372,0,3,1.0,0.0,0.0,0.0,0.0,1.0,0.0,0.0,0.0,0.0,0.0,1.0,0.0,0.0,0.0,0.0,0.0,0.0,0.0,0,0,0.231,Low
0,0,0,0,5,1,1.0,0,19.55,99.6,0.0,19.92,0,1,0.0,0.0,0.0,1.0,1.0,0.0,1.0,0.0,1.0,0.0,1.0,0.0,1.0,0.0,1.0,0.0,0.0,1.0,0.0,0,0,0.081,Low
0,0,0,0,11,1,0.0,0,20.3,246.3,0.0,22.39090909090909,0,1,0.0,0.0,0.0,1.0,1.0,0.0,1.0,0.0,1.0,0.0,1.0,0.0,1.0,0.0,1.0,0.0,0.0,0.0,0.0,0,0,0.22,Low
1,0,0,0,2,1,0.0,0,24.85,62.0,0.0,31.0,0,2,0.0,1.0,0.0,1.0,1.0,0.0,1.0,0.0,1.0,0.0,1.0,0.0,1.0,0.0,1.0,0.0,0.0,0.0,1.0,0,0,0.116,Low
0,0,0,0,13,1,0.0,1,96.65,1244.5,1.0,95.73076923076924,1,6,0.0,1.0,1.0,0.0,0.0,1.0,0.0,1.0,0.0,0.0,0.0,0.0,0.0,1.0,0.0,0.0,0.0,1.0,0.0,1,1,0.784,High
1,0,1,1,72,1,2.0,0,81.0,5750.0,3.0,79.86111111111111,1,8,0.0,1.0,0.0,0.0,0.0,1.0,0.0,1.0,0.0,1.0,0.0,1.0,0.0,0.0,0.0,1.0,1.0,0.0,0.0,0,0,0.043,Low
0,1,0,0,46,1,1.0,1,69.1,3255.35,2.0,70.76847826086956,0,6,0.0,1.0,0.0,0.0,0.0,0.0,0.0,0.0,0.0,1.0,0.0,1.0,0.0,0.0,0.0,1.0,1.0,0.0,0.0,0,0,0.153,Low
1,0,1,0,71,1,2.0,1,108.55,7616.0,3.0,107.26760563380282,1,8,0.0,1.0,1.0,0.0,0.0,1.0,0.0,0.0,0.0,1.0,0.0,1.0,0.0,1.0,0.0,1.0,1.0,0.0,0.0,0,0,0.307,Medium
0,0,0,0,36,1,0.0,1,87.55,3078.1,2.0,85.50277777777778,1,5,0.0,0.0,1.0,0.0,0.0,0.0,0.0,0.0,0.0,1.0,0.0,1.0,0.0,0.0,0.0,1.0,0.0,1.0,0.0,1,1,0.516,Medium
1,0,1,0,64,1,1.0,1,108.5,6880.85,3.0,107.51328125,1,8,0.0,1.0,1.0,0.0,0.0,1.0,0.0,0.0,0.0,1.0,0.0,1.0,0.0,1.0,0.0,1.0,0.0,0.0,1.0,0,0,0.322,Medium
0,0,0,0,1,1,0.0,0,75.3,75.3,0.0,75.3,0,3,0.0,0.0,1.0,0.0,0.0,1.0,0.0,0.0,0.0,0.0,0.0,0.0,0.0,0.0,0.0,0.0,0.0,0.0,1.0,1,1,0.695,High
0,0,1,0,15,1,0.0,1,84.3,1308.4,1.0,87.22666666666667,0,4,0.0,0.0,1.0,0.0,0.0,0.0,0.0,0.0,0.0,1.0,0.0,0.0,0.0,1.0,0.0,0.0,0.0,1.0,0.0,1,1,0.735,High
1,0,1,0,36,1,1.0,0,20.0,666.75,2.0,18.52083333333333,1,1,0.0,0.0,0.0,1.0,1.0,0.0,1.0,0.0,1.0,0.0,1.0,0.0,1.0,0.0,1.0,0.0,0.0,0.0,1.0,0,0,0.007,Low
0,0,1,1,6,0,2.0,0,40.55,217.5,0.0,36.25,1,4,1.0,0.0,0.0,0.0,0.0,0.0,0.0,1.0,0.0,1.0,0.0,1.0,0.0,0.0,0.0,0.0,0.0,0.0,1.0,0,0,0.153,Low
1,0,1,0,30,1,0.0,1,50.0,1474.9,2.0,49.16333333333333,1,3,0.0,0.0,0.0,0.0,0.0,0.0,0.0,0.0,0.0,1.0,0.0,0.0,0.0,0.0,0.0,0.0,0.0,0.0,1.0,0,0,0.159,Low
1,0,0,0,1,1,0.0,1,59.85,59.85,0.0,59.85,0,4,0.0,1.0,0.0,0.0,0.0,0.0,0.0,0.0,0.0,0.0,0.0,0.0,0.0,1.0,0.0,0.0,0.0,1.0,0.0,1,1,0.668,High
1,0,0,0,13,1,0.0,1,80.85,1008.7,1.0,77.5923076923077,1,3,0.0,0.0,1.0,0.0,0.0,0.0,0.0,0.0,0.0,0.0,0.0,0.0,0.0,0.0,0.0,1.0,0.0,1.0,0.0,1,1,0.702,High
1,0,1,1,61,1,1.0,0,20.4,1226.45,3.0,20.105737704918035,1,1,0.0,0.0,0.0,1.0,1.0,0.0,1.0,0.0,1.0,0.0,1.0,0.0,1.0,0.0,1.0,0.0,0.0,0.0,1.0,0,0,0.013,Low
1,0,1,1,72,1,2.0,1,107.7,7919.8,3.0,109.99722222222222,0,8,0.0,1.0,1.0,0.0,0.0,1.0,0.0,1.0,0.0,0.0,0.0,1.0,0.0,1.0,0.0,1.0,1.0,0.0,0.0,0,0,0.068,Low
0,0,1,1,67,1,2.0,0,74.0,4868.4,3.0,72.66268656716417,1,7,0.0,1.0,0.0,0.0,0.0,1.0,0.0,1.0,0.0,0.0,0.0,1.0,0.0,1.0,0.0,0.0,1.0,0.0,0.0,0,0,0.093,Low
0,0,0,0,34,1,1.0,1,79.95,2727.3,2.0,80.21470588235294,0,7,0.0,0.0,0.0,0.0,0.0,1.0,0.0,0.0,0.0,1.0,0.0,1.0,0.0,1.0,0.0,1.0,0.0,0.0,0.0,0,0,0.187,Low
0,0,1,0,72,1,2.0,0,20.5,1502.25,3.0,20.86458333333333,0,1,0.0,0.0,0.0,1.0,1.0,0.0,1.0,0.0,1.0,0.0,1.0,0.0,1.0,0.0,1.0,0.0,1.0,0.0,0.0,0,0,0.001,Low
1,0,1,0,46,1,2.0,0,65.65,3047.15,2.0,66.24239130434783,0,6,0.0,0.0,0.0,0.0,0.0,1.0,0.0,1.0,0.0,1.0,0.0,1.0,0.0,0.0,0.0,0.0,0.0,0.0,1.0,0,0,0.05,Low
0,0,0,0,7,1,0.0,1,75.1,552.95,0.0,78.99285714285715,0,3,0.0,1.0,1.0,0.0,0.0,0.0,0.0,0.0,0.0,0.0,0.0,0.0,0.0,0.0,0.0,0.0,0.0,0.0,0.0,1,1,0.825,High
0,1,0,0,7,1,0.0,0,76.45,503.6,0.0,71.94285714285715,1,3,0.0,0.0,1.0,0.0,0.0,1.0,0.0,0.0,0.0,0.0,0.0,0.0,0.0,0.0,0.0,0.0,0.0,0.0,0.0,1,1,0.585,Medium
1,0,1,0,72,1,2.0,1,67.8,4804.65,3.0,66.73124999999999,1,7,0.0,1.0,0.0,0.0,0.0,1.0,0.0,1.0,0.0,1.0,0.0,1.0,0.0,0.0,0.0,0.0,0.0,0.0,0.0,0,0,0.024,Low
0,0,1,1,32,1,0.0,1,86.1,2723.75,2.0,85.1171875,1,4,0.0,0.0,1.0,0.0,0.0,0.0,0.0,1.0,0.0,0.0,0.0,0.0,0.0,1.0,0.0,0.0,0.0,1.0,0.0,0,1,0.594,Medium
1,0,0,0,39,1,2.0,1,53.85,2200.7,2.0,56.42820512820512,0,4,0.0,1.0,0.0,0.0,0.0,0.0,0.0,0.0,0.0,0.0,0.0,1.0,0.0,0.0,0.0,0.0,1.0,0.0,0.0,0,0,0.137,Low
1,0,1,1,47,1,1.0,1,96.1,4391.45,2.0,93.43510638297872,1,6,0.0,0.0,1.0,0.0,0.0,1.0,0.0,1.0,0.0,1.0,0.0,0.0,0.0,0.0,0.0,1.0,0.0,1.0,0.0,0,0,0.256,Low
0,1,1,0,50,1,0.0,1,95.05,4888.7,3.0,97.774,0,6,0.0,1.0,1.0,0.0,0.0,0.0,0.0,1.0,0.0,1.0,0.0,0.0,0.0,1.0,0.0,0.0,0.0,1.0,0.0,1,1,0.601,High
1,0,1,1,58,1,1.0,1,19.55,1108.8,3.0,19.117241379310343,1,1,0.0,0.0,0.0,1.0,1.0,0.0,1.0,0.0,1.0,0.0,1.0,0.0,1.0,0.0,1.0,0.0,0.0,1.0,0.0,0,0,0.044,Low
0,0,0,0,41,1,0.0,1,81.3,3190.65,2.0,77.82073170731708,1,4,0.0,1.0,1.0,0.0,0.0,1.0,0.0,0.0,0.0,0.0,0.0,0.0,0.0,0.0,0.0,0.0,1.0,0.0,0.0,0,0,0.496,Medium
0,1,1,0,4,1,0.0,1,83.25,308.05,0.0,77.0125,1,4,0.0,1.0,1.0,0.0,0.0,0.0,0.0,0.0,0.0,0.0,0.0,0.0,0.0,1.0,0.0,0.0,0.0,1.0,0.0,0,1,0.878,High
0,0,1,1,32,1,0.0,0,61.4,1864.65,2.0,58.2703125,1,5,0.0,0.0,0.0,0.0,0.0,1.0,0.0,1.0,0.0,0.0,0.0,1.0,0.0,0.0,0.0,0.0,0.0,0.0,0.0,0,0,0.137,Low
1,0,0,0,1,1,0.0,0,20.75,20.75,0.0,20.75,0,1,0.0,0.0,0.0,1.0,1.0,0.0,1.0,0.0,1.0,0.0,1.0,0.0,1.0,0.0,1.0,0.0,1.0,0.0,0.0,0,0,0.184,Low
1,0,0,0,19,1,2.0,0,19.65,358.15,1.0,18.85,1,1,0.0,0.0,0.0,1.0,1.0,0.0,1.0,0.0,1.0,0.0,1.0,0.0,1.0,0.0,1.0,0.0,0.0,0.0,1.0,0,0,0.005,Low
0,1,1,0,62,1,1.0,1,104.85,6312.9,3.0,101.82096774193548,1,7,0.0,1.0,1.0,0.0,0.0,1.0,0.0,0.0,0.0,1.0,0.0,0.0,0.0,1.0,0.0,1.0,0.0,1.0,0.0,0,0,0.396,Medium
0,0,0,0,1,1,1.0,0,74.1,74.1,0.0,74.1,0,6,0.0,0.0,0.0,0.0,0.0,0.0,0.0,0.0,0.0,1.0,0.0,1.0,0.0,1.0,0.0,1.0,1.0,0.0,0.0,0,0,0.298,Low
0,0,0,0,12,1,0.0,1,61.65,713.75,0.0,59.47916666666666,1,6,0.0,1.0,0.0,0.0,0.0,1.0,0.0,0.0,0.0,1.0,0.0,1.0,0.0,0.0,0.0,0.0,0.0,0.0,1.0,1,0,0.274,Low
0,0,1,0,48,0,0.0,1,45.3,2145.0,2.0,44.6875,1,4,1.0,0.0,0.0,0.0,0.0,1.0,0.0,0.0,0.0,1.0,0.0,0.0,0.0,0.0,0.0,1.0,0.0,0.0,0.0,1,0,0.228,Low
0,0,0,1,3,1,0.0,1,64.5,177.4,0.0,59.13333333333333,1,5,0.0,0.0,0.0,0.0,0.0,1.0,0.0,0.0,0.0,0.0,0.0,1.0,0.0,0.0,0.0,1.0,0.0,0.0,0.0,0,0,0.331,Medium
0,0,1,0,40,1,0.0,1,78.85,3126.85,2.0,78.17125,1,4,0.0,1.0,1.0,0.0,0.0,0.0,0.0,0.0,0.0,0.0,0.0,1.0,0.0,0.0,0.0,0.0,1.0,0.0,0.0,0,0,0.47,Medium
1,0,0,0,19,0,0.0,1,25.15,468.35,1.0,24.65,1,1,1.0,0.0,0.0,0.0,0.0,0.0,0.0,0.0,0.0,0.0,0.0,0.0,0.0,0.0,0.0,0.0,0.0,0.0,0.0,0,0,0.362,Medium
0,0,0,0,1,1,0.0,1,70.25,70.25,0.0,70.25,0,2,0.0,0.0,1.0,0.0,0.0,0.0,0.0,0.0,0.0,0.0,0.0,0.0,0.0,0.0,0.0,0.0,0.0,1.0,0.0,1,1,0.881,High
0,0,1,1,67,1,2.0,1,24.9,1680.25,3.0,25.078358208955223,0,2,0.0,1.0,0.0,1.0,1.0,0.0,1.0,0.0,1.0,0.0,1.0,0.0,1.0,0.0,1.0,0.0,0.0,0.0,1.0,0,0,0.004,Low
0,0,1,1,16,1,0.0,0,100.7,1522.7,1.0,95.16875,1,6,0.0,0.0,1.0,0.0,0.0,1.0,0.0,0.0,0.0,1.0,0.0,0.0,0.0,1.0,0.0,1.0,0.0,0.0,0.0,0,1,0.618,High
0,0,0,0,1,1,0.0,1,19.55,19.55,0.0,19.55,0,1,0.0,0.0,0.0,1.0,1.0,0.0,1.0,0.0,1.0,0.0,1.0,0.0,1.0,0.0,1.0,0.0,0.0,0.0,1.0,0,1,0.512,Medium
0,0,0,1,21,0,2.0,0,53.15,1183.2,1.0,56.34285714285714,0,6,1.0,0.0,0.0,0.0,0.0,1.0,0.0,1.0,0.0,1.0,0.0,1.0,0.0,1.0,0.0,0.0,0.0,0.0,1.0,0,0,0.084,Low
0,1,1,1,29,0,0.0,1,35.65,1025.15,2.0,35.35,1,3,1.0,0.0,0.0,0.0,0.0,0.0,0.0,1.0,0.0,1.0,0.0,0.0,0.0,0.0,0.0,0.0,0.0,0.0,1.0,0,0,0.345,Medium
1,1,1,1,20,1,1.0,0,94.3,1818.3,1.0,90.915,1,6,0.0,0.0,1.0,0.0,0.0,1.0,0.0,0.0,0.0,1.0,0.0,1.0,0.0,0.0,0.0,1.0,1.0,0.0,0.0,0,0,0.244,Low
0,0,1,0,13,1,0.0,0,94.1,1215.6,1.0,93.5076923076923,1,6,0.0,1.0,1.0,0.0,0.0,0.0,0.0,1.0,0.0,1.0,0.0,0.0,0.0,1.0,0.0,0.0,0.0,1.0,0.0,1,1,0.692,High
1,0,1,1,9,0,0.0,1,29.95,248.95,0.0,27.66111111111111,1,2,1.0,0.0,0.0,0.0,0.0,0.0,0.0,1.0,0.0,0.0,0.0,0.0,0.0,0.0,0.0,0.0,0.0,1.0,0.0,1,1,0.553,Medium
1,0,1,0,51,1,2.0,1,83.25,4089.45,3.0,80.18529411764706,1,8,0.0,0.0,0.0,0.0,0.0,1.0,0.0,1.0,0.0,1.0,0.0,1.0,0.0,1.0,0.0,1.0,1.0,0.0,0.0,0,0,0.062,Low
1,0,1,1,60,1,0.0,1,79.05,4663.4,3.0,77.72333333333333,1,7,0.0,0.0,0.0,0.0,0.0,1.0,0.0,1.0,0.0,0.0,0.0,1.0,0.0,1.0,0.0,1.0,1.0,0.0,0.0,0,0,0.13,Low
0,1,0,0,20,1,0.0,1,79.15,1520.9,1.0,76.045,1,4,0.0,1.0,1.0,0.0,0.0,1.0,0.0,0.0,0.0,0.0,0.0,0.0,0.0,0.0,0.0,0.0,0.0,1.0,0.0,1,1,0.671,High
1,0,0,0,9,0,0.0,1,34.7,296.1,0.0,32.900000000000006,1,2,1.0,0.0,0.0,0.0,0.0,0.0,0.0,0.0,0.0,0.0,0.0,0.0,0.0,1.0,0.0,0.0,1.0,0.0,0.0,1,0,0.483,Medium
0,1,1,0,8,1,0.0,1,80.65,633.3,0.0,79.1625,1,4,0.0,1.0,1.0,0.0,0.0,0.0,0.0,1.0,0.0,0.0,0.0,0.0,0.0,0.0,0.0,0.0,1.0,0.0,0.0,1,1,0.778,High
1,0,1,0,63,1,2.0,0,79.8,5034.05,3.0,79.90555555555555,0,7,0.0,1.0,0.0,0.0,0.0,0.0,0.0,0.0,0.0,1.0,0.0,1.0,0.0,1.0,0.0,1.0,1.0,0.0,0.0,0,0,0.056,Low
0,0,1,1,10,1,1.0,1,65.9,660.05,0.0,66.005,0,5,0.0,0.0,0.0,0.0,0.0,0.0,0.0,1.0,0.0,1.0,0.0,0.0,0.0,0.0,0.0,1.0,0.0,0.0,1.0,0,0,0.283,Low
0,0,0,0,3,1,1.0,1,69.95,220.45,0.0,73.48333333333333,0,5,0.0,0.0,0.0,0.0,0.0,0.0,0.0,0.0,0.0,1.0,0.0,0.0,0.0,1.0,0.0,1.0,0.0,1.0,0.0,0,0,0.495,Medium
1,0,1,1,44,1,1.0,0,20.6,926.0,2.0,21.045454545454547,0,1,0.0,0.0,0.0,1.0,1.0,0.0,1.0,0.0,1.0,0.0,1.0,0.0,1.0,0.0,1.0,0.0,0.0,0.0,0.0,0,0,0.005,Low
1,0,1,1,8,1,0.0,1,51.3,411.6,0.0,51.45,0,3,0.0,0.0,0.0,0.0,0.0,1.0,0.0,0.0,0.0,0.0,0.0,0.0,0.0,0.0,0.0,0.0,1.0,0.0,0.0,0,0,0.344,Medium
1,0,1,1,61,1,1.0,1,106.0,6547.7,3.0,107.33934426229509,0,7,0.0,1.0,1.0,0.0,0.0,1.0,0.0,1.0,0.0,0.0,0.0,0.0,0.0,1.0,0.0,1.0,0.0,1.0,0.0,1,0,0.29,Low
0,0,1,1,43,1,0.0,1,99.3,4209.95,2.0,97.90581395348836,1,6,0.0,1.0,1.0,0.0,0.0,0.0,0.0,0.0,0.0,1.0,0.0,0.0,0.0,1.0,0.0,1.0,0.0,0.0,0.0,0,1,0.584,Medium
1,0,1,0,43,1,1.0,1,56.35,2391.15,2.0,55.608139534883726,1,3,0.0,0.0,0.0,0.0,0.0,0.0,0.0,0.0,0.0,0.0,0.0,0.0,0.0,1.0,0.0,0.0,0.0,0.0,1.0,0,0,0.199,Low
0,0,0,0,5,1,0.0,1,50.6,249.95,0.0,49.99,1,3,0.0,1.0,0.0,0.0,0.0,0.0,0.0,0.0,0.0,0.0,0.0,0.0,0.0,0.0,0.0,0.0,0.0,0.0,1.0,1,1,0.604,High
1,0,1,1,29,1,1.0,0,69.05,1958.45,2.0,67.53275862068966,1,6,0.0,1.0,0.0,0.0,0.0,1.0,0.0,0.0,0.0,0.0,0.0,1.0,0.0,1.0,0.0,0.0,0.0,0.0,0.0,0,0,0.066,Low
1,1,1,0,54,1,0.0,1,99.05,5295.7,3.0,98.06851851851852,1,6,0.0,1.0,1.0,0.0,0.0,0.0,0.0,0.0,0.0,1.0,0.0,0.0,0.0,1.0,0.0,1.0,1.0,0.0,0.0,0,1,0.6,Medium
1,0,1,0,50,1,1.0,1,98.25,4858.7,3.0,97.174,1,6,0.0,1.0,1.0,0.0,0.0,0.0,0.0,1.0,0.0,0.0,0.0,0.0,0.0,1.0,0.0,1.0,0.0,1.0,0.0,0,0,0.409,Medium
0,0,0,0,68,1,2.0,1,88.15,6148.45,3.0,90.41838235294118,0,9,0.0,1.0,0.0,0.0,0.0,1.0,0.0,1.0,0.0,1.0,0.0,1.0,0.0,1.0,0.0,1.0,0.0,1.0,0.0,0,0,0.024,Low
0,1,1,1,1,1,0.0,1,69.25,69.25,0.0,69.25,0,2,0.0,0.0,1.0,0.0,0.0,0.0,0.0,0.0,0.0,0.0,0.0,0.0,0.0,0.0,0.0,0.0,0.0,1.0,0.0,1,1,0.915,High
0,0,1,1,72,1,2.0,1,108.3,7679.65,3.0,106.66180555555556,1,8,0.0,0.0,1.0,0.0,0.0,1.0,0.0,1.0,0.0,1.0,0.0,1.0,0.0,1.0,0.0,1.0,0.0,0.0,0.0,0,0,0.104,Low
0,0,0,0,55,1,0.0,1,73.1,4144.9,3.0,75.36181818181818,0,3,0.0,1.0,1.0,0.0,0.0,0.0,0.0,0.0,0.0,0.0,0.0,0.0,0.0,0.0,0.0,0.0,0.0,1.0,0.0,0,1,0.543,Medium
1,0,0,0,3,1,0.0,1,70.3,220.4,0.0,73.46666666666667,0,2,0.0,0.0,1.0,0.0,0.0,0.0,0.0,0.0,0.0,0.0,0.0,0.0,0.0,0.0,0.0,0.0,0.0,0.0,1.0,0,1,0.738,High
1,0,0,0,1,1,0.0,0,19.05,19.05,0.0,19.05,0,1,0.0,0.0,0.0,1.0,1.0,0.0,1.0,0.0,1.0,0.0,1.0,0.0,1.0,0.0,1.0,0.0,0.0,0.0,1.0,0,0,0.248,Low
0,0,1,1,7,1,2.0,0,19.85,144.15,0.0,20.592857142857145,0,1,0.0,0.0,0.0,1.0,1.0,0.0,1.0,0.0,1.0,0.0,1.0,0.0,1.0,0.0,1.0,0.0,0.0,0.0,1.0,0,0,0.039,Low
1,1,0,0,9,1,0.0,1,84.4,732.5,0.0,81.38888888888889,1,4,0.0,1.0,1.0,0.0,0.0,0.0,0.0,0.0,0.0,0.0,0.0,0.0,0.0,0.0,0.0,1.0,1.0,0.0,0.0,1,1,0.768,High
1,0,0,0,37,0,2.0,0,35.8,1316.9,2.0,35.5918918918919,1,2,1.0,0.0,0.0,0.0,0.0,0.0,0.0,0.0,0.0,0.0,0.0,0.0,0.0,1.0,0.0,0.0,1.0,0.0,0.0,0,0,0.14,Low
1,0,1,1,62,1,2.0,0,86.1,5215.25,3.0,84.11693548387096,1,8,0.0,0.0,0.0,0.0,0.0,1.0,0.0,1.0,0.0,1.0,0.0,1.0,0.0,1.0,0.0,1.0,0.0,1.0,0.0,0,0,0.051,Low
0,0,1,1,56,1,2.0,1,61.3,3346.8,3.0,59.76428571428572,1,5,0.0,0.0,0.0,0.0,0.0,1.0,0.0,1.0,0.0,1.0,0.0,0.0,0.0,0.0,0.0,0.0,1.0,0.0,0.0,0,0,0.051,Low
0,0,1,1,27,1,2.0,0,24.5,761.95,2.0,28.22037037037037,0,2,0.0,1.0,0.0,1.0,1.0,0.0,1.0,0.0,1.0,0.0,1.0,0.0,1.0,0.0,1.0,0.0,0.0,1.0,0.0,0,0,0.115,Low
0,0,1,1,49,1,1.0,1,87.2,4345.0,3.0,88.6734693877551,0,8,0.0,0.0,0.0,0.0,0.0,1.0,0.0,1.0,0.0,1.0,0.0,1.0,0.0,1.0,0.0,1.0,0.0,0.0,1.0,0,0,0.079,Low
1,0,1,1,28,1,2.0,1,20.3,487.95,2.0,17.426785714285714,1,1,0.0,0.0,0.0,1.0,1.0,0.0,1.0,0.0,1.0,0.0,1.0,0.0,1.0,0.0,1.0,0.0,1.0,0.0,0.0,0,0,0.007,Low
1,0,0,0,5,1,0.0,0,20.65,93.55,0.0,18.71,1,1,0.0,0.0,0.0,1.0,1.0,0.0,1.0,0.0,1.0,0.0,1.0,0.0,1.0,0.0,1.0,0.0,0.0,0.0,0.0,0,0,0.118,Low
0,0,0,0,56,1,2.0,0,19.7,1051.9,3.0,18.78392857142857,1,1,0.0,0.0,0.0,1.0,1.0,0.0,1.0,0.0,1.0,0.0,1.0,0.0,1.0,0.0,1.0,0.0,0.0,0.0,0.0,0,0,0.085,Low
0,0,1,1,72,1,2.0,1,70.45,5165.7,3.0,71.74583333333334,0,7,0.0,1.0,0.0,0.0,0.0,1.0,0.0,1.0,0.0,1.0,0.0,1.0,0.0,0.0,0.0,0.0,0.0,0.0,0.0,0,0,0.045,Low
